Price,Date,Close,High,Low,Open,Volume,Returns,Log_Returns
Ticker,,AAPL,AAPL,AAPL,AAPL,AAPL,,
1,2018-01-03,40.29716491699219,40.8399839384858,40.23399478356826,40.3673575242742,118071600,-0.00017386782656791944,-0.00017388294333071501
2,2018-01-04,40.484336853027344,40.587285516147695,40.262063277732224,40.369688829071734,89738400,0.004644791672583137,0.004634037914196693
3,2018-01-05,40.94526290893555,41.031831750925626,40.48901640769327,40.58026570794173,94640000,0.011385293467484292,0.011320968790264407
4,2018-01-08,40.793174743652344,41.08797929939686,40.6949029882612,40.793174743652344,82271200,-0.0037144263946101708,-0.003721342006663285
5,2018-01-09,40.78849792480469,40.959297149866934,40.5732432755148,40.83997225073741,86336000,-0.00011464709175112997,-0.0001146536642313021
6,2018-01-10,40.77913284301758,40.781474856775525,40.47730939010454,40.514745908802524,95839600,-0.00022960104597069542,-0.00022962740832614432
7,2018-01-11,41.01077651977539,41.05991240789748,40.82593946856962,40.84933462041617,74670800,0.00568044636087639,0.005664373464206025
8,2018-01-12,41.43427658081055,41.49745028872458,41.09735489879511,41.221360299794604,101672400,0.010326555529397208,0.01027360090210875
9,2018-01-16,41.22369384765625,41.972406559387096,41.211994486349994,41.623785585266006,118263600,-0.005082331599143286,-0.005095290572899756
10,2018-01-17,41.90456008911133,41.939654606330926,40.961649311607026,41.214336975876456,137547200,0.016516381185326168,0.016381469239568618
11,2018-01-18,41.94197082519531,42.13851072790864,41.70565953747124,41.9677079808993,124773600,0.0008927605015880413,0.0008923622279557951
12,2018-01-19,41.754825592041016,42.016874224915284,41.50915321364896,41.789920116034935,129700400,-0.004462003798874292,-0.004471988249332104
13,2018-01-22,41.41320037841797,41.59569894193177,41.31961265307756,41.483392957494715,108434400,-0.00818169418214898,-0.008215347930817678
14,2018-01-23,41.42256546020508,41.98410262756551,41.37109470075366,41.48340070616833,130756400,0.00022613760109169156,0.0002261120358384819
15,2018-01-24,40.76275634765625,41.48339326253361,40.524103005097594,41.47169390424431,204420400,-0.015928736069780847,-0.01605696185896812
16,2018-01-25,40.03511428833008,40.933569619437826,39.89940953985899,40.83062094334637,166116000,-0.017850658898536653,-0.018011903675707742
17,2018-01-26,40.12868118286133,40.24332916165447,39.789421273143276,40.24332916165447,156572000,0.0023371207050237874,0.0023343938862055796
18,2018-01-29,39.2981071472168,39.81284703968927,39.089871317392465,39.81284703968927,202561600,-0.020697765567218918,-0.020914966594781724
19,2018-01-30,39.066471099853516,39.160058869410214,38.535351403750624,38.7295494172181,184192800,-0.005894330902390221,-0.0059117710365
20,2018-01-31,39.17410659790039,39.41042166661172,38.95651337201482,39.04308225928386,129915600,0.002755188657090679,0.002751400082053182
21,2018-02-01,39.25597381591797,39.452510199787405,39.0173204525661,39.113250200696385,188923200,0.0020898298679252747,0.0020876492110928485
22,2018-02-02,37.552650451660156,39.026680435753946,37.45906271971327,38.839501401717044,346375200,-0.04339016966551801,-0.04435967146166448
23,2018-02-05,36.61443328857422,38.34349348511633,36.499785241985236,37.225102915236285,290954000,-0.024984046446832386,-0.02530144549952261
24,2018-02-06,38.144596099853516,38.30603794879191,36.03182140318713,36.22601931059545,272975200,0.04179124661631173,0.040941584120793045
25,2018-02-07,37.32803726196289,38.231172856032934,37.218073276522176,38.15864182365693,206434400,-0.021406933651966553,-0.0216393854291066
26,2018-02-08,36.30088806152344,37.66963073040576,36.27281246056751,37.50350842775057,217562000,-0.02751682852304993,-0.027902508033140122
27,2018-02-09,36.744911193847656,37.09260194445449,35.295412891463684,36.89996378245455,282690400,0.012231742969254,0.012157539678821333
28,2018-02-12,38.2249641418457,38.502176211529274,37.003341181062005,37.235920143110576,243278000,0.04027912709300163,0.03948906857832158
29,2018-02-13,38.60788345336914,38.70420433662891,37.975929558630334,38.04640834113016,130196800,0.01001751918203242,0.009967676427517311
30,2018-02-14,39.3197135925293,39.35965073484387,38.26489411950926,38.30247969864652,162579600,0.018437429754985413,0.01826952107642223
31,2018-02-15,40.640010833740234,40.663501375875185,39.70265109433449,39.88824179141258,204588800,0.0335785060616971,0.03302705861103048
32,2018-02-16,40.50844955444336,41.06992836864625,40.35340050220169,40.492006533089175,160704400,-0.0032372353401945997,-0.0032424865224562538
33,2018-02-20,40.3721809387207,40.938351927509956,40.271160528345504,40.41916559216763,135722000,-0.00336395535305567,-0.003369626172023755
34,2018-02-21,40.188934326171875,40.90545828630088,40.174835705295834,40.60240425439604,149886400,-0.0045389327078210195,-0.004549264939608427
35,2018-02-22,40.524898529052734,40.86554188670463,40.3393078174054,40.36045038239673,123967600,0.008359619594642265,0.008324871494384043
36,2018-02-23,41.22965621948242,41.264893808012744,40.76919808272674,40.79973971591884,135249600,0.01739073300638716,0.017241244859429766
37,2018-02-26,42.04486846923828,42.143537339161625,41.3964715020134,41.429361125321186,152648800,0.01977247264483961,0.01957953637878045
38,2018-02-27,41.90859603881836,42.39959224122291,41.85456387295106,42.075395661320265,155712400,-0.0032411191991151833,-0.0032463830027672975
39,2018-02-28,41.84516525268555,42.43248231982833,41.828722238848975,42.112981691914705,151128400,-0.00151355073011894,-0.00151469730510424
40,2018-03-01,41.11219024658203,42.23514007054136,40.56246239161252,41.94382954630269,195208000,-0.017516360651879004,-0.017671587440349065
41,2018-03-02,41.39646530151367,41.41760785946614,40.5131379769265,40.595363815229945,153816000,0.006914617130019618,0.00689082079703716
42,2018-03-05,41.53977584838867,41.75590816450628,40.99944326574465,41.161543399007854,113605600,0.003461902986914289,0.003455924394999022
43,2018-03-06,41.504539489746094,41.87572446212703,41.377680527269256,41.79585016780086,95154000,-0.0008482558685724007,-0.0008486158411619883
44,2018-03-07,41.11924743652344,41.311889179650166,40.94070431594449,41.09810487975081,126814000,-0.009283130422826247,-0.009326487211138424
45,2018-03-08,41.567955017089844,41.61024012699742,41.128642980010106,41.22496025858815,95096400,0.010912349046734882,0.010853238996757216
46,2018-03-09,42.282135009765625,42.286834550653744,41.67367530628129,41.807585336347394,128740800,0.017181023035224063,0.017035098311604133
47,2018-03-12,42.6909065246582,42.848307080513344,42.336168279495034,42.35495927254413,128828400,0.009667712257154681,0.00962127895633683
48,2018-03-13,42.279781341552734,43.10907275407872,42.1082857615601,42.89528848118307,126774000,-0.009630275310926084,-0.009676946290168725
49,2018-03-14,41.920352935791016,42.409001275131494,41.77234785465769,42.362016616189074,117473600,-0.008501188850957297,-0.008537530065826514
50,2018-03-15,41.96967697143555,42.34321335751653,41.83342256383751,41.93443938062553,90975200,0.0011766130814805376,0.0011759214148049902
51,2018-03-16,41.821678161621094,42.080095541605395,41.72770527232746,41.969679637122375,157618800,-0.0035263271126718676,-0.0035325592594970144
52,2018-03-19,41.18267822265625,41.692469065666344,40.79739832548874,41.65723147144648,133787200,-0.015279155860159599,-0.015397084942020321
53,2018-03-20,41.168582916259766,41.53506823255151,41.09810414358075,41.168582916259766,78597600,-0.0003422629854298309,-0.0003423215707735397
54,2018-03-21,40.23591995239258,41.13333859622522,40.23356838983998,41.1215915375593,148219600,-0.022654725953630717,-0.022915287071986173
55,2018-03-22,39.66740417480469,40.567170949186654,39.60867245620693,39.93756864647452,165963200,-0.01412955832153362,-0.014230330904982862
56,2018-03-23,38.74882888793945,39.91876340626609,38.74882888793945,39.55932567120972,164115200,-0.023156929624567724,-0.023429263816782776
57,2018-03-26,40.58830642700195,40.66583270534363,39.10121927269965,39.484151124439194,150164800,0.04747182280998019,0.04637947298694593
58,2018-03-27,39.54758834838867,41.14743975601389,39.213992623887194,40.802096971098365,163690400,-0.025640835260890005,-0.025975291013140542
59,2018-03-28,39.11061477661133,39.94225770104378,38.80756076548001,39.291509426115354,166674000,-0.011049310211482144,-0.011110807259114987
60,2018-03-29,39.416015625,40.34867524643881,39.20927890749268,39.423063141760636,153594000,0.007808643513609548,0.007778313843586415
61,2018-04-02,39.15760803222656,39.68854503990623,38.638421669404664,39.1482125349196,150347200,-0.006555903448788425,-0.006577487772015446
62,2018-04-03,39.559329986572266,39.643903791381845,38.734738078203186,39.38313485861057,121112000,0.01025910351865944,0.010206836090173381
63,2018-04-04,40.3157958984375,40.40976520228885,38.70889714356491,38.734739239828905,138422000,0.01912231355086158,0.018941779962493844
64,2018-04-05,40.595359802246094,40.93130347216911,40.42621218594805,40.54367560922729,107732800,0.006934351600371924,0.006910419556089463
65,2018-04-06,39.556983947753906,40.52018187700721,39.51469525092662,40.165443625813566,140021200,-0.025578683365548915,-0.025911505588403164
66,2018-04-09,39.949317932128906,40.66349409278615,39.902333271573795,39.90938079142207,116070800,0.009918197628342673,0.009869335125917252
67,2018-04-10,40.70106506347656,40.87726015033144,40.296990710846856,40.64233336785827,113634400,0.018817521055674247,0.018642661713481647
68,2018-04-11,40.51079177856445,40.858482557401416,40.336944596796116,40.46145555647489,89726400,-0.0046748969496341886,-0.0046858584563306905
69,2018-04-12,40.91016387939453,41.11220112545618,40.65174289558331,40.73866827270133,91557200,0.009858412617879342,0.009810135499406573
70,2018-04-13,41.04876708984375,41.30953603414656,40.842033901488705,41.06051414916714,100497200,0.003387989616903786,0.0033822633102150233
71,2018-04-16,41.30485153198242,41.39177334262031,41.07227259780241,41.11925726342559,86313600,0.0062385416248478265,0.00621916248068119
72,2018-04-17,41.87335205078125,42.037800085705385,41.44343559788781,41.46223017112176,106421600,0.01376352892489252,0.013669671783730948
73,2018-04-18,41.779396057128906,42.009626983699256,41.55386825663928,41.77234853740734,83018000,-0.0022438135246111157,-0.0022463346461681776
74,2018-04-19,40.595359802246094,41.20381947450477,40.56247018711588,40.82088756751069,139235200,-0.0283401955658662,-0.028749531222530145
75,2018-04-20,38.93207931518555,40.22417703818973,38.863948518722765,40.07852353288215,261964400,-0.04097218241599421,-0.0418351976538989
76,2018-04-23,38.819305419921875,39.21398072019038,38.54913745120856,39.19283816868281,146062000,-0.002896683075945705,-0.0029008865818123232
77,2018-04-24,38.27898406982422,39.075386001140814,37.87490957405361,38.92033340945452,134768000,-0.013918882480065342,-0.014016658473439497
78,2018-04-25,38.44578552246094,38.86160713670381,38.154478462401514,38.2038111036761,113528400,0.004357520365024792,0.004348053863511453
79,2018-04-26,38.57969284057617,38.934431141828505,38.380003557038926,38.55619871850129,111852000,0.003483016832547259,0.0034769651773595544
80,2018-04-27,38.133331298828125,38.605533017528785,37.736304314562105,38.52800672018398,142623200,-0.011569857323451394,-0.01163730889749198
81,2018-04-30,38.82402420043945,39.29387807301517,38.02057450849904,38.08870532745483,169709600,0.018112577057555868,0.017950498514640752
82,2018-05-01,39.726131439208984,39.7496219731945,38.8263611810119,39.09417764440143,214277600,0.023235799414098812,0.022969958369911683
83,2018-05-02,41.481040954589844,41.758252952550066,40.830292492766674,41.16623621077268,266157600,0.044175192796366725,0.043227284573981645
84,2018-05-03,41.55621337890625,41.699518911228594,40.98064327143764,41.318938533621505,136272800,0.0018122116173193703,0.0018105715429886232
85,2018-05-04,43.18661117553711,43.28528004044497,41.85692410066955,41.875718682275796,224805200,0.03923355051060651,0.03848347079402759
86,2018-05-07,43.49906539916992,44.08873062408348,43.40274451042906,43.503761356157284,169805600,0.007234978969820283,0.0072089320665501945
87,2018-05-08,43.70815658569336,43.74809373412477,43.14902933825255,43.45913461035601,113611200,0.0048067972174736795,0.004795281455605952
88,2018-05-09,44.01591110229492,44.02530660251576,43.51316760001652,43.8256208566929,92844800,0.007041123228296975,0.007016450269332548
89,2018-05-10,44.6454963684082,44.72302265798103,44.08402134819816,44.10516748877199,111957200,0.014303583643880513,0.014202252513832277
90,2018-05-11,44.4756965637207,44.82237098712518,44.206847378072545,44.687948193562164,104848800,-0.003803290779574642,-0.003810541680647197
91,2018-05-14,44.37193298339844,44.69738334833763,44.30354306537909,44.5747493038135,83115200,-0.0023330400272337792,-0.0023357658055099496
92,2018-05-15,43.96866226196289,44.11723805875026,43.65264721346762,44.04884454020393,94780800,-0.009088419059553488,-0.009129970690749828
93,2018-05-16,44.379005432128906,44.445041913162775,43.864891761356354,43.88140178124538,76732400,0.009332628036787138,0.009289348132199043
94,2018-05-17,44.098365783691406,44.55116421714171,43.949790004496656,44.33655555797642,69176000,-0.0063237029695650815,-0.006343782274321184
95,2018-05-18,43.93800735473633,44.29175654638332,43.89555917902967,44.14554136536321,73190800,-0.003636380308097098,-0.0036430080110804127
96,2018-05-21,44.249298095703125,44.63606364482012,44.07949823525937,44.336555057853765,73603200,0.007084771470257323,0.007059792388196188
97,2018-05-22,44.138458251953125,44.54409086890035,44.0488406556325,44.426174494172024,60962800,-0.0025048949592437753,-0.0025080374574710652
98,2018-05-23,44.42145919799805,44.45447564073993,43.80829257733751,43.94743664180622,80233600,0.006411663597978068,0.006391196322536034
99,2018-05-24,44.37193298339844,44.53465816586804,43.914420445273656,44.51815174366573,92936000,-0.0011149164276405,-0.0011155384093088426
100,2018-05-25,44.473331451416016,44.72567057175854,44.25400516694792,44.390788566165575,69844000,0.002285193842141542,0.0022825867577335114
101,2018-05-29,44.3129768371582,44.51343613465707,44.07006936758996,44.24222988370924,90056400,-0.0036056353105228256,-0.0036121512810432664
102,2018-05-30,44.2186279296875,44.336544270833336,44.04882811055581,44.27051140767336,74762000,-0.002129148484368737,-0.002131418343486693
103,2018-05-31,44.070064544677734,44.39079722646225,43.8979076459214,44.152607446031645,109931200,-0.003359746603761593,-0.0033654032258138246
104,2018-06-01,44.86482238769531,44.86953645162613,44.277597561320896,44.33419871518947,93770000,0.018033961402798893,0.01787327847835055
105,2018-06-04,45.239803314208984,45.61477657652399,45.12660458565633,45.19499450955699,105064800,0.008358016516220923,0.008323281704725205
106,2018-06-05,45.58882522583008,45.7374009997512,45.364784848273516,45.53222767273398,86264000,0.00771492990800593,0.007685322020611049
107,2018-06-06,45.74683380126953,45.77041851462867,45.2610189336562,45.66429450155658,83734400,0.0034659497071209966,0.0034599571460531076
108,2018-06-07,45.624202728271484,45.79871665000415,45.360067616734455,45.784567261595775,85388800,-0.00268064613019503,-0.002684245495888818
109,2018-06-08,45.20913314819336,45.27988368615735,44.75397771134695,45.084142090483105,106627200,-0.009097574428866051,-0.009139210073741922
110,2018-06-11,45.098297119140625,45.27281465481039,44.85775029790672,45.12659949697931,73234000,-0.002451629158414015,-0.002454639322055636
111,2018-06-12,45.345916748046875,45.42374198027441,45.07942461331518,45.13602576362299,67644400,0.005490664719603133,0.00547564597026882
112,2018-06-13,44.973304748535156,45.48742201526099,44.91198952894419,45.37893736680692,86553600,-0.008217101477560607,-0.008251047944850654
113,2018-06-14,44.996891021728516,45.17848325327996,44.86010759003595,45.17376559052578,86440400,0.0005244505229322627,0.0005243130468209396
114,2018-06-15,44.53465270996094,44.84595364672595,44.3978692921571,44.81529423972038,246876800,-0.01027267220627237,-0.010325800261320125
115,2018-06-18,44.511077880859375,44.62427660179374,44.147893403349705,44.308261556652305,73939600,-0.0005293592217974208,-0.0005294993818558007
116,2018-06-19,43.791778564453125,43.94271136204255,43.26351197362925,43.66206984812118,134314000,-0.01616000669162776,-0.01629200357851816
117,2018-06-20,43.98281478881836,44.147897020063795,43.801222535187,43.947441310166745,82514800,0.004362376469456919,0.0043528888874884535
118,2018-06-21,43.73754119873047,44.419097668013194,43.614907167311685,44.15968021665077,102847600,-0.0055765778353559226,-0.005592184995606746
119,2018-06-22,43.610198974609375,43.90027229792236,43.558315473070756,43.89319760212371,108801600,-0.0029115085263363705,-0.0029157552121301367
120,2018-06-25,42.96166229248047,43.610202515853324,42.62206247247789,43.25173563934805,126652400,-0.014871215848074826,-0.014982901024570418
121,2018-06-26,43.4946403503418,43.989890655786986,43.04891651485026,43.15504415067627,98276800,0.012405899339575033,0.012329576755591248
122,2018-06-27,43.43095397949219,44.166750904211135,43.40029457478834,43.68329311517857,101141200,-0.0014642349111666508,-0.0014653079506867178
123,2018-06-28,43.74696731567383,43.91441012163316,43.346052431946084,43.416802964020754,69460800,0.007276223689004491,0.007249879686137055
124,2018-06-29,43.65501403808594,44.145546742070266,43.13618254685051,43.93329504211716,90950800,-0.0021019349049813396,-0.002104147070582714
125,2018-07-02,44.1431770324707,44.17147941242454,43.25644709523927,43.35078236421446,70925200,0.011182289254537459,0.011120229674931294
126,2018-07-03,43.374351501464844,44.324757032912984,43.28473392032371,44.28702293574602,55819200,-0.01741663338912669,-0.017570087326067452
127,2018-07-05,43.72339630126953,43.96158971391458,43.45926473721124,43.690379855762245,66416800,0.008047262673031463,0.008015056122440856
128,2018-07-06,44.32948303222656,44.43796408383284,43.676225296429266,43.72810879016174,69940800,0.013861840164036687,0.013766643582091688
129,2018-07-09,44.94499969482422,44.968580807441185,44.64313410456217,44.6902999283178,79026400,0.013885040395129167,0.013789526350464725
130,2018-07-10,44.8907585144043,45.11008121096338,44.850663786356435,44.97565843531915,63756400,-0.0012068345931297575,-0.0012075634044261432
131,2018-07-11,44.30826187133789,44.756342693838846,44.2445860160065,44.454477036854996,75326000,-0.01297586991940669,-0.0130607919441639
132,2018-07-12,45.05112838745117,45.14074598088069,44.645495783589865,44.69737927467831,72164400,0.016765869044252035,0.016626873300072047
133,2018-07-13,45.12187194824219,45.242145332507754,45.02046201370645,45.06291377190233,50055600,0.0015702949809071054,0.001569063356916975
134,2018-07-16,45.0228271484375,45.43317379376515,44.9072678157817,45.1666852570409,60172400,-0.002195050770905538,-0.002197463426095966
135,2018-07-17,45.150177001953125,45.249226320159714,44.619553341082245,44.749262066777305,62138000,0.0028285619002947904,0.0028245690466665568
136,2018-07-18,44.902549743652344,45.23271772028795,44.791708074173755,45.228000058165804,65573600,-0.005484524640735455,-0.0054996198647213335
137,2018-07-19,45.25159454345703,45.40960207271725,44.735120184452185,44.735120184452185,81147200,0.007773384847795439,0.007743327754881934
138,2018-07-20,45.14783477783203,45.38130696213641,44.84832609454231,45.22801707146135,82704800,-0.0022929526941941614,-0.0022955855356469727
139,2018-07-23,45.18791961669922,45.27046253001605,44.70446169267782,44.968593257655385,63957600,0.0008878573925956701,0.0008874634803622262
140,2018-07-24,45.5157356262207,45.67138615573836,45.291695160200454,45.38602685162265,74791600,0.007254505458585969,0.007228318108440444
141,2018-07-25,45.94492721557617,45.95200190852112,45.38128362180565,45.52985937069219,66839600,0.009429521097495286,0.009385340679735265
142,2018-07-26,45.80108642578125,46.21379379653587,45.65958531639916,45.89541809968751,76304000,-0.003130721899286315,-0.0031356328616752565
143,2018-07-27,45.039337158203125,46.032194609591265,44.83180678717591,45.98502877974518,96096000,-0.016631685556466214,-0.016771544938747992
144,2018-07-30,44.7869987487793,45.327054166940535,44.58890010095334,45.256303621710636,84118000,-0.005602622626027509,-0.0056183761845556126
145,2018-07-31,44.87662124633789,45.31291335911361,44.65258080944883,44.878981877356686,157492000,0.0020010829049141865,0.0019990834055163853
146,2018-08-01,47.52029800415039,47.58161322223618,46.532158229193854,46.96137555136066,271742800,0.05890988858766266,0.05723997195789852
147,2018-08-02,48.90936279296875,49.14283855349093,47.24910151371287,47.30334204851275,249616000,0.029230978069561653,0.02881190014617092
148,2018-08-03,49.050846099853516,49.2277206303756,48.45890370131914,48.824445117435765,133789600,0.0028927652867540843,0.00288858929276053
149,2018-08-06,49.30556106567383,49.348009238803435,48.83389550544632,49.05321826366124,101701600,0.005192876088248921,0.0051794396031426895
150,2018-08-07,48.84333419799805,49.40697447889994,48.76079127377916,49.36452629971754,102349600,-0.009374741057303959,-0.009418960523267947
151,2018-08-08,48.8763427734375,49.00840855209186,48.2325203032362,48.59334416224635,90102000,0.0006758051222639505,0.0006755768688130895
152,2018-08-09,49.260746002197266,49.472994037920536,48.86454511071905,49.414035850383826,93970400,0.007864811623521817,0.007834045202039995
153,2018-08-10,49.114013671875,49.48557133409341,48.910486075946345,49.07378193457011,98444800,-0.0029786867278810414,-0.0029831318444602187
154,2018-08-13,49.43113708496094,49.9233899602011,49.154245519727546,49.535267986992444,103563600,0.006456882453236279,0.006436126087427564
155,2018-08-14,49.639408111572266,49.83110202995326,49.28678360256795,49.73643952568758,82992000,0.0042133569829347906,0.004204505648247172
156,2018-08-15,49.75535583496094,49.873685730639565,49.303334766794535,49.51396183665682,115230400,0.002335799877550171,0.0023330761375992552
157,2018-08-16,50.484291076660156,50.60025211532312,50.046468821753095,50.11273330417292,114001600,0.01465038747018732,0.014544107316476035
158,2018-08-17,51.49246597290039,51.58002898798259,50.4464295568725,50.51269404576883,141708000,0.01997007137743756,0.019773285078875144
159,2018-08-20,50.99073028564453,51.87110156077517,50.90789789788546,51.61551211353429,121150800,-0.009743865976819088,-0.009791648080532499
160,2018-08-21,50.89133071899414,51.40015154482209,50.65230557912929,51.30785435109778,104639200,-0.001949365425707117,-0.0019512679113170921
161,2018-08-22,50.89369583129883,51.20371962269942,50.60733585559325,50.668869720913406,76072400,4.6473776009969825e-05,4.647269613749855e-05
162,2018-08-23,50.99782943725586,51.367018204194856,50.78720232734104,50.799032430245035,75532800,0.002046100293093378,0.00204400988086506
163,2018-08-24,51.15639877319336,51.331524767256205,50.907905185486186,51.26052969460536,73905600,0.003109334998905977,0.003104511013841944
164,2018-08-27,51.57765197753906,51.766980593315445,51.19662944732842,51.39068866042055,82100400,0.008234614133284968,0.008200894682959443
165,2018-08-28,51.99415969848633,52.19295307283816,51.80956533499646,51.830863851289415,91107200,0.008075352502061373,0.008042921321531723
166,2018-08-29,52.770416259765625,52.89111510335813,51.92554241033305,52.10066840120375,109019200,0.014929687599161134,0.014819336792925622
167,2018-08-30,53.25556182861328,54.019972076612355,52.63314531345547,52.83430761557534,195175200,0.009193514154967053,0.009151511044898022
168,2018-08-31,53.87089920043945,54.16435519258748,53.485142372013335,53.605837632221586,173360400,0.01155442456520217,0.011488181976702249
169,2018-09-04,54.04364776611328,54.23770698067207,53.634227204341904,54.05548148177805,109560400,0.0032067139817191226,0.0032015834396335726
170,2018-09-05,53.69102096557617,54.353669291891656,53.27213561587266,54.19274232139055,133332000,-0.006524851950467592,-0.006546231848144619
171,2018-09-06,52.79881286621094,53.804617207503874,52.37282442296422,53.539555725515555,137160000,-0.01661745452628416,-0.01675707332419596
172,2018-09-07,52.37282180786133,53.33602545116315,52.23319337295159,52.50298543834602,150479200,-0.008068193870741869,-0.008100917881541405
173,2018-09-10,51.66994857788086,52.502992310884245,51.22976108607632,52.28999626644421,158066000,-0.013420572077614601,-0.013511441887442206
174,2018-09-11,52.9763069152832,53.08280312163129,51.25105465010244,51.59421069773185,142996000,0.025282748935453236,0.024968427169987435
175,2018-09-12,52.318389892578125,53.248461282972364,52.02729570420869,53.234262271079686,197114800,-0.012419080547784955,-0.012496841814987197
176,2018-09-13,53.58216094970703,54.04128166600447,52.67338793396075,52.89821408368517,166825600,0.024155388950686918,0.023868262127056505
177,2018-09-14,52.97393798828125,53.683917511891266,52.661548875687,53.425959151653856,127997200,-0.011351221202083761,-0.01141613803791312
178,2018-09-17,51.563453674316406,52.76331733842613,51.41909100904988,52.57398872003908,148780400,-0.026626004551084437,-0.026986897114372077
179,2018-09-18,51.648651123046875,52.50299339478895,51.3835896141256,51.54215129305673,126286800,0.0016522835973826755,0.0016509200785794662
180,2018-09-19,51.679420471191406,51.975245341976986,50.95287646633662,51.71018741331901,108495200,0.0005957434991135102,0.0005955661144021715
181,2018-09-20,52.072261810302734,52.60474642477888,51.86400000551983,52.121961963223164,106435200,0.007601504342145571,0.007572758490584236
182,2018-09-21,51.51139450073242,52.38703540510491,51.423827882494734,52.24977223030048,384986800,-0.01077094195780337,-0.010829368470934646
183,2018-09-24,52.25212478637695,52.36335520071056,51.26762259076125,51.31258853840368,110773600,0.014379930747826952,0.014277520147685333
184,2018-09-25,52.58344268798828,52.73253952080937,51.994158473109636,52.005992185596426,98217600,0.0063407546193741116,0.006320736609765107
185,2018-09-26,52.16456985473633,52.952647681500984,52.00837346864391,52.30183301725907,95938800,-0.007965869327677844,-0.007997766369454744
186,2018-09-27,53.236637115478516,53.5892616223279,52.902945831595176,52.969213917547854,120724800,0.020551636172359666,0.020343300882693444
187,2018-09-28,53.42361068725586,53.4472745121472,53.01655534322987,53.198780878353794,91717600,0.0035121221382141687,0.003505969040003563
188,2018-10-01,53.7833137512207,54.29449987051598,53.56795604203852,53.94660961803524,94403200,0.006733035437656243,0.006710469788136454
189,2018-10-02,54.26136779785156,54.4317631714536,53.634220666637496,53.78094861179492,99152800,0.008888519752467072,0.008849249392797067
190,2018-10-03,54.92164993286133,55.2529722591602,54.37969688559939,54.44359605250793,114619200,0.012168549408293927,0.012095107795938741
191,2018-10-04,53.95607376098633,54.98791072252861,53.65788007610717,54.616353071097365,128168000,-0.017580975317663672,-0.017737356261360707
192,2018-10-05,53.080440521240234,54.05548163878989,52.202434427966345,53.94898541978365,134322000,-0.0162286315276563,-0.016361758040592683
193,2018-10-08,52.95738220214844,53.201141588936295,52.11250469969764,52.588193368222875,118655600,-0.00231833643209034,-0.0023210279346735094
194,2018-10-09,53.69102096557617,53.785687075702874,52.597653574398485,52.9266106334102,107564000,0.013853380452743869,0.013758299499839057
195,2018-10-10,51.20372772216797,53.567961035959435,51.130363742966665,53.35733390390222,167962400,-0.046326055989937776,-0.04743344372041332
196,2018-10-11,50.751708984375,51.946842063881995,50.24762591104082,50.76827690881467,212497600,-0.008827848242722203,-0.008867044544862195
197,2018-10-12,52.56452941894531,52.74675854920177,51.317330761268884,52.16457361864242,161351600,0.03571939686067371,0.03509625469905435
198,2018-10-15,51.44038772583008,52.498257597389845,51.419089204933876,52.33969592325769,123164000,-0.021385936591493016,-0.021617929283607114
199,2018-10-16,52.57398986816406,52.772786907940514,51.29839328438548,51.81194478059316,116736000,0.022037200582078142,0.021797890905825748
200,2018-10-17,52.3467903137207,52.68994635769821,51.90896816755255,52.60948287919308,91541600,-0.0043215201093371736,-0.004330884867096198
201,2018-10-18,51.123252868652344,52.003627645600474,50.40853923550798,51.55870604983427,130325200,-0.023373686098718705,-0.023651183317323923
202,2018-10-19,51.9018669128418,52.36335286065442,51.45694527539042,51.6060421243539,132314800,0.015230135026616853,0.015115320809849526
203,2018-10-22,52.218997955322266,52.860347780678396,51.81431160695901,52.01547032624564,115168400,0.006110204918312823,0.006091613310161464
204,2018-10-23,52.71125030517578,52.83431444512656,50.81087189308462,51.07829869399411,155071200,0.009426690842951002,0.009382536859901492
205,2018-10-24,50.903167724609375,53.066238670983005,50.77300408116082,52.68048556003546,163702000,-0.03430164471717845,-0.03490375514541383
206,2018-10-25,52.017826080322266,52.39174900713424,51.296012949803654,51.523207952463075,119423200,0.021897622594792,0.021661313177494698
207,2018-10-26,51.189517974853516,52.110124497595585,50.330441703120535,51.09485188352168,189033600,-0.015923543290519926,-0.01605168504035692
208,2018-10-29,50.228675842285156,51.9917905805729,48.77321594644914,51.873460683893974,183742000,-0.018770290688034375,-0.018948688507507992
209,2018-10-30,50.479549407958984,50.92446749400943,49.52581045070183,49.970728536752276,146640000,0.004994628296822956,0.00498219651846901
210,2018-10-31,51.79536819458008,52.1716564405794,51.26524889935594,51.32678276350277,153435600,0.02606637345327867,0.025732436131105044
211,2018-11-01,52.590553283691406,52.623685518956215,51.310222601060566,51.840341976440314,233292800,0.015352436266579783,0.015235780072959351
212,2018-11-02,49.10218811035156,50.56237905391569,48.617034661599845,49.592075767555244,365314800,-0.06633064220721185,-0.06863291007427623
213,2018-11-05,47.708274841308594,48.37092337336106,46.89889830693268,48.34962484614842,264654800,-0.028388007188402842,-0.02879873856718883
214,2018-11-06,48.22417068481445,48.448996782971804,47.73191784473801,47.78634859013266,127531600,0.010813550588904652,0.010755502248242808
215,2018-11-07,49.686744689941406,49.71277742307654,48.30938596616977,48.74483931029979,133697600,0.030328650225757148,0.029877829236105283
216,2018-11-08,49.51337432861328,49.90047339465784,49.100148077728555,49.86722555541948,101450400,-0.0034892678602714833,-0.0034953695531338555
217,2018-11-09,48.55868911743164,48.924415408710615,48.031470706550515,48.815174043569215,137463200,-0.019281360321870444,-0.019469670260833728
218,2018-11-12,46.112579345703125,47.46149946228675,46.02233365648393,47.259635249162585,204542000,-0.05037429585079978,-0.05168736765664354
219,2018-11-13,45.651851654052734,46.82740454065561,45.46661319307252,45.509362481467676,187531600,-0.009991366741737506,-0.01004161542863305
220,2018-11-14,44.36231231689453,46.18620004766759,44.15569737370678,46.04845796012335,243204000,-0.028247251544806118,-0.028653880897546124
221,2018-11-15,45.45711898803711,45.59011034254825,44.38605662645267,44.73991147050331,185915200,0.024678755771836647,0.02437915446441973
222,2018-11-16,45.960594177246094,46.3025740679151,44.99402953711943,45.241013000523054,147713200,0.01107582707433541,0.011014939277587092
223,2018-11-19,44.13908004760742,45.28850964562058,43.93246870577776,45.122270426691934,167701200,-0.039632084011230084,-0.04043882211854172
224,2018-11-20,42.03019714355469,43.09650870762466,41.68109304931267,42.36030195645278,271300800,-0.047778134518846826,-0.04895721936716373
225,2018-11-21,41.98270034790039,42.81152632280583,41.928079679401435,42.68328208090455,124496800,-0.001130063594326547,-0.001130702597645112
226,2018-11-23,40.91638946533203,41.939955371122814,40.871270248544576,41.545728433984664,94496000,-0.025398816029748028,-0.02572693374661508
227,2018-11-26,41.4697265625,41.548097230703135,40.43428939505379,41.379484515509546,179994000,0.013523605195830068,0.013432977409121166
228,2018-11-27,41.37948989868164,41.50535696963446,40.581538183046156,40.73115163840486,165549600,-0.002175964765100624,-0.002178335616313606
229,2018-11-28,42.97064208984375,43.05375986988433,41.54335141276549,41.97082618812788,184250000,0.03845267776519412,0.03773179542403919
230,2018-11-29,42.64054489135742,43.41237317618883,42.201195033571544,43.379125333484275,167080000,-0.007681923807332347,-0.007711581768453837
231,2018-11-30,42.41018295288086,42.82578279276526,42.042079512806076,42.81628133855752,158126000,-0.005402415449040188,-0.005417061267729757
232,2018-12-03,43.892086029052734,43.92058313866177,43.03476295213865,43.80659107648332,163210000,0.03494215240283971,0.0343455337571275
233,2018-12-04,41.96133041381836,43.31499758229476,41.86158689864037,42.97301774526017,165377200,-0.043988695683235046,-0.044985541401519266
234,2018-12-06,41.49348449707031,41.507733053331634,40.472295688010675,40.79052552365589,172393600,-0.011149453845581081,-0.011212074901550021
235,2018-12-07,40.01395034790039,41.438863958560475,39.96882750376399,41.2013783567838,169126400,-0.03565702343639965,-0.03630826283098856
236,2018-12-10,40.277565002441406,40.39393064398245,38.78852906163199,39.18512963582418,248104000,0.006588068717260365,0.006566462237282059
237,2018-12-11,40.04719924926758,40.79765101673973,39.6600965485078,40.766780351835095,189126800,-0.005719455810197727,-0.00573587453161099
238,2018-12-12,40.158817291259766,40.828524813618266,40.13981800799348,40.46754567904434,142510800,0.0027871622506592253,0.0027832853160466536
239,2018-12-13,40.59816360473633,40.982892750447746,40.26568520596623,40.488922255315906,127594400,0.010940220432541947,0.010880809143294666
240,2018-12-14,39.29911804199219,40.15406769431689,39.25162164436145,40.13506841051603,162814800,-0.03199764342524569,-0.0325207572304714
241,2018-12-17,38.93338394165039,39.98069614858021,38.64602481476613,39.29198583874038,177151600,-0.009306420056322873,-0.009349995347479717
242,2018-12-18,39.43922424316406,39.78595109238684,39.040246662989354,39.27535864543561,135366000,0.012992456609262959,0.012908778653690028
243,2018-12-19,38.20906066894531,39.766965732375674,37.78158583477407,39.422612313422675,196189200,-0.031191373507605702,-0.03168818247613228
244,2018-12-20,37.244869232177734,38.498792982639806,36.88151653310877,38.09269098875768,259092000,-0.025234628119273017,-0.02555848116865281
245,2018-12-21,35.79620361328125,37.560723512525044,35.53497162650569,37.25199150656966,382978400,-0.03889570963092304,-0.039672353143429186
246,2018-12-24,34.870018005371094,35.990950549802086,34.81302014550831,35.18349717525792,148676800,-0.02587385014109478,-0.026214466417306875
247,2018-12-26,37.32561492919922,37.339863486779244,34.843890893788085,35.219118612948485,234330000,0.0704214412349855,0.06805244124033513
248,2018-12-27,37.083377838134766,37.230621385586616,35.639468468150554,37.00975787628032,212468400,-0.0064898352384532565,-0.006510985777836812
249,2018-12-28,37.10237121582031,37.64621522429912,36.70339718009544,37.40397891761338,169165600,0.0005121803566128236,0.0005120492370233152
250,2018-12-31,37.46097946166992,37.84570497009902,37.16174528956495,37.648591489285586,140014000,0.009665372699863894,0.009618961797955959
251,2019-01-02,37.503726959228516,37.724590460067255,36.6274044817337,36.784145853458895,148158800,0.0011411206586933176,0.0011404700753967932
252,2019-01-03,33.7680778503418,34.60640172363963,33.72295500680148,34.19317547745964,365248800,-0.09960741003015139,-0.10492439969261047
253,2019-01-04,35.209617614746094,35.27849047559891,34.1504337518255,34.32379724419946,234428400,0.04268942315263313,0.04180335905105163
254,2019-01-07,35.13123321533203,35.34497236963013,34.649137872444925,35.31409809069179,219111200,-0.002226221263511685,-0.0022287029779832117
255,2019-01-08,35.80095672607422,36.055068075400506,35.27136481535477,35.51834826233486,164101200,0.019063478547343138,0.018884047243756544
256,2019-01-09,36.40892028808594,36.69865303809117,35.53497493470445,35.92919831490206,180396400,0.01698176857851763,0.01683919023761401
257,2019-01-10,36.525299072265625,36.56567120386029,35.8270905786714,36.21656695706318,143122800,0.003196436017845139,0.003191338276417919
258,2019-01-11,36.16668701171875,36.501542638359126,35.98144849990563,36.30680629526423,108092800,-0.009818182729656955,-0.00986669890737028
259,2019-01-14,35.62283706665039,35.924444768462564,35.437598603803195,35.82470125952503,129756800,-0.015037317211060608,-0.015151524021184151
260,2019-01-15,36.351932525634766,36.427926054181476,35.634724801804865,35.68697193806859,114843600,0.020467080081809197,0.020260444130890575
261,2019-01-16,36.796024322509766,37.01926139590715,36.33530161762464,36.35430090299284,122278800,0.012216456348278948,0.01214243766635147
262,2019-01-17,37.01450729370117,37.441982116151216,36.397043258635236,36.620280311678194,119284800,0.005937678736062546,0.005920120192055589
263,2019-01-18,37.24249267578125,37.49422682619904,37.043002022319946,37.4039811406747,135004000,0.006159352068935364,0.006140460792310821
264,2019-01-22,36.40653991699219,37.22111371203419,36.24504783922982,37.1451202112431,121576000,-0.022446208584010363,-0.02270195905511302
265,2019-01-23,36.55377960205078,36.8435122960888,36.02656133084995,36.608400270150376,92522400,0.004044319657795059,0.004036163380713374
266,2019-01-24,36.26404571533203,36.68676973887957,36.03606159804956,36.59890123781676,101766000,-0.00792623607936005,-0.007957815670774422
267,2019-01-25,37.46573257446289,37.55360472379612,36.64878503179591,36.92426561509673,134142000,0.03313714273812529,0.03259994293061469
268,2019-01-28,37.118995666503906,37.12611994377185,36.492033900729126,36.99787570546437,104768400,-0.009254774540170763,-0.009297866040207683
269,2019-01-29,36.73426818847656,37.55359634769264,36.598903290698956,37.107122292669665,166348800,-0.010364706025021042,-0.010418793650002747
270,2019-01-30,39.2444953918457,39.45823098230422,38.05231666544547,38.7695241919444,244439200,0.06833475463536232,0.0661011320955535
271,2019-01-31,39.527103424072266,40.13506597381766,39.080629341215584,39.44873274205534,162958400,0.0072012145755677714,0.007175409640410454
272,2019-02-01,39.546104431152344,40.13031699712782,39.405985168485806,39.65059867839811,130672400,0.000480708309845701,0.00048059280662021475
273,2019-02-04,40.669410705566406,40.76678067534809,39.72659254412772,39.75746683302016,125982000,0.028404979215327808,0.028009038108619034
274,2019-02-05,41.365234375,41.57897355982607,40.930638975712235,41.05175531049415,144406400,0.017109263629884852,0.016964548492987428
275,2019-02-06,41.37948989868164,41.69534616359386,41.0493850783774,41.476856235107945,112958400,0.00034462572005278247,0.00034456635024917074
276,2019-02-07,40.595794677734375,41.30825157661004,40.45330184846197,40.94252167255768,126966800,-0.018939218991489648,-0.019120863121517354
277,2019-02-08,40.64348602294922,40.70311205010361,40.16886153665804,40.30481062542633,95280000,0.0011747853587653623,0.0011740958384185481
278,2019-02-11,40.40974807739258,40.834288725227694,40.36681908607748,40.796127195647315,83973600,-0.005750932521503271,-0.005767532809288601
279,2019-02-12,40.75796127319336,40.784196867041736,40.47414084136545,40.569544655033816,89134000,0.008617059307914676,0.008580144366265212
280,2019-02-13,40.588623046875,41.1371831649396,40.52661329551529,40.877214588225634,89960800,-0.00415472759256319,-0.004163382453960035
281,2019-02-14,40.73651123046875,40.84622110600096,40.39783576019398,40.47654256965909,87342800,0.003643587106243018,0.003636965322565349
282,2019-02-15,40.645877838134766,40.95116286674207,40.486080490292245,40.843836724374356,98507200,-0.0022248687871482264,-0.002227347484908884
283,2019-02-19,40.76750564575195,40.88914507060669,40.42406278544301,40.4765339806188,75891200,0.0029923774337350384,0.002987909183956034
284,2019-02-20,41.02986526489258,41.33753763113266,40.78182257054154,40.82952266876856,104457600,0.00643550825553052,0.0064148887894922915
285,2019-02-21,40.79851531982422,41.11095514343004,40.61725349372424,40.9750096836761,68998800,-0.005638574330545376,-0.0056545311013477
286,2019-02-22,41.25406265258789,41.26121748586465,40.874841931781916,40.922542033388446,75652800,0.01116578211713315,0.011103904950579092
287,2019-02-25,41.55458450317383,41.94573123389448,41.48780362031556,41.537891102101845,87493600,0.007284660740366711,0.007258255756006653
288,2019-02-26,41.57842254638672,41.809771827642344,41.30175690127716,41.430551160576144,68280800,0.0005736561560631959,0.0005734916782699609
289,2019-02-27,41.70722579956055,41.738232508280774,41.196826987602115,41.31131161705293,111341600,0.0030978388617348696,0.003093050445540704
290,2019-02-28,41.2969970703125,41.71676675380547,41.24214212823238,41.576050161854965,112861600,-0.009835915033513665,-0.0098846071968637
291,2019-03-01,41.7310676574707,41.773996653747055,41.234978633444705,41.56649922650965,103544800,0.010510947961159367,0.010456092004887074
292,2019-03-04,41.94095230102539,42.39410868782575,41.4925633764932,41.902790767174956,109744800,0.005029457795746373,0.005016852321021715
293,2019-03-05,41.8646240234375,41.97672124062049,41.62850365631687,41.962411577028405,78949600,-0.0018198985335395879,-0.001821556560808751
294,2019-03-06,41.62373352050781,41.85508277180671,41.48540071586533,41.65950767718971,83241600,-0.00575403478590486,-0.005770653022666645
295,2019-03-07,41.1419677734375,41.60466642807359,41.0274867951546,41.468717309443846,99185600,-0.011574304040577021,-0.011641807674831965
296,2019-03-08,41.239742279052734,41.27790380614396,40.42644247442823,40.622017571308106,95997600,0.002376515050365624,0.002373695604560045
297,2019-03-11,42.66838836669922,42.72085956762917,41.82170159746949,41.85509203085361,128044000,0.034642459159405226,0.03405591694817465
298,2019-03-12,43.14777755737305,43.567543462773116,42.780479205774704,42.93073795318164,129870400,0.011235230788514405,0.011172584377621878
299,2019-03-13,43.338592529296875,43.71781327039466,43.1501722048348,43.46738317445445,124130000,0.004422359220474403,0.004412609324397001
300,2019-03-14,43.820369720458984,43.908618737237624,43.54132028091361,43.86091499226116,94318000,0.011116586004412232,0.01105525090156385
301,2019-03-15,44.390380859375,44.6789724147162,43.822743589745585,44.087483279947165,156171600,0.01300790346024594,0.012924027269917078
302,2019-03-18,44.84354782104492,44.93179318512388,44.31168098754593,44.3140683580027,104879200,0.010208674782618221,0.010156918208192516
303,2019-03-19,44.48817443847656,45.07489619113061,44.34268677569581,44.92225369569541,126585600,-0.007924738336639425,-0.007956305962883218
304,2019-03-20,44.87693405151367,45.19414495340022,44.05886306469387,44.41661922842223,124140800,0.008738493272515191,0.008700533620000733
305,2019-03-21,46.52976608276367,46.82551249017216,45.27046466941773,45.320552133949356,204136800,0.03683032422296795,0.036168294088400846
306,2019-03-22,45.56622314453125,47.149890713415324,45.50182599858827,46.589404449121496,169630800,-0.020708097619028254,-0.020925517072407723
307,2019-03-25,45.0152702331543,45.78802127537282,44.50487154702467,45.67592404455743,175381200,-0.012091256930147343,-0.012164950814121844
308,2019-03-26,44.55017852783203,46.00267123954299,44.023086513229856,45.71169595103682,199202000,-0.010331865229584292,-0.010385609455035145
309,2019-03-27,44.950870513916016,45.25853921871362,44.492943053204904,45.01765137448114,119393600,0.008994172398964828,0.008953965734341833
310,2019-03-28,45.010498046875,45.21084063526759,44.72667756034346,45.065352975754955,83121600,0.0013265045209864823,0.0013256254911365602
311,2019-03-29,45.30385208129883,45.3348587781949,44.96756043418868,45.27523275449241,94256000,0.00651745808540749,0.006496311287973427
312,2019-04-01,45.61153030395508,45.71646906225277,44.92940835895731,45.70693049851085,111448000,0.0067914362360206315,0.006768478319149957
313,2019-04-02,46.27458190917969,46.37952433040807,45.56622420517309,45.575762771064326,91062800,0.014536929605431625,0.014432281400830712
314,2019-04-03,46.591793060302734,46.86607141183357,46.067080952406386,46.09093282614167,93087200,0.006854976058900286,0.006831587534862091
315,2019-04-04,46.672874450683594,46.835055514550795,46.06468818261306,46.45821854703762,76457200,0.0017402504830821286,0.0017387380016869439
316,2019-04-05,46.98531723022461,47.009169100776084,46.730116044604905,46.85413922076049,74106400,0.006694311914968054,0.006672004508776978
317,2019-04-08,47.72467803955078,47.755681101848495,46.82790017839874,46.84698094558115,103526800,0.015735996964825416,0.015613469883535411
318,2019-04-09,47.581573486328125,48.380563770007704,47.51717635283578,47.77714861794036,143072800,-0.0029985441306500382,-0.0030030487712646233
319,2019-04-10,47.84870529174805,47.87732826678451,47.2667545362324,47.38600662091069,86781200,0.0056141860356231366,0.005598485230617618
320,2019-04-11,47.450401306152344,47.939335555847514,47.32876549622773,47.90356138801222,83603200,-0.008324237472406515,-0.00835907741584894
321,2019-04-12,47.43131637573242,47.73421764754132,46.796898139641456,47.51002317734974,111042800,-0.00040220798759493803,-0.00040228889492269026
322,2019-04-15,47.517173767089844,47.66504879296179,47.226198455924894,47.36214754820143,70146400,0.001810141440673707,0.0018085051090196626
323,2019-04-16,47.521942138671875,48.02756966837451,47.35737372664653,47.57202960118193,102785600,0.00010035048812895297,0.00010034545335554428
324,2019-04-17,48.44734191894531,48.50696794754076,47.36930230294008,47.59110938245884,115627200,0.01947310523574708,0.01928593033692821
325,2019-04-18,48.621456146240234,48.69062074842897,48.30186145878901,48.44496176516435,96783200,0.0035938860709061604,0.0035874434936724814
326,2019-04-22,48.781253814697266,48.87904139023964,48.258929140631615,48.37579748500796,77758000,0.0032865669011723497,0.0032811779443908955
327,2019-04-23,49.48483657836914,49.54923371338613,48.63099134409102,48.7573982436491,93292000,0.014423220164543782,0.014320194979596877
328,2019-04-24,49.40851593017578,49.72333948607253,49.38228033057737,49.45621602782266,70162400,-0.001542303733235384,-0.0015434943079475061
329,2019-04-25,48.96012878417969,49.55161802291001,48.921967248962424,49.329810923117755,74172800,-0.009075098443146024,-0.00911652799098594
330,2019-04-26,48.72639465332031,48.89334681703382,48.206453755716254,48.86949494823866,74596400,-0.004773968873523438,-0.004785400660768482
331,2019-04-29,48.800323486328125,49.12468920417565,48.6214454133817,48.75023602461829,88818800,0.001517223540419943,0.001516073719660628
332,2019-04-30,47.860618591308594,48.51173378273669,47.4885527676354,48.43064325999435,186139600,-0.019256120203440807,-0.019443934241735298
333,2019-05-01,50.20989227294922,51.352325495464314,49.90221989618125,50.05724976982913,259309200,0.04908573584686704,0.04791905710092709
334,2019-05-02,49.883140563964844,50.71790507301995,49.63986895589644,50.04770900660693,127985200,-0.006507715794491276,-0.006528983295703785
335,2019-05-03,50.50325012207031,50.5247146205948,50.14072282120273,50.29813642228416,83569600,0.012431245328475393,0.012354611844431283
336,2019-05-06,49.72332763671875,49.80918924773549,48.535578383723276,48.723994998277156,129772400,-0.015443015716145592,-0.015563501131751478
337,2019-05-07,48.38294219970703,49.47052032079765,47.898779164566115,49.10322560559148,155054800,-0.026956873176402163,-0.02732687421868193
338,2019-05-08,48.39249038696289,48.9744410929356,48.11821207126675,48.153986237910765,105358000,0.0001973461476660887,0.0001973266774766252
339,2019-05-09,47.87255859375,48.10152056516905,46.904232219536055,47.79623551042037,139634400,-0.01074405944094503,-0.010802193620603206
340,2019-05-10,47.209346771240234,47.60918573031847,46.1534958760035,47.26680951074046,164834800,-0.013853694934875538,-0.013950552968093567
341,2019-05-13,44.46555709838867,45.365784587805166,43.77841553627042,44.94200929686372,229722400,-0.05811962800813564,-0.059877006109358755
342,2019-05-14,45.169464111328125,45.4184619831724,44.39134073852921,44.63076331477503,146118800,0.015830387807397095,0.015706394085616245
343,2019-05-15,45.710567474365234,45.909288693023,44.53739806425962,44.59725372096499,106178800,0.011979406302086382,0.011908221154352626
344,2019-05-16,45.50944519042969,46.08166501987308,45.21255987117796,45.468743789558665,132125600,-0.004399907834185979,-0.004409615915568579
345,2019-05-17,45.2508659362793,45.7057673600336,44.71455806184704,44.75525946053676,131516400,-0.005681881048393178,-0.005698084340452294
346,2019-05-20,43.835880279541016,44.13755507522487,43.1631033991647,43.93883389096766,154449200,-0.03126980285263081,-0.031769140177842346
347,2019-05-21,44.6762580871582,45.011448261831,44.2213529606178,44.345853734052945,113459200,0.01917100334835542,0.018989555027151536
348,2019-05-22,43.761661529541016,44.46317163112691,43.70659535573083,44.21177717624734,118994400,-0.020471646390638032,-0.020684094993158157
349,2019-05-23,43.0146598815918,43.22534925933381,42.57172666496303,43.0481788953211,146118800,-0.01706977344644378,-0.017217141462462216
350,2019-05-24,42.849464416503906,43.608433644945144,42.76566504244201,43.143953201217286,94858800,-0.003840445688577554,-0.0038478391356127615
351,2019-05-28,42.67229080200195,43.23732830832482,42.595677466437365,42.83749298760257,111792800,-0.0041347918092929925,-0.004143363697755191
352,2019-05-29,42.46879196166992,42.940454887046144,42.138387526779006,42.23894460407194,113924800,-0.00476887545775917,-0.00478028282565229
353,2019-05-30,42.68904495239258,42.91170618886097,42.29878499432178,42.60524559159138,84873600,0.005186231596167046,0.005172829414988125
354,2019-05-31,41.91572189331055,42.61483553961218,41.896567644374954,42.193449369628034,108174400,-0.01811525790620172,-0.01828134809271646
355,2019-06-03,41.49193572998047,42.59806693078556,40.76648557188118,42.042608419661796,161584400,-0.01011043456220928,-0.010161892138510084
356,2019-06-04,43.0098762512207,43.05536713031265,41.78403369307506,42.00430204941067,123872000,0.036583989021833796,0.035930680987420895
357,2019-06-05,43.704200744628906,44.290789049992995,43.36901055867717,44.12079739285381,119093600,0.016143373427829788,0.016014454778996125
358,2019-06-06,44.34585952758789,44.40571518469204,43.6108303047652,43.83349524890833,90105200,0.014681856023596174,0.014575121019148199
359,2019-06-07,45.52620315551758,45.9499821546274,44.47753471563899,44.65470509073558,122737600,0.026616771903933634,0.026268708341543878
360,2019-06-10,46.108009338378906,46.77599685145349,45.87816201203644,45.9236528950948,104883600,0.012779589391056279,0.012698619549746978
361,2019-06-11,46.64192199707031,46.92683551148941,46.352222660423585,46.65389385923823,107731600,0.011579607672348446,0.011513077121310857
362,2019-06-12,46.49347686767578,46.919648817978434,46.30193805046919,46.436014126524086,73012800,-0.0031826546385428367,-0.003187730055544254
363,2019-06-13,46.48390197753906,47.11597757221876,46.35222245417614,46.615585154201376,86698400,-0.00020594050567501743,-0.0002059617143328207
364,2019-06-14,46.14631271362305,46.349819729325915,45.56212099174863,45.86139923834012,75046000,-0.007262498403837525,-0.007288998729037231
365,2019-06-17,46.421653747558594,46.677837716141795,46.00984653024875,46.184624027838574,58676400,0.005966696313187025,0.005948966073088858
366,2019-06-18,47.5134162902832,47.95395301650747,46.73768937090985,46.9388034867993,106204000,0.0235183896864517,0.02324609340913954
367,2019-06-19,47.374549865722656,47.85579164174734,47.240473790931375,47.8079041979227,84496800,-0.00292267816972247,-0.0029269575337341866
368,2019-06-20,47.755226135253906,48.03056062202927,47.41284996964704,47.973097891587294,86056000,0.008035459347059293,0.008003346954118161
369,2019-06-21,47.59242248535156,48.08802900374868,47.44158508352656,47.597211960109185,191202400,-0.0034091273998210214,-0.0034149517156256575
370,2019-06-24,47.54453659057617,47.92282470708887,47.446372455538985,47.53495764148546,72881600,-0.00100616636587747,-0.0010066728910496131
371,2019-06-25,46.82388687133789,47.70735333308996,46.75684517194282,47.50863210598545,84281200,-0.015157361306180506,-0.015273408243913478
372,2019-06-26,47.83663558959961,48.12154906442843,47.25005095787499,47.350608010173595,104270000,0.021628890421774294,0.021398304919118736
373,2019-06-27,47.82228469848633,48.26042861636283,47.78158328359725,47.95396424235689,83598800,-0.0002999979186747437,-0.00030004292705218636
374,2019-06-28,47.386531829833984,47.76482006624837,47.17823528732283,47.56849173394604,124442400,-0.009111920758276493,-0.009153688223047666
375,2019-07-01,48.255611419677734,48.95951423901419,48.04012895173714,48.6434747473538,109012000,0.018340223609624617,0.018174070161322078
376,2019-07-02,48.538143157958984,48.633914390891135,48.210135361751455,48.22210722253035,67740800,0.00585489914994719,0.0058378258371881925
377,2019-07-03,48.940364837646484,48.94754722195826,48.528557755046194,48.669816184242116,45448000,0.008286713366404186,0.008252567067893164
378,2019-07-05,48.897281646728516,49.10079233915633,48.57884911730465,48.68659222111898,69062000,-0.0008803201827548568,-0.0008807078921225606
379,2019-07-08,47.889305114746094,48.21970578842082,47.50383461771007,48.07844734407372,101354400,-0.020614162956231752,-0.02082960066821547
380,2019-07-09,48.1814079284668,48.2460494035654,47.599609079485354,47.69298375237137,82312000,0.00609954170395266,0.006081014798372957
381,2019-07-10,48.65785598754883,48.777567292500045,48.25802066740765,48.32745527012685,71588400,0.009888628821087986,0.00984005627917845
382,2019-07-11,48.30350875854492,48.93558426605638,48.29393346215335,48.677007423897294,80767200,-0.007282425865508313,-0.007309072174077657
383,2019-07-12,48.67461395263672,48.84220903730102,48.41124763866507,48.47110328699509,70380800,0.007682779235496984,0.007653416980364341
384,2019-07-15,49.13190841674805,49.289924540363614,48.84220549240544,48.86375264744867,67789600,0.009394927395958375,0.009351069545792822
385,2019-07-16,48.96192169189453,49.34739222396268,48.72249909193417,48.98346884909922,67467200,-0.0034598030146040237,-0.003465801973862271
386,2019-07-17,48.68658447265625,49.10317743545347,48.667430227322086,48.85417955270678,56430000,-0.0056234969895772036,-0.005639368378546441
387,2019-07-18,49.239654541015625,49.29232780714967,48.770384620902945,48.84221213411293,74162400,0.011359804232518922,0.011295766173290372
388,2019-07-19,48.50462341308594,49.44076665116611,48.44955723828679,49.27077499857013,83717200,-0.01492762560544414,-0.015040163966620808
389,2019-07-22,49.613155364990234,49.61554827599075,48.74883956490333,48.758414862204624,89111600,0.022854150262410444,0.022596906191853904
390,2019-07-23,50.00102615356445,50.017787492917954,49.62992030943461,49.910048029344715,73420800,0.007817902040714086,0.0077875005921188
391,2019-07-24,49.9603157043457,50.07523753448428,49.60118178852593,49.720893093799184,59966400,-0.0008141922746488506,-0.000814523909200645
392,2019-07-25,49.56526565551758,50.09678409812618,49.4958310584991,50.01298473022078,55638400,-0.007907276870825708,-0.007938705169051244
393,2019-07-26,49.73765182495117,50.214100456871776,49.59399680482801,49.67539961135831,70475600,0.0034779631896193486,0.0034719290625788222
394,2019-07-29,50.2021369934082,50.43198433339106,49.90525526033395,49.91004473601888,86693600,0.009338703203998433,0.00929536710826245
395,2019-07-30,49.98665237426758,50.317056746119604,49.63470084424237,49.98186289912939,135742800,-0.004292339570503123,-0.004301578106096598
396,2019-07-31,51.006591796875,53.00098259885539,50.58999878893159,51.81584139677293,277125600,0.020404235414101635,0.0201988580159305
397,2019-08-01,49.902854919433594,52.20131353212769,49.4982337605151,51.21249694274107,216071600,-0.0216391026837639,-0.021876661356080254
398,2019-08-02,48.84699249267578,49.4239980949657,48.27477271128733,49.20851924885061,163448400,-0.02115835714133918,-0.021385403510021946
399,2019-08-05,46.28996658325195,47.56130005899529,46.108006714672,47.40328391275704,209572000,-0.052347663160781766,-0.05376757728217843
400,2019-08-06,47.166263580322266,47.42244757771809,46.457570905876665,47.001061361934276,143299200,0.018930603362918852,0.018753649235448276
401,2019-08-07,47.654666900634766,47.779167660416284,46.40488444167236,46.78556545258096,133457600,0.010354929206566554,0.01030168417736568
402,2019-08-08,48.70574188232422,48.72968560566816,47.73847610399667,47.932407841865114,108038000,0.022056076561841387,0.021816359710527415
403,2019-08-09,48.30438995361328,48.72977548121816,47.89582211277538,48.378892379334594,98478800,-0.008240341142541796,-0.008274480429216354
404,2019-08-12,48.181819915771484,48.5591433982837,47.86217750716622,47.97513398491319,89927600,-0.002537451315698269,-0.002540676101601274
405,2019-08-13,50.22223663330078,50.98408951762822,48.181814264515985,48.31159574878954,188874000,0.0423482699718738,0.041476119706718745
406,2019-08-14,48.72736358642578,49.61419017383491,48.68890954638256,48.82590068884438,146189600,-0.02976516274633212,-0.0302171365247344
407,2019-08-15,48.4846305847168,49.30175878721862,47.98714105517574,48.89800235789184,108909600,-0.004981451567320216,-0.004993900356413306
408,2019-08-16,49.62862014770508,49.78724034646014,48.989335347035194,49.095082146205236,110481600,0.02359489077656063,0.023320833865248775
409,2019-08-19,50.55389404296875,51.12588234715276,50.476985956959155,50.618781114962545,97654400,0.01864395771048777,0.018472289564201636
410,2019-08-20,50.556304931640625,51.27489985948379,50.546693252789694,50.68127875978292,107537200,4.768947511402111e-05,4.7688338007154656e-05
411,2019-08-21,51.10425567626953,51.34698995795277,50.85431171958834,51.18837344081834,86141600,0.010838425501424886,0.010780110749424693
412,2019-08-22,51.060997009277344,51.536853889289645,50.65002720346251,51.23643854407338,89014800,-0.0008464787603251755,-0.0008468372257742182
413,2019-08-23,48.70093536376953,50.96246310509183,48.30679055271319,50.332790008185185,187272000,-0.046220437980852735,-0.04732270129984145
414,2019-08-26,49.6262092590332,49.794441106144575,49.28253222326784,49.47479876304336,104174400,0.01899909905944064,0.01882087009833296
415,2019-08-27,49.06623458862305,50.121293052732874,48.91482409284731,49.95546320825073,103493200,-0.01128384937659177,-0.01134799500117202
416,2019-08-28,49.39549255371094,49.441156273048314,48.864360275642376,49.05181915815829,63755200,0.006710479576197859,0.006688064529393277
417,2019-08-29,50.231842041015625,50.30634811863267,49.66706345619883,50.10927391421569,83962000,0.016931696478079905,0.016789953039170614
418,2019-08-30,50.166961669921875,50.57792781692434,49.79684790345952,50.508233068974185,84573600,-0.0012916183929860825,-0.0012924532509786882
419,2019-09-03,49.43635177612305,49.743976816789676,49.08066101044846,49.61179332263298,80092000,-0.01456356672755954,-0.014670656476362101
420,2019-09-04,50.275108337402344,50.344803082405896,49.82568816430708,50.082841787242316,76752400,0.016966392768578142,0.016824071061784473
421,2019-09-05,51.2580680847168,51.42389794369397,50.83267892479877,50.950443061493466,95654800,0.01955161868011679,0.0193629411190807
422,2019-09-06,51.253265380859375,51.53205173117485,51.07301615444194,51.44312995297315,77449200,-9.369654450264164e-05,-9.370093429807543e-05
423,2019-09-09,51.47196960449219,52.01752496664898,50.72694165520818,51.63299180966499,109237600,0.004267127606556231,0.004258049234104096
424,2019-09-10,52.07999801635742,52.099225036483446,50.88074243182706,51.39745530418963,127111600,0.011812806398070475,0.01174357984053913
425,2019-09-11,53.735897064208984,53.764739433347756,52.32754966606249,52.40926543357923,177158400,0.03179529782876478,0.03130029256736408
426,2019-09-12,53.61572265625,54.41602951693154,53.56044726361797,54.02669243174888,128906800,-0.002236389723156318,-0.0022388941773069672
427,2019-09-13,52.572689056396484,53.06296532020904,52.15691521661223,52.87310442243304,159053200,-0.019453875620418004,-0.019645592759574355
428,2019-09-16,52.84907531738281,52.90435439095115,52.28669857278956,52.32755462683127,84632400,0.005257221305340565,0.005243450360929747
429,2019-09-17,53.04133224487305,53.07017461149301,52.66160681112901,52.86348870875079,73274800,0.0036378484644365994,0.0036312474977454297
430,2019-09-18,53.53881072998047,53.55803774802034,52.7385039815671,53.127841012133004,101360000,0.009379072207514216,0.009335361805899603
431,2019-09-19,53.10383224487305,53.77675982238734,52.962033385800865,53.356178252850775,88242400,-0.008124545151015905,-0.008157729126663479
432,2019-09-20,52.32754135131836,53.48834659405456,52.26505628460942,53.20475629070718,221652400,-0.014618359179334628,-0.0147262602406156
433,2019-09-23,52.565467834472656,52.83463876981788,52.30831057738616,52.62074322287127,76662000,0.004546869144049781,0.004536563362096384
434,2019-09-24,52.31553268432617,53.471534114069954,52.1977722057156,53.120647346665386,124763200,-0.004754740335109808,-0.0047660800722192425
435,2019-09-25,53.120643615722656,53.233600080826086,52.1857511921416,52.5246205874519,87613600,0.01538951990137516,0.015272302325022805
436,2019-09-26,52.84667205810547,53.09902171971026,52.59192039356008,52.873108759172254,75334000,-0.005157534603667635,-0.005170880593307534
437,2019-09-27,52.58951187133789,53.10382280973313,52.21939810228417,53.002880023860584,101408000,-0.0048661566897689745,-0.004878034980315896
438,2019-09-30,53.82720947265625,53.973812278625275,53.06295107963088,53.08938777143443,103909600,0.023535065401375732,0.023262385817022637
439,2019-10-01,53.976219177246094,54.84862641872618,53.88248974638139,54.091581297678886,139223200,0.0027682970387967742,0.0027644723614852363
440,2019-10-02,52.62314987182617,53.733483667972635,52.375604286174486,53.608509874016455,138449200,-0.02506787852214576,-0.02538742940487731
441,2019-10-03,53.07017135620117,53.103817725877704,51.70268021152755,52.49577373492866,114426000,0.008494768661013286,0.008458891151291646
442,2019-10-04,54.557830810546875,54.6731929479549,53.80799525329293,54.22857675291312,138478800,0.02803193237045898,0.027646229167718257
443,2019-10-07,54.569847106933594,55.25959957952468,54.27664143090137,54.3799862186076,122306000,0.0002202487930365038,0.00022022454183188712
444,2019-10-08,53.930564880371094,54.81018194958028,53.91374352685756,54.271839962271294,111820000,-0.011714935270201177,-0.011784095795742874
445,2019-10-09,54.56263732910156,54.74528854203184,54.22857560601276,54.56263732910156,74770400,0.011720115487989569,0.011651966890590837
446,2019-10-10,55.29805374145508,55.38217150680817,54.62752828997779,54.77893513356194,113013600,0.013478388295597998,0.013388362849900446
447,2019-10-11,56.768882751464844,57.112556110931,55.831584770124245,55.98539726442713,166795600,0.026598205732277558,0.026250623365680358
448,2019-10-14,56.687171936035156,57.230325218831695,56.3987739424967,56.45404933835654,96427600,-0.0014393592311375825,-0.0014403961037098851
449,2019-10-15,56.554996490478516,57.11496750151027,56.449249695667106,56.812150134970125,87360000,-0.0023316641321564635,-0.0023343866938587057
450,2019-10-16,56.3266716003418,56.53576316392705,56.04548329122299,56.08633933608511,73903200,-0.004037218712853452,-0.004045390281342695
451,2019-10-17,56.54537582397461,56.754463724015515,56.12239235171388,56.49971210622329,67585200,0.0038827826572924717,0.0038752641123436845
452,2019-10-18,56.816951751708984,57.098140062206895,56.307444855303956,56.37954526837045,97433600,0.004802796405134702,0.004791299774435958
453,2019-10-21,57.80231475830078,57.91767689190389,57.03565787328163,57.08372359535983,87247200,0.0173427643724684,0.017194095064147544
454,2019-10-22,57.670143127441406,58.20848515863878,57.58842735440891,57.95854116803715,82293600,-0.002286614842537893,-0.0022892331383745183
455,2019-10-23,58.444000244140625,58.45842326091589,57.97295104383975,58.18444461705697,75828800,0.013418678621780478,0.013329445527645298
456,2019-10-24,58.54014205932617,58.83334775862676,58.11475286162288,58.763649338023576,69275200,0.0016450245497217075,0.0016436729788789095
457,2019-10-25,59.261138916015625,59.29718729410837,58.37191014032259,58.43920289088229,73477200,0.012316281295641218,0.012241052962204223
458,2019-10-28,59.854759216308594,59.90282494220439,59.29478452503203,59.46301639925722,96572800,0.01001702483535194,0.009967186983728398
459,2019-10-29,58.47043991088867,60.02298808307294,58.29740403976976,59.835529194446124,142839600,-0.02312797384109666,-0.023399622050156162
460,2019-10-30,58.46322250366211,58.953502353059164,57.970544319100384,58.823720882909704,124522000,-0.0001234368552308629,-0.00012344447418645728
461,2019-10-31,59.78505325317383,59.883590362494004,57.02123219032763,59.4197508487146,139162000,0.022609611528494167,0.022357802728229396
462,2019-11-01,61.481807708740234,61.508240739941634,59.881193789695324,59.972517565501164,151125200,0.028380914011753022,0.027985637322319276
463,2019-11-04,61.885562896728516,61.969680662683295,61.37605963006652,61.84470318148446,103272000,0.006567067609674071,0.006545598363248613
464,2019-11-05,61.796653747558594,62.05140543292308,61.60198514523971,61.777423053742,79897600,-0.0014366702831529743,-0.0014377032834099457
465,2019-11-06,61.82307815551758,61.883161230177926,61.37365793055572,61.710121681781736,75864400,0.0004276025699858632,0.00042751117406009424
466,2019-11-07,62.536598205566406,62.75837098318758,62.21840535973675,62.370270461445436,94940400,0.011541321968051355,0.011475228959354006
467,2019-11-08,62.70774841308594,62.78006162131691,61.914679233049654,62.35821740841793,69986400,0.002736800728382116,0.002733062508224515
468,2019-11-11,63.204322814941406,63.26940470655906,62.25938848011843,62.264206908852415,81821200,0.007918868312481786,0.007887678624624946
469,2019-11-12,63.146453857421875,63.34653263881731,62.89576319221143,63.04762091279184,87388800,-0.0009155854369164995,-0.0009160048412825416
470,2019-11-13,63.75150680541992,63.826232904316335,62.93192525352502,62.946387894835354,102734400,0.009581740716021692,0.009536126979637417
471,2019-11-14,63.31037139892578,63.850329538427395,63.18020029158952,63.57793757671805,89182800,-0.006919607529286442,-0.006943659028973792
472,2019-11-15,64.06246948242188,64.06728791082074,63.39957143680535,63.56107338652864,100206400,0.011879539905982117,0.011809532066980773
473,2019-11-18,64.38545227050781,64.4649967640047,63.69362924762607,64.07207801003676,86703200,0.005041684947449054,0.005029018210519682
474,2019-11-19,64.1902084350586,64.60240830888569,63.97326152022207,64.57830146137563,76167200,-0.003032421588481271,-0.003037028694976639
475,2019-11-20,63.44296646118164,64.13960829630712,62.770424127126624,64.00944450755844,106234400,-0.011641058536722815,-0.011709346135934334
476,2019-11-21,63.15852355957031,63.640631274585225,62.958444738266365,63.56349227465166,121395200,-0.004483442649003022,-0.004493523420321076
477,2019-11-22,63.103065490722656,63.44053935025517,62.87647432295545,63.298318486465696,65325200,-0.0008780773476337878,-0.0008784630833684059
478,2019-11-25,64.20950317382812,64.22637870631682,63.2814445198713,63.327245332981434,84020400,0.01753381827810152,0.017381874419243035
479,2019-11-26,63.70811080932617,64.39993403773599,63.27662244789559,64.34690190752454,105207600,-0.007808694036217423,-0.007839341536381723
480,2019-11-27,64.56387329101562,64.59762436682284,63.95400724096207,64.01908914324333,65235600,0.013432551535717208,0.013343134656606054
481,2019-11-29,64.4216537475586,64.60244416967522,64.09622951647245,64.26497018633374,46617600,-0.0022027727923941143,-0.002205202465048512
482,2019-12-02,63.676795959472656,64.66270547897729,63.505649758718484,64.42647002035623,94487200,-0.011562227058074637,-0.011629589347473983
483,2019-12-03,62.541419982910156,62.560701052764436,61.77968898703024,62.26661508192712,114430400,-0.017830293742874814,-0.017991168596352938
484,2019-12-04,63.09343719482422,63.47189353394653,62.83792068269356,62.93193522248252,67181600,0.00882642594403693,0.008787700749781678
485,2019-12-05,64.01904296875,64.09377638893777,63.33204575992088,63.587562111609216,74424400,0.014670397034601823,0.014563827771288243
486,2019-12-06,65.25566864013672,65.32557629817515,64.43367434343493,64.47706961595611,106075600,0.01931652855214283,0.019132332651990824
487,2019-12-09,64.34207153320312,65.2773539234181,63.857551131523714,65.08451386193346,128042400,-0.014000271945289189,-0.014099200186120998
488,2019-12-10,64.7181396484375,65.10141438333517,64.08657238840084,64.74706493312719,90420400,0.005844824486888056,0.00582780976675696
489,2019-12-11,65.2701416015625,65.34969348345126,64.7229520666511,64.79767816395331,78756800,0.00852932355787095,0.008493154397818396
490,2019-12-12,65.43648529052734,65.70164603420217,64.4385260360903,64.54940876294314,137310400,0.0025485418735611276,0.002545299847844421
491,2019-12-13,66.32597351074219,66.36213012141157,65.3087258444204,65.43648410637257,133587600,0.013593153976190209,0.013501595834846022
492,2019-12-16,67.46131896972656,67.68550461462198,66.76709014300219,66.77190857113695,128186000,0.017117659928511886,0.01697280351953323
493,2019-12-17,67.59388732910156,67.92171691942357,67.20578694097172,67.39140304865965,114158400,0.0019651018005517606,0.001963173513781779
494,2019-12-18,67.4323959350586,67.95307308973534,67.28294373773436,67.44685857632358,116028400,-0.0023891419834563,-0.00239200053706612
495,2019-12-19,67.49988555908203,67.77950886281938,67.24196357196422,67.3745402255633,98369200,0.0010008486735133548,0.0010003481584117963
496,2019-12-20,67.36009979248047,68.13388072168874,67.14797119168522,68.03264220718796,275978000,-0.0020709037570028066,-0.0020730510432491345
497,2019-12-23,68.45927429199219,68.51953773767175,67.58424788370439,67.62281737170464,98572000,0.016317887041408685,0.01618618116552265
498,2019-12-24,68.52436065673828,68.67382019117778,68.19894391383995,68.6256064889227,48478800,0.0009507311524876716,0.0009502794938734572
499,2019-12-26,69.88391876220703,69.9007942963268,68.62803033131719,68.65695561473434,93121200,0.019840507703227317,0.019646250073063108
500,2019-12-27,69.85740661621094,70.86260446261116,69.45243789154644,70.17559948118166,146266000,-0.0003793740600939177,-0.00037944604063826367
501,2019-12-30,70.27201080322266,70.55404702486167,68.75337459667797,69.7754404953618,144114400,0.0059350068531673905,0.005917464076771262
502,2019-12-31,70.78543090820312,70.79266222631443,69.78987776207937,69.88871068051827,100805600,0.0073061820646938,0.00727962121034173
503,2020-01-02,72.40052795410156,72.46079141879511,71.15668916006118,71.4097927692221,135480400,0.02281680036663114,0.022560390157081087
504,2020-01-03,71.69664001464844,72.45595811976894,71.47246171476719,71.62914523544616,146322800,-0.009722138212850506,-0.0097697067616605
505,2020-01-06,72.26793670654297,72.3065062028637,70.56851011431775,70.81920816221287,118387200,0.007968249164505004,0.007936670308340747
506,2020-01-07,71.92805480957031,72.53309491165653,71.70869494472285,72.2775784441153,108872000,-0.00470308012739884,-0.00471417440726662
507,2020-01-08,73.0851058959961,73.38642316119072,71.63155170295238,71.63155170295238,132079200,0.01608622796055137,0.015958215594944834
508,2020-01-09,74.63751220703125,74.83035236373952,73.81069918448344,74.06138991692809,170108400,0.021241076304169493,0.0210186291408458
509,2020-01-10,74.80622863769531,75.37030104945943,74.30483992947904,74.87131787710281,140644800,0.0022604776830728035,0.002257926647045003
510,2020-01-13,76.40443420410156,76.43095395568463,75.00391177805751,75.12203317921409,121532000,0.021364605535011627,0.02113958173790458
511,2020-01-14,75.3727035522461,76.55146021431688,75.24977111147209,76.34174457661803,161954400,-0.0135035441673369,-0.013595546194280422
512,2020-01-15,75.04969024658203,76.05247495120804,74.61820187883205,75.17263004032235,121923600,-0.004285547558210645,-0.004294756837769201
513,2020-01-16,75.98983001708984,76.10072010904894,75.23051169402191,75.59209254847153,108829200,0.012526897411820226,0.012449084990712254
514,2020-01-17,76.83108520507812,76.83349074089385,75.93195182564011,76.23808752279956,137816400,0.011070628632793067,0.01100979776913929
515,2020-01-21,76.31040954589844,76.90098699093934,76.1730071029982,76.45986173724447,110843200,-0.006776887997740677,-0.006799955378982762
516,2020-01-22,76.58280181884766,77.13480977194556,76.48878729766383,76.79492300181599,101832400,0.0035695296954916245,0.003563174044334764
517,2020-01-23,76.95160675048828,77.03115126719418,76.0886300322076,76.63582686293465,104472000,0.00481576702446862,0.004804208312971712
518,2020-01-24,76.7298355102539,77.93992295405599,76.5394009459346,77.1974804769854,146537600,-0.0028819572403920857,-0.002886118075314907
519,2020-01-27,74.47360229492188,75.1533686742089,73.49251119660474,74.7411685818915,161940000,-0.029404900979235316,-0.02984589145632202
520,2020-01-28,76.58039855957031,76.75154473409874,75.25460237825888,75.35343533999493,162234000,0.02828916823850336,0.0278964195385801
521,2020-01-29,78.18338775634766,79.02948893915872,77.46987057591716,78.209907499375,216229200,0.020932108306153774,0.02071604167891898
522,2020-01-30,78.0700912475586,78.12312337660362,76.83589699674123,77.26738534868132,126743200,-0.0014491122991772132,-0.0014501632778518136
523,2020-01-31,74.60858917236328,77.78326467024122,74.31450314285442,77.36142037786921,199588400,-0.044338389002504974,-0.045351391982305346
524,2020-02-03,74.40367889404297,75.56796570063159,72.85129158100523,73.35268032975995,173788400,-0.0027464703540623914,-0.0027502488236541413
525,2020-02-04,76.86002349853516,77.05045810466474,75.60172207527795,76.00669078804627,136616400,0.03301375202145884,0.032480502751171744
526,2020-02-05,77.48676300048828,78.28465065522497,76.88412837567931,77.98573887898152,118826800,0.00815429755840591,0.008121230909313564
527,2020-02-06,78.39311218261719,78.39552507490272,77.1999001655233,77.7567339114429,105425600,0.011696825974304659,0.011628946905723945
528,2020-02-07,77.32755279541016,78.14183107037995,76.8370524098855,77.89295663582978,117684000,-0.013592512882060426,-0.013685736814154975
529,2020-02-10,77.69481658935547,77.69481658935547,75.83430131081457,75.914034625019,109348800,0.004749455797689706,0.00473821271745692
530,2020-02-11,77.22606658935547,78.26264398287658,77.00860470842123,78.19015914717811,94323200,-0.006033221012381129,-0.006051494425706097
531,2020-02-12,79.05999755859375,79.06482742202022,77.67547849475221,77.67547849475221,113730400,0.023747564135178534,0.023469976827174496
532,2020-02-13,78.49700164794922,78.82319807398167,78.12973294999506,78.33269781258844,94747600,-0.007121122287251258,-0.00714659849674828
533,2020-02-14,78.51634979248047,78.76522420824622,78.00893385896474,78.4656030374421,80113600,0.00024648259328463595,0.00024645222144089115
534,2020-02-18,77.07868957519531,77.25990906479217,76.01794795664523,76.19916744624209,152531200,-0.018310329263712677,-0.01848003815190454
535,2020-02-19,78.19496154785156,78.42450907000605,77.32027709305024,77.32027709305024,93984000,0.014482238590307839,0.014378372580259377
536,2020-02-20,77.39277648925781,78.44385067885128,76.88777921917897,77.95576899229526,100566000,-0.010258781930634342,-0.010311765912891315
537,2020-02-21,75.64098358154297,77.42902110600791,75.02484049800245,76.98684158821678,129554000,-0.022635095769667823,-0.022895202064825818
538,2020-02-24,72.04802703857422,73.49778279969091,69.88547911921196,71.8257352845529,222195200,-0.04750012986141894,-0.04866530831873802
539,2020-02-25,69.60758209228516,73.0990790994302,69.13641603822464,72.71731344350151,230673600,-0.03387247432858165,-0.03445943933011348
540,2020-02-26,70.71182250976562,71.97552869907848,69.22582460812832,69.23307309062069,198054800,0.01586379506784863,0.0157392801968589
541,2020-02-27,66.08952331542969,69.10501764925158,65.95421338126829,67.92105203842019,320605600,-0.06536812417326077,-0.06760254291315022
542,2020-02-28,66.05085754394531,67.27107285671417,61.94563554811998,62.1606861550344,426510000,-0.000585051450588181,-0.0005852226599688863
543,2020-03-02,72.20024108886719,72.83571844288954,67.10435128397388,68.20616489725688,341397200,0.09310073742540781,0.08901837093585699
544,2020-03-03,69.9072036743164,73.45426993984877,69.05667582944147,73.3745366413102,319475600,-0.031759414926723184,-0.03227468428724679
545,2020-03-04,73.14984130859375,73.30931532822694,70.82781935536424,71.62760069893737,219178400,0.046384885445913904,0.04534125727962079
546,2020-03-05,70.77706146240234,72.3790349760971,70.41220399588842,71.40528289969257,187572800,-0.03243725213540072,-0.03297500050723405
547,2020-03-06,69.8371353149414,70.26964775134793,67.95245619771107,68.13850549074616,226176800,-0.013280095669982561,-0.013369064696538282
548,2020-03-09,64.31356048583984,67.19373670107173,63.54760324031838,63.72882264119381,286744800,-0.07909223086245076,-0.08239538982873536
549,2020-03-10,68.9455337524414,69.21132371848606,65.0867678159455,66.96420578722295,285290000,0.07202172032788323,0.06954632394323991
550,2020-03-11,66.55101013183594,67.95002595285474,65.6884040253017,67.02460213571918,255598800,-0.03473065607416048,-0.03534810371138592
551,2020-03-12,59.97880172729492,65.23899909398826,59.92322879744106,61.8417392125565,418474000,-0.0987544500304598,-0.10397752801565074
552,2020-03-13,67.16474914550781,67.63592258199654,61.11926832671573,64.00428573904365,370732000,0.11980811905654898,0.11315734835872811
553,2020-03-16,58.52421569824219,62.60044010140755,57.99022079286357,58.4613905994218,322423600,-0.12864685057553782,-0.13770793146248245
554,2020-03-17,61.097530364990234,62.245249799692694,57.60361793460999,59.80483021639644,324056000,0.04397008376868072,0.04303083365588935
555,2020-03-18,59.601871490478516,60.40648633083556,57.294342975256725,57.93465394251518,300233600,-0.024479858114997644,-0.024784471377133258
556,2020-03-19,59.14519119262695,61.09269547807698,58.62086339938416,59.775834978401704,271857200,-0.0076621805059345904,-0.00769168582433444
557,2020-03-20,55.39033508300781,60.8486645049943,55.090717572428154,59.7251016055102,401693200,-0.06348539980858536,-0.0655901670524988
558,2020-03-23,54.21360397338867,55.21152015646839,51.372084613414366,55.1100377172106,336752800,-0.021244339971146498,-0.021473248778030626
559,2020-03-24,59.6525993347168,59.84831571056435,56.61294527600062,57.1106940064076,287531200,0.10032528669368501,0.0956058512652874
560,2020-03-25,59.32398986816406,62.39988643227555,59.02920598580545,60.587692247407915,303602000,-0.005508719992382449,-0.0055239489441303415
561,2020-03-26,62.445796966552734,62.50378482179249,59.526955709117544,59.5656167372231,252087200,0.052623013140658204,0.05128515683806606
562,2020-03-27,59.860416412353516,61.82483295199707,59.69369391072969,61.07096113970106,204216800,-0.04140199468643191,-0.042283473091685654
563,2020-03-30,61.56869888305664,61.74025490515105,60.2615017965214,60.5852833250574,167976400,0.028537764571089363,0.028138147541875866
564,2020-03-31,61.44305419921875,63.424386025978244,60.88973245903772,61.75958725464871,197002000,-0.0020407233889502274,-0.0020428085021678187
565,2020-04-01,58.210105895996094,60.0972038911912,57.78001201918498,59.56079401122782,176218400,-0.052616985684669326,-0.05405181738940044
566,2020-04-02,59.18143081665039,59.234588810411715,57.24117510511811,58.072368803656616,165934000,0.01668653416280952,0.01654884355975686
567,2020-04-03,58.3309211730957,59.36749487099752,57.741353268233574,58.6667810943843,129880000,-0.014371224754427536,-0.014475490965945387
568,2020-04-06,63.419532775878906,63.57416947483236,60.25665150211028,60.62392011423058,201820400,0.08723694912485369,0.0836395688593951
569,2020-04-07,62.68501281738281,65.64976767726971,62.58111543792132,65.43229844270063,202887200,-0.01158192005437575,-0.011649512900598
570,2020-04-08,64.28942108154297,64.60353188066507,63.119952317554805,63.4848025037082,168895200,0.02559476646888781,0.025272704274298452
571,2020-04-09,64.7532958984375,65.2558816926855,63.958352324173276,64.92485552590564,161834800,0.007215414435077339,0.007189507875408421
572,2020-04-13,66.02428436279297,66.13301897916537,64.23141674512242,64.8306516969401,131022800,0.01962816636158493,0.01943801805154699
573,2020-04-14,69.35870361328125,69.64865760923763,67.18407076511772,67.65524416508772,194994800,0.05050292150333924,0.049269022358869326
574,2020-04-15,68.72564697265625,69.18473466784468,67.80747158227939,68.23514673339383,131154400,-0.009127284791173307,-0.009169193659364848
575,2020-04-16,69.27171325683594,69.63657063800945,68.22305798705365,69.43843567778042,157125200,0.007945596851157255,0.007914196814849471
576,2020-04-17,68.331787109375,69.33454028123167,66.89652897721241,68.78846350317025,215250000,-0.013568686311770772,-0.01366158220985474
577,2020-04-20,66.91346740722656,68.06119058127958,66.89414057720502,67.15993057649021,130015200,-0.02075636774841272,-0.020974809136340884
578,2020-04-21,64.84516906738281,66.99080914795039,64.13478803060461,66.75643163072982,180991600,-0.03091004576487355,-0.031397839372002606
579,2020-04-22,66.7129135131836,67.14783719048366,65.77057396314187,66.11125999851906,116862400,0.02880313942677737,0.028396126038919417
580,2020-04-23,66.45437622070312,68.0781026916564,66.41571518879498,66.65734110784256,124814400,-0.003875371031867414,-0.003882899739503062
581,2020-04-24,68.37289428710938,68.38256138963163,66.93038709342744,66.97871523220005,126161200,0.028869702426136845,0.028460823398022195
582,2020-04-27,68.42122650146484,68.75225288764294,67.64319061344894,68.09019274144761,117087600,0.0007068914495926837,0.0007066417195130386
583,2020-04-28,67.31212615966797,69.06391357506078,67.22031453053839,68.88269418726152,112004800,-0.016209886880252378,-0.016342704356547878
584,2020-04-29,69.52304077148438,69.9917957281478,68.5951979613223,68.79816288474782,137280800,0.03284571054213914,0.032317818422701705
585,2020-04-30,70.98970031738281,71.16608991336996,69.67284332982524,70.06185756526263,183064000,0.021096021256020725,0.02087658104450954
586,2020-05-01,69.8468017578125,72.24614521202258,69.06876605288338,69.16541493960355,240616800,-0.01609949829990276,-0.016230503200904786
587,2020-05-04,70.83504486083984,70.96310628408554,69.18232470328076,69.8709599457229,133568000,0.014148723751933323,0.01404956478074294
588,2020-05-05,71.89820861816406,72.7294023781066,71.14916678667844,71.29414381435919,147751200,0.015009008032858207,0.014897487363588788
589,2020-05-06,72.64000701904297,73.27064717863384,72.21474300795924,72.59892736503848,142333600,0.010317341907897015,0.010264481411522662
590,2020-05-07,73.39144897460938,73.73697961793019,72.96377378346223,73.26580616038919,115215200,0.01034473957814197,0.010291598929585342
591,2020-05-08,75.13827514648438,75.19157702632022,73.72336125623794,74.05044063733078,133838400,0.023801494537590173,0.023522654834761837
592,2020-05-11,76.32061767578125,76.81486350373997,74.4380975285037,74.64646215282984,145946400,0.015735555906651655,0.015613035658233918
593,2020-05-12,75.44842529296875,77.45450365262057,75.32728527754581,77.00385895047138,162301200,-0.01142800476953254,-0.011493806215888957
594,2020-05-13,74.53743743896484,76.54836579208815,73.46171369194431,75.62769739388037,200622400,-0.012074312359290573,-0.012147799001607786
595,2020-05-14,74.9953384399414,75.0559084279637,73.05467365769209,73.77667057668484,158929200,0.006143235087086474,0.006124442344635899
596,2020-05-15,74.55198669433594,74.59802049199271,72.73488645146278,72.76880920502032,166348400,-0.005911724046162137,-0.005929267462153694
597,2020-05-18,76.30848693847656,76.68160011197014,75.18431187481639,75.87481117448924,135178400,0.02356074361025806,0.023287473268983252
598,2020-05-19,75.86756134033203,77.17102150533867,75.83606375790906,76.32546668705436,101729600,-0.005778198675332469,-0.005794957051965404
599,2020-05-20,77.3430404663086,77.41329633678234,76.68645639876391,76.72522208271401,111504800,0.019448089538000923,0.019261392166633515
600,2020-05-21,76.76641082763672,77.7452239875939,76.5289737926269,77.20493698671349,102688800,-0.007455481904969363,-0.0074834129229155435
601,2020-05-22,77.26067352294922,77.34304783651851,76.40300024409417,76.50475370458611,81803200,0.006438528126868848,0.0064178893461925585
602,2020-05-26,76.73735809326172,78.55687612704607,76.68163102348302,78.37759126728832,125522000,-0.006773373901950985,-0.006796417312328172
603,2020-05-27,77.07167053222656,77.2170399794521,75.85542785782724,76.59438613380821,112945200,0.004356579992740084,0.0043471175707015
604,2020-05-28,77.10559844970703,78.36303205284943,76.4708261278027,76.7470214416537,133560800,0.0004402125611937535,0.0004401156960706905
605,2020-05-29,77.0304946899414,77.80821132778638,76.67434283627068,77.34788086093664,153532400,-0.0009740376999293199,-0.0009745123829142096
606,2020-06-01,77.9778060913086,78.09894607051093,76.85362353528801,76.98445678308985,80791200,0.012297875084150034,0.012222870523408473
607,2020-06-02,78.33880615234375,78.36303562857958,77.27035057638682,77.71130190496551,87642800,0.00462952318269183,0.00461883989989002
608,2020-06-03,78.77008056640625,79.03174713400516,78.08684912120862,78.65863382513984,104491200,0.005505246189529744,0.005490147710275118
609,2020-06-04,78.0916976928711,78.8912188000404,77.71858439241902,78.59321910796065,87560400,-0.008612189662079328,-0.0086494888737938
610,2020-06-05,80.31581115722656,80.3763811505578,78.31215843959637,78.34123085338769,137250400,0.028480792837962676,0.02808275500986778
611,2020-06-08,80.79067993164062,80.82460267780965,79.30308470158906,80.01296326734492,95654400,0.005912519186097143,0.005895108836843656
612,2020-06-09,83.34188079833984,83.73437314923221,80.439371619184,80.47086919688729,147712400,0.031577910581491064,0.031089582020971444
613,2020-06-10,85.48605346679688,85.95365197826031,83.85066386558994,84.28918996715056,166651600,0.025727433169467684,0.025402051775913006
614,2020-06-11,81.38185119628906,85.05481691401155,81.28009773597238,84.63082691049463,201662400,-0.048010197032921864,-0.04920095541717229
615,2020-06-12,82.0844497680664,84.26496946856898,80.97481077374836,83.5187504243347,200146000,0.008633356964106387,0.00859630265386362
616,2020-06-15,83.099609375,83.75134312369018,80.57747385342842,80.73980469603605,138808800,0.012367258473462206,0.012291408661581888
617,2020-06-16,85.30194091796875,85.57330073439438,83.51876362996565,85.15172849785749,165428800,0.02650230921099017,0.02615720707099907
618,2020-06-17,85.1832275390625,86.10631378252053,85.06208753447432,86.04574378022643,114406400,-0.0013916843817236568,-0.001392653673836326
619,2020-06-18,85.21715545654297,85.63387739334637,84.60903023062069,85.1396240743936,96820400,0.0003982934018895712,0.0003982141041277283
620,2020-06-19,84.73014068603516,86.3873345839492,83.62291958868391,85.9221612409191,264476000,-0.0057149850625578535,-0.005731378076747472
621,2020-06-22,86.94702911376953,87.08997343752344,85.07662707395669,85.12266086900618,135445200,0.026164106536173293,0.025827681849284818
622,2020-06-23,88.80288696289062,90.22022642343374,87.77077181014047,88.18991886652088,212155600,0.0213446953626526,0.021120087850692228
623,2020-06-24,87.23533630371094,89.3504433677871,86.86222303304002,88.43220009652119,192623200,-0.017652023631109515,-0.01780967864201836
624,2020-06-25,88.39342498779297,88.4321906709593,86.63205223537432,87.39038973838228,137522400,0.01327545388316187,0.01318810724027382
625,2020-06-26,85.6774673461914,88.50972079929527,85.52967271907464,88.28924513838203,205256800,-0.030725788054672964,-0.031207722660220164
626,2020-06-29,87.65205383300781,87.74654657742667,85.10811395697272,85.58540582946648,130646000,0.0230467420195537,0.02278517704939024
627,2020-06-30,88.38372802734375,88.66962400453063,87.22078715611465,87.24016629998945,140223200,0.008347484883011402,0.008312837310933142
628,2020-07-01,88.21654510498047,89.00395490730808,88.1680935534231,88.46125020956501,110737200,-0.0018915577119756888,-0.0018933489664618012
629,2020-07-02,88.21654510498047,89.75744936292526,88.10268063161203,89.12267710528712,114041600,0.0,0.0
630,2020-07-06,90.57637023925781,91.04396881704737,89.61209327585406,89.64359085564888,118655600,0.026750369009227004,0.02639883324986638
631,2020-07-07,90.29534149169922,91.73206023970783,90.18389475245895,90.95434344364946,112424400,-0.003102671776493704,-0.0031074950418266477
632,2020-07-08,92.39832305908203,92.42982064230873,91.18449788463136,91.27172253001288,117092000,0.023290033933546228,0.023022959918757413
633,2020-07-09,92.79564666748047,93.34319433054527,91.74899550161554,93.28989244541889,125642800,0.004300117093514633,0.0042908980093177874
634,2020-07-10,92.9579849243164,93.01613714978424,91.78050772022172,92.39105063414506,90257200,0.0017494167309124453,0.0017478882837975844
635,2020-07-13,92.5291519165039,96.86838742692706,92.31594434218474,94.26145236714936,191649200,-0.004613191735617361,-0.004623865343529315
636,2020-07-14,94.06036376953125,94.25175963929699,90.97856198164641,91.91133403395911,170989200,0.016548426320918574,0.016412993208186583
637,2020-07-15,94.70722198486328,96.18270585302714,93.51035855398811,95.93315782397079,153198000,0.0068770541534048935,0.006853515074548853
638,2020-07-16,93.5418930053711,94.39714118909534,92.94346105400828,93.58065869622936,110577600,-0.012304541882544484,-0.012380869522026584
639,2020-07-17,93.35289764404297,94.14757567538506,92.88044872986721,93.99252033438566,92186800,-0.0020204354996030682,-0.0020224793328265773
640,2020-07-20,95.32019805908203,95.45829940379683,93.09606991347445,93.44011069251526,90318000,0.021073801292600836,0.020854819912623813
641,2020-07-21,94.00463104248047,96.18515083470295,93.75508296201137,96.11004463336359,103433200,-0.013801555634474605,-0.013897682595986328
642,2020-07-22,94.26872253417969,94.94952872983103,93.61941392094188,93.70663117027293,89001600,0.0028093455478792606,0.0028054067119851513
643,2020-07-23,89.97794342041016,94.0797418561393,89.16872914510222,94.00221048521436,197004400,-0.04551646610267568,-0.04658488698941582
644,2020-07-24,89.75504302978516,90.09908386887433,86.39219558540321,88.17780532258647,185438800,-0.0024772781211893635,-0.00248035165167672
645,2020-07-27,91.88225555419922,91.97432312790853,90.59333170366311,90.81622514062431,121214000,0.023700200597175813,0.023423710896656496
646,2020-07-28,90.37284851074219,91.63028207050725,90.36799817960483,91.45341504133539,103625600,-0.016427622878355086,-0.016564052481330912
647,2020-07-29,92.10516357421875,92.28929873601002,90.81865739523712,90.85499791564365,90329200,0.01916853448821687,0.018987132604299285
648,2020-07-30,93.21963500976562,93.32381361272807,90.87194172588752,91.27897026336679,158130000,0.012099988668375028,0.012027369016566853
649,2020-07-31,102.97869873046875,103.12891115542561,97.71152622340603,99.70791855704327,374336800,0.1046889286756032,0.09956378282686482
650,2020-08-03,105.5735092163086,108.19013023936542,104.56078059833798,104.85878026409463,308151200,0.025197545879185768,0.024885321707787213
651,2020-08-04,106.278564453125,107.36882464563494,105.0405095897432,105.7625067789956,173071600,0.006678334764565141,0.006656133477222439
652,2020-08-05,106.66373443603516,106.98354570391498,105.53470912522043,105.99988982339075,121776800,0.0036241549261801786,0.0036176035008646016
653,2020-08-06,110.38517761230469,110.87943083941089,106.40694450020551,106.995683074286,202428800,0.03488948887778931,0.034294646985458296
654,2020-08-07,107.87550354003906,110.363351174005,107.07939259345517,109.90704232526846,198045600,-0.02273560750230541,-0.0229980468680777
655,2020-08-10,109.44345092773438,110.46043507725163,106.7954093213871,109.31966296937568,212403600,0.014534786269742472,0.01443016877398526
656,2020-08-11,106.1885986328125,109.20556664025784,105.92888988244533,108.70800016951561,187902400,-0.029740037136356867,-0.03019124043887513
657,2020-08-12,109.71772003173828,109.97499928394977,107.08424089381839,107.27841139872632,165598000,0.033234466264396856,0.032694140436929156
658,2020-08-13,111.6594467163086,112.66186835700262,110.60847874929773,111.09634192240293,210082000,0.017697475704094412,0.01754269881972227
659,2020-08-14,111.55996704101562,111.6497711065472,109.75172322002427,111.4847253965361,165565200,-0.000890920367407122,-0.0008913174728347141
660,2020-08-17,111.2686538696289,112.70554049467134,110.64244782402939,112.68126733476751,119561600,-0.002611269787123671,-0.0026146850989034742
661,2020-08-18,112.19586181640625,112.62061629597079,110.68616274132592,111.02111317320909,105633600,0.008333056207040501,0.008298527978664436
662,2020-08-19,112.33663177490234,113.74924556112234,112.24197605902953,112.60362178027331,145538000,0.001254680486580284,0.0012538940327820028
663,2020-08-20,114.82933044433594,114.94340764743272,112.3608970952543,112.37788905057565,126907200,0.02218954431915332,0.02194693869393163
664,2020-08-21,120.74676513671875,121.22976923366335,115.77592204362502,115.78805492165831,338054800,0.051532432258248884,0.050248559487381175
665,2020-08-24,122.19093322753906,125.03315266970756,120.32686973134855,124.94819288976294,345937600,0.011960304602654181,0.011889345395030499
666,2020-08-25,121.18850708007812,121.53316822878249,119.4676456893335,121.06472653687041,211495600,-0.008203768651101617,-0.008237604743862694
667,2020-08-26,122.83656311035156,123.29287194891076,121.43851175938384,122.50404222890556,163022400,0.013599111582292656,0.013507473527064646
668,2020-08-27,121.36811828613281,123.77101327398971,120.22491675397727,123.43849242247208,155552400,-0.011954460358025165,-0.012026489541472372
669,2020-08-28,121.17151641845703,122.75887903183632,120.9482136928383,122.34140581995463,187630000,-0.00161988066101737,-0.0016211940862817641
670,2020-08-31,125.28070831298828,127.18361471555613,122.32927827603109,123.86325036863211,225702700,0.03391219336019913,0.033349853099530716
671,2020-09-01,130.27101135253906,130.87295935623808,126.72735043228148,128.89238109702669,151948100,0.039832972743764516,0.0390600971242218
672,2020-09-02,127.57196807861328,133.96027723036116,123.30015752319882,133.58163954392333,200119000,-0.020718679051486277,-0.02093632231811627
673,2020-09-03,117.35845947265625,125.08656380077784,116.98953249318684,123.21279665675358,257599600,-0.08006075911334376,-0.08344765363445802
674,2020-09-04,117.43609619140625,120.09627025828247,107.65946373638324,116.5720249717954,332607200,0.0006615349170298046,0.0006613161992608914
675,2020-09-08,109.53325653076172,115.52350643380636,109.39733569135389,110.63033399373361,231366600,-0.06729480898074036,-0.06966610768181182
676,2020-09-09,113.90216827392578,115.6691467263431,111.90218370886298,113.8439185975471,176940500,0.03988662331003634,0.03911169116255805
677,2020-09-10,110.18370819091797,116.98948882652327,109.22255180899475,116.85356802128679,182274400,-0.03264608689507309,-0.03319085968576696
678,2020-09-11,108.73715209960938,111.87305715590524,106.79541724068777,111.2322810970384,180860300,-0.013128584207767968,-0.01321552585496813
679,2020-09-14,111.99925231933594,112.55264638404466,109.51383440164483,111.37789783991316,140150100,0.02999986809235433,0.029558674175860795
680,2020-09-15,112.17400360107422,115.36815776085928,110.30022950147779,114.88272413305843,184642000,0.0015602897172921626,0.0015590737299885503
681,2020-09-16,108.86333465576172,112.6205933237319,108.77596016463926,111.8730288513231,154679000,-0.029513691577651713,-0.02995798422905494
682,2020-09-17,107.12550354003906,108.93131746592069,105.5429923714999,106.52357050283204,178011000,-0.0159634198347669,-0.01609220765618772
683,2020-09-18,103.7274398803711,107.64974394669376,102.9992895380195,107.18373187558059,287104900,-0.03172039848006791,-0.03223438886773021
684,2020-09-21,106.87307739257812,106.97987339137704,100.09642017457678,101.49447149912258,195713800,0.030325992002067093,0.02987524925629151
685,2020-09-22,108.55266571044922,109.57207929386054,105.97987340331184,109.39732289119372,183055400,0.015715728964194042,0.015593515679974137
686,2020-09-23,103.99930572509766,108.84393137946276,103.65949625131259,108.36820848614498,150718700,-0.041946090918642986,-0.04285123006700325
687,2020-09-24,105.06726837158203,107.03812795513899,101.94107424298952,102.10611991881453,167743300,0.010268940153382644,0.010216572787225509
688,2020-09-25,109.00898742675781,109.16432976181966,104.53328824582925,105.27114952311253,149981400,0.037516146715030674,0.03682953610043729
689,2020-09-28,111.61089324951172,111.96040603666982,109.49440244155606,111.65943957272272,137672400,0.023868727562505798,0.023588322659799436
690,2020-09-29,110.76624298095703,111.95070223231198,110.26139526105185,111.21284844222973,99382200,-0.007567812101157867,-0.0075965932901906055
691,2020-09-30,112.43614196777344,113.84390402616219,110.30994757365427,110.4749932403561,142675200,0.015075883607458707,0.014963371874034709
692,2020-10-01,113.38760375976562,114.2905107318788,112.45557195099242,114.21283956269843,116120400,0.008462241547427807,0.008426637500446666
693,2020-10-02,109.7274169921875,112.00896103141628,108.95072761058432,109.60120691204848,144712000,-0.03228030795441239,-0.032812807973373555
694,2020-10-05,113.10604095458984,113.25167253166546,110.24198536966455,110.59149819179417,106243800,0.030791064394078527,0.030326531145848507
695,2020-10-06,109.86335754394531,112.73712413305032,108.97986466252809,112.32935419932602,161498200,-0.02866940954945474,-0.029088404731741214
696,2020-10-07,111.72742462158203,112.18373349473666,110.80509612706318,111.28082649663705,96849000,0.01696714099504093,0.016824806805062577
697,2020-10-08,111.62060546875,113.00894588963777,111.25167118458671,112.86331432521168,83477200,-0.0009560692300375484,-0.0009565265557371159
698,2020-10-09,113.56234741210938,113.59147224549314,111.57206651675105,111.92157933161523,100506900,0.01739590943092484,0.017246332787991644
699,2020-10-12,120.77588653564453,121.53316180020073,115.8050435838883,116.56231884844449,240226800,0.06352051791741986,0.06158464829520056
700,2020-10-13,117.5720443725586,121.73706653898319,116.16428956094119,121.62055978073589,262330500,-0.026527167425431264,-0.026885361519156884
701,2020-10-14,117.65941619873047,119.44580856247916,116.13515475963598,117.4749490324475,150712000,0.0007431343618982122,0.0007428583742804194
702,2020-10-15,117.19338989257812,117.66911279151616,114.70797199610067,115.26136605608602,112559200,-0.003960807568220592,-0.00396867234061929
703,2020-10-16,115.55261993408203,118.00892036442943,115.34873869497103,117.74678205190853,115393800,-0.014000533306529173,-0.014099465258480742
704,2020-10-19,112.6011962890625,116.9118422011094,112.29051903948137,116.46524411778215,120639300,-0.02554181503373265,-0.02587367017396078
705,2020-10-20,114.08660888671875,115.51378488263892,112.26137377590751,112.81476779400624,124423700,0.013191801211800636,0.013105547138502198
706,2020-10-21,113.46525573730469,115.25164788351834,113.05748587164362,113.27107784719725,89946000,-0.005446328499701725,-0.0054612138182560995
707,2020-10-22,112.37789916992188,114.60118635769001,111.25168945435153,114.02837075211397,101988000,-0.00958316764296785,-0.009629381682261282
708,2020-10-23,111.68858337402344,113.15459517987493,110.95072209723901,112.99925284491812,82572600,-0.006133908900149088,-0.006152798604109826
709,2020-10-26,111.69829559326172,113.15459667058127,109.59150773865373,110.68859262413119,111850700,8.69580304887485e-05,8.695424985838445e-05
710,2020-10-27,113.2031478881836,113.8633380778765,111.20316322843642,112.12548438137411,92276800,0.013472473209453772,0.013382526412267368
711,2020-10-28,107.96045684814453,112.06722939685507,107.86337158513633,111.69830243457162,143937800,-0.04631223722875211,-0.04741895379840557
712,2020-10-29,111.96043395996094,113.52353114594587,108.93132485149748,109.09637794730227,146129200,0.037050390750408724,0.03638052088300662
713,2020-10-30,105.6886215209961,108.72743369464578,104.58183332192213,107.82452675254544,190272600,-0.05601811476729146,-0.05764830239288551
714,2020-11-02,105.60123443603516,107.4555945603439,104.19347979423505,105.9313331743507,122866900,-0.0008268353177790511,-0.0008271773346411576
715,2020-11-03,107.22260284423828,108.24200921576619,105.56242040449504,106.46532742335162,107624400,0.015353688021376488,0.015237012900084591
716,2020-11-04,111.6012191772461,112.22257380146256,109.07696509047527,110.81481885128213,138235500,0.040836691302566175,0.04002490057573041
717,2020-11-05,115.56233978271484,116.1351553723964,113.46527015302647,114.51380126430563,126387100,0.03549352448540599,0.034878148319130525
718,2020-11-06,115.43103790283203,115.92702909027747,112.94132478624495,115.07119461202119,114457900,-0.001136199562328799,-0.0011368455263939322
719,2020-11-09,113.1261215209961,118.64043465344767,112.86353836131654,117.19134868504119,154515300,-0.019967908317485406,-0.020169961238867322
720,2020-11-10,112.78575134277344,114.36126539416934,110.99626934105305,112.37728528647897,138023400,-0.0030087673266468995,-0.003013302766733807
721,2020-11-11,116.20907592773438,116.34523125447596,113.24282640096855,113.97223311704505,112295000,0.030352456265126282,0.029900934256377666
722,2020-11-12,115.936767578125,117.22052312713384,115.31434109496367,116.33551348572685,103162300,-0.0023432623264185715,-0.0023460120619914816
723,2020-11-13,115.98540496826172,116.38414348107418,114.633571669367,116.16046289142338,81581900,0.00041951652743765777,0.0004194285549823338
724,2020-11-16,116.99684143066406,117.66789057082231,114.90587400574458,115.65472831052979,91183000,0.008720377039500127,0.008682574162901368
725,2020-11-17,116.11186218261719,117.35671554232432,115.69366856147388,116.26747256253624,74271000,-0.007564129400632891,-0.00759288251404182
726,2020-11-18,114.78914642333984,116.52999772652923,114.75997134662337,115.35322263955022,76322100,-0.011391736678867614,-0.011457119534932954
727,2020-11-19,115.38243103027344,115.7908970620543,113.60267663763,114.36125853091154,74113000,0.005168473025712439,0.0051551623133425884
728,2020-11-20,114.11809539794922,115.50883100676269,114.06947274108221,115.38240319501891,73604300,-0.010957782922709325,-0.011018261640250082
729,2020-11-23,110.72394561767578,114.39043445067523,110.6266928661709,113.96251344016258,127959300,-0.029742432770521243,-0.030193709506149424
730,2020-11-24,112.0076904296875,112.66901946402936,109.49852961528087,110.78229252304031,113874200,0.011594102837017894,0.011527406256366737
731,2020-11-25,112.84407806396484,113.54430968345936,112.00769112066959,112.37726193090761,76499200,0.007467234000350986,0.007439492225827682
732,2020-11-27,113.38867950439453,114.26396887549629,113.02884367731912,113.36923192721775,46691300,0.004826141076902379,0.004814532592528215
733,2020-11-30,115.78117370605469,117.6484533013128,113.60267342501068,113.75828376790362,169410200,0.021099938830908105,0.020880417674259036
734,2020-12-01,119.35039520263672,120.07980194572332,116.71480639467286,117.68734871878834,127728200,0.03082730449462856,0.03036168808963661
735,2020-12-02,119.70050811767578,119.98254627518949,117.57063810536371,118.66960823368215,89004200,0.0029334876892919137,0.0029291934103734133
736,2020-12-03,119.56437683105469,120.38130896612707,118.85441754422335,120.12844583959544,78967600,-0.0011372657373122097,-0.0011379129147124946
737,2020-12-04,118.89328002929688,119.48653134532607,118.18332098194936,119.23366830409037,78260400,-0.005612849073817983,-0.00562866030296567
738,2020-12-07,120.35210418701172,121.14958854018184,118.89329080292673,118.95164096391939,86712000,0.012270030378128682,0.012195363709783717
739,2020-12-08,120.96479797363281,121.54832923828494,119.71021762648395,120.95507789382133,82225500,0.005090843992798355,0.005077929458560644
740,2020-12-09,118.43619537353516,122.49169482167979,117.67761359703715,121.11068659164964,115089200,-0.02090362355376174,-0.02112519753158638
741,2020-12-10,119.85609436035156,120.46880067316184,116.85094263147249,117.19133090530717,81312200,0.011988725088121877,0.011917429585939106
742,2020-12-11,119.04891204833984,119.38930038520903,117.23998269251022,119.06835963048555,86939800,-0.006734595485690553,-0.006757375206276124
743,2020-12-14,118.43619537353516,119.9630864267169,118.20278730843776,119.2336797308675,79184500,-0.005146764168293183,-0.005160054379662996
744,2020-12-15,124.36869812011719,124.3881531199314,120.72166474533367,120.92589772393254,157243700,0.05009028471297605,0.04887614591382545
745,2020-12-16,124.30062103271484,124.84524231148528,123.08494323552482,123.91161007354079,98208600,-0.0005473812014707979,-0.0005475310692530262
746,2020-12-17,125.16617584228516,126.02201771109635,124.52429444067675,125.36068131070151,94359800,0.006963398914495489,0.006939266416977164
747,2020-12-18,123.18220520019531,125.5552106694522,122.65703149372492,125.41905534776451,192541500,-0.01585069311848064,-0.015977658804728706
748,2020-12-21,124.70907592773438,124.78688108062977,120.06032563089732,121.5872165119075,121251600,0.012395221574882376,0.01231902977931544
749,2020-12-22,128.2588653564453,130.71939584455194,126.09008564573021,127.99627481697722,168904800,0.02846456364385186,0.02806697511171928
750,2020-12-23,127.3641586303711,128.79378229896713,127.18909328249408,128.53120653688052,88223700,-0.00697578856313541,-0.0070002331225571994
751,2020-12-24,128.34642028808594,129.79551379030826,127.5003131582361,127.71427367104259,54930100,0.007712229784876179,0.0076826425656709215
752,2020-12-28,132.93678283691406,133.56892926985674,129.84409122328378,130.31092211880733,124486200,0.035765411598738917,0.03514068151588145
753,2020-12-29,131.16671752929688,134.9790798868001,130.6512715243163,134.25940839899167,121047300,-0.013315090600535262,-0.013404531246850615
754,2020-12-30,130.04840087890625,132.25607679071385,129.73718011608634,131.85733075328437,96452100,-0.008525917789631632,-0.008562471343398617
755,2020-12-31,129.04661560058594,131.040329904096,128.10324856194674,130.39844854670574,99116600,-0.0077031725999701095,-0.00773299528560531
756,2021-01-04,125.856689453125,129.9413637183322,123.27945114345249,129.85383848203446,143301900,-0.024719177117624835,-0.02502982598598367
757,2021-01-05,127.41279602050781,128.12276277719602,124.90363442356144,125.35101053270986,97664900,0.012364114884512167,0.012288303470452431
758,2021-01-06,123.12383270263672,127.45164965166228,122.90987224593289,124.21308256408004,155088000,-0.033661951168395654,-0.03424155895615343
759,2021-01-07,127.32523345947266,128.01574500748134,124.34925645838389,124.83552759816486,109578200,0.0341233753418233,0.033554087480751525
760,2021-01-08,128.4241943359375,128.9882705657379,126.65416049347947,128.79375026318803,105158200,0.008631131839350825,0.008594096572541203
761,2021-01-11,125.43848419189453,126.59581174174171,124.9716681081952,125.64272457590934,100384500,-0.023248813508090382,-0.023523330313208447
762,2021-01-12,125.2634506225586,126.12901267192076,123.37671619500519,124.97168496595856,91951100,-0.0013953737600030935,-0.00139634820054614
763,2021-01-13,127.29605865478516,127.84067995815208,124.96196311469332,125.22453884607683,88636800,0.01622666485814106,0.016096419607043038
764,2021-01-14,125.37042999267578,127.40303981441828,125.22453974548624,127.20853432464988,90221800,-0.01512716640608247,-0.015242749094888944
765,2021-01-15,123.64900207519531,126.64443352578483,123.51284677470555,125.24397052656742,111598500,-0.013730733136841256,-0.013825871536914879
766,2021-01-19,124.32008361816406,125.1759255883475,123.45452156734409,124.27145353534586,90757300,0.005427310626903825,0.0054126358490237175
767,2021-01-20,128.40478515625,128.8521612360096,125.02034140959604,125.12732167824589,104319500,0.032856328754022224,0.03232809891009164
768,2021-01-21,133.11184692382812,135.83496806730975,129.92190967683482,130.1261500695179,120150900,0.036657993406167266,0.03600207099880609
769,2021-01-22,135.25146484375,136.01004665089906,131.31266555904966,132.53806351525557,114459400,0.01607383542012042,0.015946019173359336
770,2021-01-25,138.9957733154297,141.1061887747769,132.7909473722159,139.14166359536782,157611700,0.027684051156158018,0.027307776560053083
771,2021-01-26,139.2291717529297,140.33786948106203,137.48831256904506,139.65709277779112,98390600,0.001679176509708169,0.001677768269068794
772,2021-01-27,138.15933227539062,140.3378319835939,136.55464370074296,139.49171024148978,140843800,-0.007684018112508406,-0.007713692288695625
773,2021-01-28,133.32583618164062,138.09130292156465,132.94654523318187,135.6891219680526,142621100,-0.03498494103978067,-0.0356115726247864
774,2021-01-29,128.33670043945312,132.98545188101477,126.63475125528835,132.1004347436925,177523800,-0.03742062217701303,-0.03813874575525863
775,2021-02-01,130.45684814453125,131.66280616641993,127.33498024294086,130.0775571695549,106239800,0.01652019802455773,0.016385224055660563
776,2021-02-02,131.2834930419922,132.56724118693242,130.91392221186754,132.0031648608857,83305400,0.006336538933894076,0.006316547477713441
777,2021-02-03,130.2623291015625,132.04208344252265,129.94138833452192,132.03234852121233,89880900,-0.007778311779859881,-0.00780872063594521
778,2021-02-04,133.6175537109375,133.62727378925396,130.89443296109326,132.55748642168908,84183100,0.02575744371006139,0.025431309160097573
779,2021-02-05,133.20361328125,133.84645384942093,132.32702331519238,133.77828189570104,75693800,-0.003097949469895278,-0.003102758049079276
780,2021-02-08,133.3497314453125,133.39843419416206,131.411474992241,132.49261062393538,71297200,0.001096953456915406,0.001096352243100967
781,2021-02-09,132.47314453125,134.2945265238743,132.31731652057164,133.06728247906966,76774200,-0.006573593396564048,-0.006595294617250708
782,2021-02-10,131.8692626953125,133.42766158836056,130.90500170826476,132.93091432442992,73046600,-0.00455852269585888,-0.004568944444355319
783,2021-02-11,131.6160125732422,132.84324151471785,130.29137814000228,132.36597838425936,64280000,-0.0019204636235470307,-0.0019223100782231309
784,2021-02-12,131.8497772216797,132.0056200817279,130.21347177715296,130.85631242835694,60145100,0.0017761110055465323,0.0017745355855325667
785,2021-02-16,129.72642517089844,132.47308395123315,129.33681816738417,131.96661713964593,80576300,-0.016104327936870555,-0.016235411876947763
786,2021-02-17,127.43758392333984,128.78170264078364,126.10321467381557,127.83692569620267,97918500,-0.01764360071237092,-0.017801104406786835
787,2021-02-18,126.33696746826172,126.61941963432317,124.09677476387137,125.84022023340577,96856700,-0.008636513822642744,-0.008674024639431564
788,2021-02-19,126.49278259277344,127.31095005461351,125.4506152038684,126.85317101046176,87668800,0.0012333296234205982,0.001232569697202763
789,2021-02-22,122.72345733642578,126.34672250388937,122.3338575729678,124.68118332933157,103916400,-0.02979873775472619,-0.0302517421563304
790,2021-02-23,122.58708190917969,123.4149766498793,115.31133387912055,120.54169271715817,158273000,-0.0011112417316621048,-0.001111859618545406
791,2021-02-24,122.09034729003906,122.29488547484925,119.0514857660057,121.691012957123,111039900,-0.004052095958272606,-0.004060327944490954
792,2021-02-25,117.84371948242188,123.17147632846172,117.40542445743719,121.43776543888308,148199500,-0.03478266629489435,-0.03540198672580825
793,2021-02-26,118.10669708251953,121.60333738053185,118.04825229910983,119.40210545733144,164560400,0.0022315792581282246,0.002229092983328042
794,2021-03-01,124.4668960571289,124.60325484384613,119.5969181572381,120.53195302229754,116307900,0.05385129828976254,0.05245135694945335
795,2021-03-02,121.86631774902344,125.37270000855568,121.75917765120198,125.07076378614747,102260900,-0.020893734723744006,-0.021115097626901214
796,2021-03-03,118.88589477539062,122.44098002866822,118.6716145648539,121.56438254510716,112966300,-0.02445649485997292,-0.024760522127644177
797,2021-03-04,117.00607299804688,120.38583846392305,115.53534519039708,118.58394833274576,178155000,-0.015811983254155337,-0.015938326253477828
798,2021-03-05,118.26254272460938,118.76902459264008,114.51266119025206,117.8339897181949,153766600,0.010738500099763737,0.01068125188288632
799,2021-03-08,113.33409881591797,117.85343661734312,113.18799802812727,117.78525724050675,154376600,-0.04167375227309267,-0.0425670081223999
800,2021-03-09,117.94113159179688,118.88590857647793,115.700946019303,115.93470289838993,129525800,0.04065001463824092,0.0398455319885634
801,2021-03-10,116.86000061035156,118.99304601715157,116.34377667711071,118.52553226949556,111943300,-0.00916670008888154,-0.00920897281672997
802,2021-03-11,118.78850555419922,120.00600008566362,118.1067115889779,119.35342480023796,103026500,0.016502694966414655,0.016368005304013594
803,2021-03-12,117.88267517089844,118.01903394756955,116.06130832636462,117.26906067587845,88105100,-0.007625572685460602,-0.007654796022765468
804,2021-03-15,120.76570129394531,120.77544332973144,117.28853761790177,118.25279852383531,92403800,0.02445674157688793,0.02416246386869808
805,2021-03-16,122.30461120605469,123.91170522216095,121.47671654048351,122.43122794234345,115227900,0.012742938563025108,0.012662430539228107
806,2021-03-17,121.51569366455078,122.58708734300565,119.15861865475401,120.82415767726631,111932600,-0.006450431702650694,-0.006471325635615451
807,2021-03-18,117.39568328857422,119.97677300065472,117.19114511333716,119.68457136117527,121229700,-0.03390517102548107,-0.034493282947359635
808,2021-03-19,116.8697280883789,118.27228410779664,116.56779183514182,116.7820720526636,185549500,-0.0044801919922595745,-0.004490258129139049
809,2021-03-22,120.18131256103516,120.64883370339138,117.13270910784668,117.20088850037816,111912300,0.02833569074578457,0.027941661146047705
810,2021-03-23,119.35342407226562,121.0092136525593,118.96382433837393,120.12288150317761,95467100,-0.006888662397900536,-0.006912498762902927
811,2021-03-24,116.96711730957031,119.70404974763237,116.94764066899515,119.62612832333967,88530500,-0.01999361795645227,-0.020196195049389895
812,2021-03-25,117.4541015625,118.49628377286565,115.90545244544278,116.43141085246084,98844700,0.0041634286980059,0.004154785610358716
813,2021-03-26,118.0580062866211,118.32098926109825,115.82755546141085,117.22036947257719,94071200,0.005141623119902183,0.005128450110221954
814,2021-03-29,118.23331451416016,119.3923715504468,117.59048134086395,118.48655542775977,80819200,0.0014849329838202419,0.0014838315610615264
815,2021-03-30,116.78206634521484,117.26906411360106,115.76911009525196,116.98660451621751,85671900,-0.012274443754780373,-0.012350396901205396
816,2021-03-31,118.97357177734375,120.3079410804402,117.9995761138878,118.48657394561577,118323800,0.018765770299445483,0.018591865501656143
817,2021-04-01,119.80143737792969,120.95075227765696,119.3046976300742,120.44427792585978,75089100,0.006958399148806471,0.006934301213567741
818,2021-04-05,122.62604522705078,122.87928615898178,119.86963594729222,120.6488353850815,88651200,0.023577412015604482,0.02330375786150182
819,2021-04-06,122.927978515625,123.82405264578033,122.38254338092113,123.21043811923847,80171300,0.002462228052899862,0.002459201736044502
820,2021-04-07,124.57402801513672,124.59350465582355,121.88579830959569,122.55785759372996,83466700,0.013390356852752472,0.013301498376696053
821,2021-04-08,126.9700927734375,126.99931145840667,125.1779440726787,125.59675513190102,88844600,0.01923406344386369,0.019051427023601804
822,2021-04-09,129.5413818359375,129.58033511074808,126.1031794318075,126.42459968145573,106686700,0.02025113951116153,0.020048812197211167
823,2021-04-12,127.82719421386719,129.39532780187267,127.23305627401432,129.073907454543,91420000,-0.01323274152070808,-0.013321074367362632
824,2021-04-13,130.93418884277344,131.15821847574705,128.4992004477625,128.99594759201815,91266500,0.02430621002059974,0.024015515139034944
825,2021-04-14,128.59664916992188,131.48941754486856,128.2362755221187,131.43098018165665,87222800,-0.01785278309287497,-0.018014066479821667
826,2021-04-15,131.0023651123047,131.4893627521274,130.16472857733012,130.3400554559003,89347100,0.018707454338129814,0.018534622087974503
827,2021-04-16,130.67124938964844,131.16798178060714,129.81412853121648,130.8076081751269,84922400,-0.002527555303084794,-0.0025307549636730815
828,2021-04-19,131.33355712890625,131.9471790846723,129.87256379574342,130.0381412567294,94264200,0.005068503916136002,0.005055702288673329
829,2021-04-20,129.64854431152344,132.00561168739057,128.3823471626382,131.50887932231677,94812300,-0.01283002497015251,-0.012913040566381984
830,2021-04-21,130.02841186523438,130.27191076385841,127.88562452974153,128.9180574819885,68847100,0.002929979320077658,0.0029256952966962243
831,2021-04-22,128.50897216796875,130.66149395921403,127.99275572778816,129.58035833012048,84566500,-0.011685443784704708,-0.011754255169258735
832,2021-04-23,130.82704162597656,131.60622589179013,128.72320843951059,128.72320843951059,78657500,0.0180381915667176,0.01787743369840259
833,2021-04-26,131.21670532226562,131.54786030204147,130.08686671385888,131.32384544654548,66905100,0.002978464478338383,0.0029740376409543253
834,2021-04-27,130.89524841308594,131.88872793710226,130.62253087504087,131.49912083847275,66015800,-0.0024498169527286118,-0.0024528226642450517
835,2021-04-28,130.1063232421875,131.5088791677975,129.61932548257246,130.81733580986761,107760100,-0.006027149040648938,-0.006045385616725443
836,2021-04-29,130.00892639160156,133.50558183329358,129.00571212903608,132.92117853809344,151101000,-0.0007485942893386,-0.0007488746259579413
837,2021-04-30,128.04147338867188,130.08685531571498,127.66161568350715,128.35314426527148,109839500,-0.015133214753296986,-0.015248890360624458
838,2021-05-03,129.09336853027344,130.58359545105438,128.401839986388,128.60637073689202,75135100,0.008215268957492583,0.008181707322088044
839,2021-05-04,124.52532958984375,128.07068022860358,123.40523322106765,127.77847859118502,137564700,-0.035385542978983,-0.036026783878179716
840,2021-05-05,124.76883697509766,127.05771762012843,124.64221279666873,125.84022317213565,84000900,0.0019554847680867127,0.001953575296637267
841,2021-05-06,126.3661880493164,126.37592265450229,123.82405163749547,124.56429033642047,78128300,0.012802484281692506,0.012721225289533854
842,2021-05-07,127.03939056396484,128.0638111341248,126.3271553590937,127.66380595625425,78973300,0.005327394337365954,0.005313253970793191
843,2021-05-10,123.76119995117188,126.38569336703041,123.7221730582719,126.25886899143829,88071200,-0.02580452093039909,-0.026143298279874577
844,2021-05-11,122.84407806396484,123.19530516720471,119.78053064001386,120.49275831659119,126142800,-0.007410415280143301,-0.007438008811656863
845,2021-05-12,119.78052520751953,121.6049930518603,119.27319057596678,120.39518935845192,112172300,-0.02493854734169698,-0.025254781603003696
846,2021-05-13,121.92698669433594,123.07825403932372,121.23427605914434,121.54648377421124,105861300,0.017919953874786065,0.017761284265439842
847,2021-05-14,124.3465805053711,124.7758688561986,122.78554210729591,123.17580356771927,81918000,0.01984461255571701,0.019650275059517074
848,2021-05-17,123.1953125,123.83924502210618,122.12209907344122,123.73192293508849,74244600,-0.009258541736267278,-0.009301668433761437
849,2021-05-18,121.8099136352539,123.8978042561465,121.74161842592076,123.47827441492306,63342900,-0.011245548524795534,-0.011309257786307356
850,2021-05-19,121.65379333496094,121.87818865261369,119.86835215925528,120.16105011854478,92612000,-0.001281671545720453,-0.0012824935891642064
851,2021-05-20,124.20999145507812,124.61001150333645,122.05380598133526,122.1806452374261,76857100,0.021012070812119754,0.020794361651447695
852,2021-05-21,122.37577056884766,124.88319058200729,122.16112639405591,124.70757329750661,79295400,-0.014767096146962033,-0.014877215147867112
853,2021-05-24,124.00509643554688,124.82464619337513,122.87334646207267,122.94164165492356,63092900,0.013314121407575374,0.01322626743303278
854,2021-05-25,123.80998992919922,125.19541862484827,123.24411112700588,124.70758616767343,72009500,-0.0015733749011603848,-0.0015746139552851744
855,2021-05-26,123.76119995117188,124.28805183989326,123.3416701570207,123.86852204574208,56575900,-0.00039407141584657523,-0.0003941490823917494
856,2021-05-27,122.22943878173828,124.53197352741631,122.03431174645816,123.36119642849698,94625600,-0.012376747882518302,-0.012453977724396003
857,2021-05-28,121.57575225830078,122.73677818956268,121.51721563777299,122.51237540484098,71311100,-0.00534802851058469,-0.00536238040749892
858,2021-06-01,121.25377655029297,122.29772171588232,120.92205913488071,122.03429950032661,67637100,-0.002648354643315254,-0.0026518677384590266
859,2021-06-02,122.01477813720703,122.19039542274523,121.02937706510446,121.25377238108098,59278900,0.006276106267077086,0.006256493530443208
860,2021-06-03,120.53179931640625,121.80989840712398,120.13177925202119,121.64403969713835,76229200,-0.012154091852161986,-0.0122285568109465
861,2021-06-04,122.82457733154297,123.08800699874061,120.83425044759345,121.04889463757115,75169300,0.019022183590887698,0.01884352396524256
862,2021-06-07,122.8343276977539,123.24409888195902,121.79038257021139,123.09774990370911,71057600,7.938448820898891e-05,7.93813374272525e-05
863,2021-06-08,123.65389251708984,125.33201933627309,123.1367991511912,123.51730209755509,74403800,0.006672115480230945,0.006649955432726052
864,2021-06-09,124.03439331054688,124.63929904628665,123.43924615992437,124.1124471042461,56877900,0.003077143676689653,0.003072418960026151
865,2021-06-10,123.03921508789062,125.06856875877892,122.87335638380547,123.92705266664278,71186400,-0.008023405412760032,-0.008055766141699715
866,2021-06-11,124.24903869628906,124.3368510759359,123.02947607177971,123.4490059123557,53522400,0.009832829375042929,0.00978480168371647
867,2021-06-14,127.30284118652344,127.36137781990277,123.9758776854988,124.7076153772233,96906500,0.02457807740226481,0.02428089604407629
868,2021-06-15,126.4832534790039,127.41988394107798,126.23934100200125,126.77595142885431,62746300,-0.006438094388786508,-0.006458908301181689
869,2021-06-16,126.9808349609375,127.70282128290683,125.33199905171192,127.19547914078684,91815000,0.003933971243206491,0.003926253412861939
870,2021-06-17,128.58091735839844,129.3224209462561,126.49302678487064,126.6393832290609,96721700,0.0126009755562968,0.012522243970447242
871,2021-06-18,127.28329467773438,128.30771518043744,127.06865050509046,127.52720715689915,108953300,-0.01009187605223838,-0.010143144253237823
872,2021-06-21,129.07850646972656,129.18582857227696,126.06375134431808,127.12720634134745,79663300,0.014104064453528187,0.014005527569334132
873,2021-06-22,130.71759033203125,130.8151612925248,128.41505560442437,128.91264666080772,74783600,0.012698348525508552,0.012618400590981267
874,2021-06-23,130.44442749023438,131.04934073165782,129.98587070972775,130.51273014944366,60214200,-0.0020897175437752935,-0.0020919040501331913
875,2021-06-24,130.16143798828125,131.3614830240449,129.69311538491124,131.17610718778187,68711000,-0.0021694257654226723,-0.0021717823784467454
876,2021-06-25,129.86875915527344,130.6297648884673,129.57606120699057,130.2102425761428,70783700,-0.002248583278821492,-0.002251115138312377
877,2021-06-28,131.49806213378906,131.95661867246497,130.1028902430498,130.1614268416497,62111300,0.012545765348905835,0.012467719321650715
878,2021-06-29,133.01036071777344,133.16646828417475,131.07857796707717,131.51761747124857,64556100,0.011500538939088978,0.01143491043727497
879,2021-06-30,133.62501525878906,134.06405473109936,132.5615455661884,132.85424351014055,63261400,0.004621102729883031,0.004610458214996903
880,2021-07-01,133.9274444580078,133.98598106066015,132.45420381750057,133.27376091633408,52485800,0.0022632678367373593,0.0022607105039793934
881,2021-07-02,136.55198669433594,136.59100614570704,134.39579354693674,134.54213509862615,78852600,0.019596746932261766,0.01940720298144773
882,2021-07-06,138.5618133544922,139.66428770082487,136.65929888430668,136.65929888430668,108181800,0.014718399261778092,0.014611134849431993
883,2021-07-07,141.0497589111328,141.361959238972,139.18626342513116,140.04482549211951,104911600,0.017955492183661992,0.017796196331350694
884,2021-07-08,139.7521209716797,140.55214628534262,137.24469315334258,138.13253828734636,105575500,-0.009199859322487014,-0.009242439383179028
885,2021-07-09,141.57656860351562,142.10341304013653,139.17646311232951,139.27403406481795,99890800,0.01305488331161464,0.012970402783730224
886,2021-07-12,140.98143005371094,142.75712026323748,140.49360503622404,142.64979816390084,76299700,-0.00420365146348034,-0.004212511645088108
887,2021-07-13,142.09365844726562,143.86934850619764,140.1326074026889,140.5228614286861,100827100,0.007889183654407272,0.007858226754891917
888,2021-07-14,145.5181884765625,145.9279745686904,144.0839818158266,144.4937679079545,127050800,0.02410051276544345,0.02381467879773655
889,2021-07-15,144.86451721191406,146.34750947636803,143.50836421958925,145.60602078776031,106820300,-0.004492024478120249,-0.004502143936015975
890,2021-07-16,142.82540893554688,146.11334481046933,142.32783277394142,144.84501166670194,93251400,-0.014075967777425369,-0.014175973775139182
891,2021-07-19,138.98130798339844,140.56187074804143,138.22030234707313,140.24965567301865,121434600,-0.026914685424658358,-0.02728351865092702
892,2021-07-20,142.59120178222656,143.51808093354776,139.47889165540263,139.96671651936813,96350000,0.02597395182997797,0.025642358346351535
893,2021-07-21,141.8594970703125,142.57173225410514,141.10825732605966,141.9863363279922,74993500,-0.005131485693146476,-0.0051446969809252644
894,2021-07-22,143.2254180908203,144.59132208932277,142.25951926436974,142.38635852395822,77338200,0.00962868929269356,0.009582628895418553
895,2021-07-23,144.94256591796875,145.0986734955369,143.34250046599004,143.95716474814094,71447400,0.011989127698406099,0.011917827426541629
896,2021-07-26,145.362060546875,146.18160275793434,144.10346404174553,144.6595915410431,72434100,0.002894212795595541,0.0028900326253349998
897,2021-07-27,143.19613647460938,145.57672455410125,142.00584243486344,145.48890475095865,104818600,-0.014900202048024669,-0.015012325224600023
898,2021-07-28,141.44973754882812,143.391286472983,139.06914908747908,141.28387882976534,118931200,-0.012195852267919971,-0.012270831925043675
899,2021-07-29,142.09365844726562,142.98150347673163,141.05947187985987,141.16679397009463,56699500,0.004552294755691744,0.004541964401268034
900,2021-07-30,142.30833435058594,142.76689112133272,140.6009465535791,140.86437626783024,70440600,0.0015108056592123553,0.0015096655405297808
901,2021-08-02,141.97659301757812,143.37176538004852,141.71316334757606,142.79613544954273,62880000,-0.002331144795712059,-0.0023338661438015744
902,2021-08-03,143.77178955078125,144.43522442777342,141.64486473611035,142.25952902121162,64786600,0.012644313369182258,0.012565041564525405
903,2021-08-04,143.37176513671875,144.19130756729243,142.71808142038705,143.68398028393023,56368300,-0.002782356784403861,-0.002786234733938174
904,2021-08-05,143.4791259765625,144.2401319943391,142.61079783385628,143.40107216868265,46397700,0.0007488283327010681,0.000748548100653545
905,2021-08-06,142.7951202392578,143.74291989384258,142.29679858037488,143.000320280882,54126800,-0.004767283970048886,-0.004778683713246584
906,2021-08-09,142.7462158203125,143.34225443321225,142.18927001685375,142.8536986819678,48908700,-0.0003424796229967164,-0.00034253828253631404
907,2021-08-10,142.26748657226562,144.32919310328901,141.9743500451473,143.0882569205625,69023100,-0.0033537088552280103,-0.003359345141942103
908,2021-08-11,142.52154541015625,143.3618622586966,142.19909668704307,142.7071990606952,48493500,0.0017857828518084151,0.0017841902373719838
909,2021-08-12,145.48216247558594,145.6385039280885,142.50196876649986,142.84396383015653,72282600,0.020773119298625797,0.020560300286185364
910,2021-08-13,145.68734741210938,146.01956178212575,144.87634298445295,145.56031813141018,59375000,0.0014103786542070118,0.0014093850044048126
911,2021-08-16,147.66111755371094,147.72952253031957,143.1175540441941,145.1401675406519,103296000,0.013547985989602163,0.01345703259679119
912,2021-08-17,146.75242614746094,148.20831321235303,145.67759718518755,146.7915040599331,92229700,-0.00615389766313712,-0.006172910935316233
913,2021-08-18,143.0100555419922,147.27026274921596,142.80485554411644,146.37132185900873,86326000,-0.025501252031828847,-0.025832044829424732
914,2021-08-19,143.34228515625,144.61253336364982,141.1926423719419,141.71051038649435,86960300,0.0023231206574858554,0.002320426384631703
915,2021-08-20,144.79818725585938,145.10108950161558,143.42045616108942,144.06535347049768,60549600,0.010156822168855273,0.010105588274225051
916,2021-08-23,146.28341674804688,146.7524262457425,144.50506608373868,144.91545125791524,60131800,0.010257238162540538,0.010204989674897818
917,2021-08-24,146.1954345703125,147.40705833624506,145.73619092005404,146.02932738546966,48606400,-0.0006014501143756235,-0.0006016310580516987
918,2021-08-25,144.96429443359375,146.87943995254733,144.41711425947602,146.3811034364789,58991300,-0.00842119413877207,-0.008456852727186367
919,2021-08-26,144.16302490234375,145.70686286954728,144.1337127499538,144.95449774548743,48597200,-0.005527357853054249,-0.0055426902198917995
920,2021-08-27,145.19882202148438,145.34538283026907,143.46932993010927,144.10444664756716,55802400,0.007184901397860433,0.0071592129663186925
921,2021-08-30,149.61534118652344,149.97688265994054,145.2085727146907,145.58964568755835,90956700,0.030417045424690592,0.029963618762852064
922,2021-08-31,148.35487365722656,149.3026732146875,147.8272249811444,149.16587817080352,86453100,-0.008424721150256054,-0.008460409698892378
923,2021-09-01,149.019287109375,151.43275399237308,148.85317992388826,149.3319699829077,80313700,0.00447854145785298,0.004468542633376308
924,2021-09-02,150.13319396972656,151.1787105563669,148.91180444862712,150.34815971820325,71115500,0.007474917387935154,0.007447118635924777
925,2021-09-03,150.7683868408203,151.09083559479697,149.58607474290594,150.24073800356902,57808700,0.004230862304986482,0.004221937371651809
926,2021-09-07,153.10365295410156,153.660598936694,150.85629279363835,151.42301943650597,82278300,0.015489096635004751,0.015370365038272714
927,2021-09-08,151.55982971191406,153.44564855103232,150.45568847705636,153.38702422166725,74420200,-0.010083516705184814,-0.010134699720299869
928,2021-09-09,150.5436248779297,152.53692642541913,150.42636132134103,151.93112186962642,57305700,-0.006704974767495986,-0.006727554096630305
929,2021-09-10,145.56031799316406,151.92130921813492,145.296493683324,151.45229981917254,140893200,-0.033102078475966024,-0.03366235112362082
930,2021-09-13,146.1270751953125,147.9542695218118,145.34538275990522,147.18235774668085,102404300,0.003893624374845528,0.0038860638383641606
931,2021-09-14,144.72976684570312,147.61225802171091,143.54747014740659,146.9087364700221,109296300,-0.009562282333658856,-0.009608294511262763
932,2021-09-15,145.61895751953125,146.0195769004921,143.01983678244974,145.15971382126716,83281300,0.006143799532103866,0.006125003343149213
933,2021-09-16,145.3844451904297,145.56033305169905,143.8503875542624,145.04246503666727,68034100,-0.0016104519157137398,-0.001611750087349361
934,2021-09-17,142.71694946289062,145.41378761722353,142.4238129361749,145.41378761722353,129868800,-0.018347875689487148,-0.01851828561943543
935,2021-09-20,139.66836547851562,141.52487196661303,138.0365905336095,140.50868223734292,123478900,-0.021361050637981105,-0.0215924998134764
936,2021-09-21,140.14710998535156,141.29034368063373,139.51199340756355,140.63566578658538,75834000,0.003427723272880767,0.0034218620194806167
937,2021-09-22,142.51173400878906,143.0784456211062,140.41093510559722,141.14376881169068,76404300,0.01687244227643836,0.016731683709760557
938,2021-09-23,143.4693145751953,143.71359250338787,142.30654925147212,143.29342671393508,64838200,0.006719310329542427,0.006696836380677983
939,2021-09-24,143.55728149414062,144.0946960320379,142.22840868658764,142.3261258424034,53477900,0.000613140999563333,0.0006129531054204723
940,2021-09-27,142.04273986816406,142.6192471706429,140.52822848156046,142.14045701354505,74150700,-0.01055008572336602,-0.010606132424618641
941,2021-09-28,138.66192626953125,141.43691994614318,138.44696050068399,139.97125238193445,108972300,-0.023801382610407873,-0.024089211848888115
942,2021-09-29,139.56085205078125,141.1437680766469,138.77915978644447,139.2090912773067,74602000,0.0064828594657098115,0.00646193611237169
943,2021-09-30,138.2613067626953,141.075393254431,138.04634099404652,140.37187163149707,89056700,-0.009311674935984726,-0.009355299604724204
944,2021-10-01,139.38494873046875,139.64877300866175,135.9259806000398,138.65211510957346,94639600,0.0081269445087917,0.008094098732467199
945,2021-10-04,135.95533752441406,138.9550779570537,135.10525501528176,138.5153657120816,98322000,-0.02460531956493084,-0.02491308944766178
946,2021-10-05,137.88021850585938,138.9843593851802,136.1702732054442,136.29730248452776,80861100,0.014158186184486166,0.014058895156246327
947,2021-10-06,138.74984741210938,138.8964081885175,135.20292752763442,136.27775625309343,83221100,0.006307133218047767,0.006287326492145777
948,2021-10-07,140.01031494140625,140.91903648455812,139.453369081024,139.78558344753552,61732700,0.009084460652076132,0.009043445154710148
949,2021-10-08,139.6292266845703,140.87992820552267,139.29701235452882,140.73336744507444,58773200,-0.0027218584358975617,-0.002725569427963074
950,2021-10-11,139.54135131835938,141.49557516408288,138.56423939549762,139.0137174402137,64452200,-0.0006293479402378344,-0.0006295460627824798
951,2021-10-12,138.27108764648438,139.97126757292082,137.8118439004276,139.9517211619384,73035900,-0.009103134374676691,-0.009144821081713671
952,2021-10-13,137.68482971191406,138.163604960137,136.01396194464323,138.00727840066958,78762700,-0.004239916996018667,-0.004248930932001593
953,2021-10-14,140.4695587158203,140.58682224669744,138.27105760850728,138.85733053427336,69907100,0.020225387282919227,0.020023570810794304
954,2021-10-15,141.5248565673828,141.58348088448486,140.22529620330172,140.47935479013262,67940300,0.00751264445627986,0.007484565088760034
955,2021-10-18,143.19569396972656,143.4790497458413,139.88328656577576,140.1666423418905,85589200,0.01180596428690417,0.0117368175874256
956,2021-10-19,145.35511779785156,145.75573713641117,143.19570948817753,143.6451724796259,76378900,0.015080228799209117,0.014967652521935491
957,2021-10-20,145.8437042236328,146.32249438069462,144.72979735027167,145.29652399244392,58418800,0.00336132936482314,0.0033556927248110206
958,2021-10-21,146.05865478515625,146.21499623763387,144.4855043297612,145.40399172614036,61421000,0.001473841895799799,0.0014727568568193258
959,2021-10-22,145.28675842285156,146.74264548774926,145.23789985010384,146.26387023963363,58883400,-0.005284838227766153,-0.005298852382145262
960,2021-10-25,145.2378692626953,145.95115656405432,144.24121124480388,145.27694716693773,50720600,-0.0003365011422029607,-0.0003365577714165323
961,2021-10-26,145.9023895263672,147.38758922011635,145.59947224387776,145.9121552801709,60893400,0.004575392540838941,0.004564957250646656
962,2021-10-27,145.4430694580078,146.30291753836434,145.09130868119013,145.94139101285785,56094900,-0.003148132596391573,-0.0031530983905381674
963,2021-10-28,149.0779571533203,149.66421529809745,146.29318250961379,146.39089965518153,100077900,0.024991824697167653,0.02468463665336151
964,2021-10-29,146.37132263183594,146.5081176612954,143.05891485963772,143.85037288076313,124953200,-0.018155833183981174,-0.01832267281691961
965,2021-11-01,145.5505828857422,146.2736360885386,144.41712959922393,145.57989504750188,74588300,-0.005607244174175685,-0.005623023782178946
966,2021-11-02,146.58633422851562,148.10086068451773,145.24768076131065,145.25746142260692,69122000,0.007116092029576526,0.007090892125952537
967,2021-11-03,148.022705078125,148.49171467242118,146.3909297960655,146.94787589375233,54511500,0.00979880462369831,0.009751107666673895
968,2021-11-04,147.50479125976562,148.94113176601576,147.192108353955,148.11059575284676,60394600,-0.003498880918883507,-0.003505016318260926
969,2021-11-05,148.033203125,148.9334561453401,146.83938576662882,148.6301118041856,65463900,0.0035823369581522435,0.0035759356722649366
970,2021-11-08,147.21121215820312,148.31696452355757,146.93722280009231,148.1603949099799,55020900,-0.005552747285369364,-0.005568221094596294
971,2021-11-09,147.57327270507812,148.17996131979666,146.8393694074151,146.97636409239348,56787900,0.002459463118107408,0.0024564435886269428
972,2021-11-10,144.7453155517578,146.9078907486886,144.67682566721112,146.8002509889988,65187100,-0.019163071344036164,-0.019349062942960876
973,2021-11-11,144.69638061523438,146.22289720379737,144.51045604306032,145.76299817171153,41000000,-0.0003380761328054538,-0.0003381332934246972
974,2021-11-12,146.7708740234375,147.1720631299846,144.3147348567186,145.2443426792842,63804000,0.014336871450291833,0.014235070361204607
975,2021-11-15,146.7806396484375,148.62029511004687,146.22286605075,147.1426937815547,59222800,6.653653229893308e-05,6.653431884205119e-05
976,2021-11-16,147.7592010498047,148.23868992516853,146.13482479249984,146.72195341819835,59256200,0.006666828838673755,0.006644703816675889
977,2021-11-17,150.19580078125,151.67338776419928,147.74945581731131,147.75923582189736,88807000,0.01649034181380027,0.01635585262823847
978,2021-11-18,154.48175048828125,155.26458367795593,149.76520627698585,150.41104477831504,137827700,0.02853574923358515,0.028136188119919685
979,2021-11-19,157.104248046875,157.5641620110988,153.1705218782956,154.2664794451428,117305600,0.016976099444139026,0.016833615752057794
980,2021-11-22,157.56414794921875,162.14369731452808,157.54457301404287,158.20997149701574,117467900,0.002927354976464569,0.002923078616468554
981,2021-11-23,157.94578552246094,158.3274146566765,155.64621578340464,157.66200120676388,96041900,0.0024221092057388205,0.002419180627174698
982,2021-11-24,158.46441650390625,158.66012108108276,156.2137765381209,157.29995411244806,69463600,0.0032836012669141823,0.0032782220205909546
983,2021-11-26,153.4445037841797,157.00638063396804,153.00416477836077,156.14527755829806,76959800,-0.031678485495214126,-0.03219110376940664
984,2021-11-29,156.8009033203125,157.73051124922804,155.38201155737082,155.9495652762871,88748200,0.021873703217507146,0.021637906080052973
985,2021-11-30,161.75230407714844,161.9675835913138,156.48776584559891,156.55627065978888,174048100,0.03157762903139161,0.031089309089441027
986,2021-12-01,161.23367309570312,166.6449857878265,160.99881865483053,163.88550209995378,152052500,-0.0032063282461679554,-0.0032114795306655204
987,2021-12-02,160.24533081054688,160.6758897940943,154.41325439149716,155.33308223247562,136739200,-0.006129875144440855,-0.0061487399612417636
988,2021-12-03,158.3665771484375,161.41962568459428,156.29208148681235,160.4997976289517,118023100,-0.011724233415141283,-0.011793504203309052
989,2021-12-06,161.77188110351562,164.27693555746282,160.7541933995356,160.76397340255957,107497000,0.021502668153813298,0.02127474726802986
990,2021-12-07,167.506103515625,167.89752761795768,164.72705957992557,165.4511829707639,120405400,0.03544634811064684,0.03483258796714583
991,2021-12-08,171.3223876953125,172.1835056764081,167.03638765651502,168.43570437579535,116998900,0.02278295596155111,0.022527300199010437
992,2021-12-09,170.8135528564453,172.95655298827864,170.18728927314578,171.15604705270513,108923700,-0.0029700428864680717,-0.002974462216410633
993,2021-12-10,175.59861755371094,175.77476213435622,170.94078267392138,171.4496265464153,115402700,0.028013378430733038,0.027628180985969565
994,2021-12-13,171.96824645996094,178.22110269969062,171.76274694249355,177.2327699190323,153237000,-0.02067425782916299,-0.020890962303678092
995,2021-12-14,170.5885009765625,173.92531854630914,168.51400556372403,171.48875398461132,139380400,-0.008023257268717221,-0.008055616799434428
996,2021-12-15,175.4518280029297,175.6475325738547,168.611843504033,171.35175229088827,131063300,0.028509114028942406,0.028110291548464273
997,2021-12-16,168.56292724609375,177.25234826512832,167.0853404452438,175.4322672390144,150185800,-0.03926377305525086,-0.040055385372703096
998,2021-12-17,167.46693420410156,169.74692873915046,166.04805758616632,166.28289706807027,195432700,-0.0065019815442104445,-0.0065232115007703454
999,2021-12-20,166.1068115234375,166.91899978685493,163.86596626176092,164.66835958996737,107499100,-0.008121738701004744,-0.00815489969275914
1000,2021-12-21,169.2772674560547,169.48275204230814,165.49031583648394,167.8779505711604,91185900,0.019086850825318802,0.018906982036779277
1001,2021-12-22,171.87037658691406,172.08565609490324,168.45527432954148,169.32617236411534,92135300,0.015318708588750951,0.015202561816111234
1002,2021-12-23,172.4966583251953,173.05443209039555,171.50834043001467,172.07589419886108,68356600,0.003643919043631927,0.0036372960548474876
1003,2021-12-27,176.45973205566406,176.54779687853835,173.26970404402934,173.28926405046633,74919600,0.022974785534670916,0.02271483909454138
1004,2021-12-28,175.4420166015625,177.4382418590108,174.69833332933095,176.293354548695,79144300,-0.005767409041403937,-0.005784104769941225
1005,2021-12-29,175.53013610839844,176.75330850310786,174.31674371757737,175.48120622634931,62348900,0.0005022713973703574,0.0005021453013132443
1006,2021-12-30,174.3754425048828,176.69458737092964,174.26780274374727,175.61818975957434,59773000,-0.006578321131150644,-0.006600053647013652
1007,2021-12-31,173.75897216796875,175.38333364161016,173.45561289396153,174.26780109643352,64062300,-0.00353530478867059,-0.0035415687463356345
1008,2022-01-03,178.10366821289062,178.9550062933326,173.89596741451703,174.0133871781769,104487900,0.025004153688950037,0.024696664961624086
1009,2022-01-04,175.8432159423828,179.01368336177322,175.2756623032222,178.7103390737201,99310400,-0.01269177829513235,-0.012773006935750158
1010,2022-01-05,171.16583251953125,176.3031560396219,170.89184312629723,175.7551772531539,94537600,-0.02659973771398816,-0.02695991212934517
1011,2022-01-06,168.30853271484375,171.5377110380755,167.95625844446747,168.993506315213,96904000,-0.01669316686997946,-0.016834068038822887
1012,2022-01-07,168.47482299804688,170.40254333546721,167.35929069026096,169.1793712904695,86709100,0.0009880086322471282,0.00098752087296558
1013,2022-01-10,168.4944305419922,168.79777487885306,164.56070430318124,165.4511773077938,106765600,0.00011638263567448348,0.00011637586374095876
1014,2022-01-11,171.3223876953125,171.4202325096092,167.15382233749222,168.62162893365016,76138300,0.016783683260174653,0.01664439361660713
1015,2022-01-12,171.76272583007812,173.37730710526796,171.06797240622825,172.34005950483805,74805200,0.0025702311337660877,0.002566933738562302
1016,2022-01-13,168.4944305419922,172.82934594142114,168.10300645305696,172.00737775161056,84505800,-0.01902796588893918,-0.019211327355169477
1017,2022-01-14,169.35556030273438,170.05031384521072,167.41804452412237,167.66267899736397,80440800,0.005110731304128091,0.005097715843741888
1018,2022-01-18,166.1557159423828,168.83689986985863,165.77408681023036,167.82900716362772,90956700,-0.01889423857493444,-0.01907501541635029
1019,2022-01-19,162.662353515625,167.40826837840387,162.37858408989868,166.3514456378891,94815000,-0.02102462985967446,-0.021248794949584683
1020,2022-01-20,160.97921752929688,166.03825520272,160.65629832487,163.39620663076252,91420500,-0.010347421821647496,-0.010401328577218583
1021,2022-01-21,158.92433166503906,162.76019814543096,158.81669190708894,160.89118731707072,122848900,-0.012764913979556702,-0.012847085518044764
1022,2022-01-24,158.15127563476562,158.81668910799385,151.37979580013618,156.58562410189697,162294600,-0.004864302540549814,-0.004876171766131907
1023,2022-01-25,156.35076904296875,159.26680751652682,153.65001008067688,155.56793581393717,115798400,-0.011384711154369453,-0.011450013080540894
1024,2022-01-26,156.26271057128906,160.8618354481178,154.43284958250229,159.99093736491258,108275300,-0.0005632109916612338,-0.0005633696545483827
1025,2022-01-27,155.8027801513672,160.3236197319786,154.88295228679408,158.9634528706825,121954600,-0.00294331525570235,-0.002947655326272278
1026,2022-01-28,166.67437744140625,166.69395238194963,159.30598757947982,162.1535367106973,179935700,0.0697779415712414,0.0674510956943963
1027,2022-01-31,171.02882385253906,171.2441033483954,165.87192581665457,166.5079843021577,115541600,0.02612546978112218,0.02579002950674843
1028,2022-02-01,170.86248779296875,171.08754730875657,168.61184784118433,170.2753591337895,86213900,-0.0009725615590605585,-0.0009730348039183588
1029,2022-02-02,172.0661163330078,172.10526621408275,169.60999135687587,170.99951350894017,84914300,0.007044428274376235,0.007019732201499528
1030,2022-02-03,169.18914794921875,172.45747493667412,168.42588980272237,170.73523917530864,89418100,-0.016720133197062004,-0.016861492537407315
1031,2022-02-04,168.90505981445312,170.580497991328,167.22962163757825,168.20940619823992,82465400,-0.0016791155828203008,-0.001680526877429639
1032,2022-02-07,168.18980407714844,170.4335039135459,167.4941505320522,169.36554243968104,77251200,-0.004234661401443018,-0.004243652973188061
1033,2022-02-08,171.29571533203125,171.80520742660315,167.96443926792173,168.25837758980256,74829200,0.018466703566989873,0.018298264512627775
1034,2022-02-09,172.71641540527344,173.07893089654075,171.36430797248656,172.49106914991745,71285000,0.008293844772990111,0.008259639839230932
1035,2022-02-10,168.64051818847656,171.93259499604034,168.08204874852603,170.61968723864308,90865900,-0.02359878305274521,-0.023881694102725316
1036,2022-02-11,165.2308807373047,169.5811269216294,164.64300397443432,168.846288443205,98670700,-0.02021837627041201,-0.020425565077457252
1037,2022-02-14,165.46603393554688,166.15188018995096,163.19292640629095,163.98654956855333,86185500,0.001423179475851466,0.0014221677157715822
1038,2022-02-15,169.2969512939453,169.45372039657573,166.80830532856646,167.51375134007887,62527400,0.023152288522795494,0.022888340526412733
1039,2022-02-16,169.06182861328125,169.83585183660028,166.6123672162483,168.3759824121772,61177400,-0.0013888181616208417,-0.0013897834634198272
1040,2022-02-17,165.46603393554688,168.4347801834387,165.06431864713625,167.57256492057238,69589300,-0.021269110284850568,-0.02149855706299292
1041,2022-02-18,163.9179229736328,167.09241466512012,162.83036175887298,166.38698369504047,82772700,-0.00935606495842578,-0.009400107861615065
1042,2022-02-22,160.99818420410156,163.32026851174712,158.872038841447,161.64483056360834,91162800,-0.017812199645800164,-0.017972746189011846
1043,2022-02-23,156.83413696289062,162.79121451131508,156.52059869701176,162.19354527351996,90009200,-0.025863939160531535,-0.02620429224207635
1044,2022-02-24,159.45013427734375,159.55791116992768,148.9272434071185,149.49552020889521,141147500,0.016680024930236348,0.016542441140533347
1045,2022-02-25,161.51747131347656,161.78200234869726,157.61791846840168,160.5278794584224,91974200,0.012965414206155046,0.01288208273518247
1046,2022-02-28,161.7820587158203,162.07599714102412,159.14643525536403,159.76370445325912,95056600,0.001638134872915531,0.0016367945934906056
1047,2022-03-01,159.90084838867188,163.23212509592508,158.6957174816516,161.37052533149114,83474400,-0.01162805283899182,-0.011696187341476245
1048,2022-03-02,163.19290161132812,163.97673219026618,159.65587901852524,161.0667710705488,79724800,0.020588091031601197,0.020379020984320536
1049,2022-03-03,162.8695831298828,165.49541352335572,162.203336805619,165.06430592514928,76678400,-0.0019812043186495654,-0.0019831694999718225
1050,2022-03-04,159.87144470214844,162.20333673673338,158.82308299816066,161.16476749621853,83737200,-0.018408215764532665,-0.018579755388730888
1051,2022-03-07,156.07968139648438,161.6840502038395,155.82492784594277,160.05760426701897,96418800,-0.023717577036526993,-0.024003366637385122
1052,2022-03-08,154.25729370117188,159.58732445146612,152.65044751471495,155.6094012673305,131148300,-0.011676008555419504,-0.011744708427092397
1053,2022-03-09,159.6558837890625,160.10659124427465,156.1874531828048,158.21559935544633,91454900,0.03499730844720261,0.03439882617984725
1054,2022-03-10,155.31546020507812,157.1476526374479,152.82679892923494,156.96149116992498,105342000,-0.027186117297868906,-0.02756249700227302
1055,2022-03-11,151.60206604003906,156.06008893270172,151.37671976951566,155.71715834467904,96970100,-0.023908722030220986,-0.02419917443198238
1056,2022-03-14,147.5751495361328,151.00439558659642,147.06567231572745,148.38837253642478,108732100,-0.02656241177374663,-0.026921566932557178
1057,2022-03-15,151.9547882080078,152.4250955746164,147.34001116939965,147.8494883910694,92964300,0.02967734530943278,0.029245496185194026
1058,2022-03-16,156.36380004882812,156.76551526978483,151.33751588171134,153.87515407206308,102300200,0.029015287328655326,0.02860231323198877
1059,2022-03-17,157.37295532226562,157.74527815418617,154.44340972475143,155.4035941882953,75615400,0.006453893248452358,0.006433156055352615
1060,2022-03-18,160.6650390625,161.15493125437885,156.53034776701656,157.26518605483486,123511700,0.020918992933016467,0.020703195126954906
1061,2022-03-21,162.03677368164062,162.9871658912754,159.71467413165345,160.2045664067095,95811400,0.008537853830210107,0.008501612492258516
1062,2022-03-22,165.4072265625,165.9950882926474,161.5762655771906,162.164127307338,81532000,0.020800543014275474,0.02058716555796817
1063,2022-03-23,166.76914978027344,169.1500192740017,164.2608885491977,164.59402668830268,98062700,0.008233758863364082,0.008200046397975322
1064,2022-03-24,170.5511016845703,170.61967882805246,166.76913277034842,167.60194065734933,90131400,0.02267776689681389,0.02242444897957176
1065,2022-03-25,171.18795776367188,171.73663471959298,169.25778100424003,170.36494232979024,80546200,0.0037341070964138634,0.0037271526256260775
1066,2022-03-28,172.05015563964844,172.17751745210523,168.52292563460833,168.68948719730128,90371900,0.005036556818832194,0.005023915793598473
1067,2022-03-29,175.3422393798828,175.39121664425457,172.7751938429614,173.11812439551318,100589400,0.01913444209332482,0.018953680860091558
1068,2022-03-30,174.1763153076172,175.97911541230812,173.12793859273035,174.94054611178674,92633200,-0.006649419309283644,-0.006671625190074265
1069,2022-03-31,171.08018493652344,174.43104638306448,170.87442359799343,174.2448849220912,103049300,-0.017775840335269466,-0.01793572817927167
1070,2022-04-01,170.78622436523438,171.34470867552832,168.46414001265768,170.51188591642043,78751300,-0.001718261944819166,-0.0017197398500695398
1071,2022-04-04,174.83274841308594,174.8817406281064,170.9136104166494,171.0409871856376,76468400,0.023693503752374445,0.023417169072495206
1072,2022-04-05,171.52110290527344,174.69561063609092,170.89404131095085,173.91177990560575,73401800,-0.018941791728789292,-0.0191234855285311
1073,2022-04-06,168.35635375976562,170.1199686542609,166.69072328453476,168.87563829115544,89058800,-0.018451077400403748,-0.018623421780781812
1074,2022-04-07,168.66012573242188,169.85546417791434,166.41642550623965,167.69994098041755,77594700,0.0018043392237498956,0.0018027133591797398
1075,2022-04-08,166.6515350341797,168.30737316185164,165.77952746373003,168.30737316185164,76575500,-0.011909102341289612,-0.011980583787307467
1076,2022-04-11,162.39927673339844,165.61296861541499,162.1543306146452,165.29944535757966,72246700,-0.025515866384963837,-0.025847041731935635
1077,2022-04-12,164.2707061767578,166.43602198876223,163.27132159796375,164.62342926631288,79265200,0.01152363163803738,0.011457740316705245
1078,2022-04-13,166.95529174804688,167.58235330112555,163.39868377604554,164.00614545081112,70618900,0.016342448594580228,0.01621034806910426
1079,2022-04-14,161.94854736328125,167.80766849456361,161.70360127770223,167.1707997018646,75329400,-0.02998853365080112,-0.030447386576020214
1080,2022-04-18,161.73301696777344,163.23208589340007,160.26334037791807,160.60625594535696,69023900,-0.001330857232231475,-0.0013317436092325418
1081,2022-04-19,164.0159149169922,164.4274375522312,160.59647667199232,161.6840380358106,67723800,0.014115225153276123,0.014016532986554291
1082,2022-04-20,163.84934997558594,165.46600329408383,162.74220370933205,165.34841899344127,67929800,-0.0010155413362815668,-0.0010160573477679927
1083,2022-04-21,163.05575561523438,168.06245565058305,162.5560708382442,165.49542471534926,87227800,-0.004843439174276876,-0.004855206637832932
1084,2022-04-22,158.51931762695312,164.47640880332085,158.23518671810965,163.09492410815207,84882400,-0.027821391346564694,-0.028215737643673702
1085,2022-04-25,159.58729553222656,159.87142644375086,155.25665006996203,157.8628653370747,96046400,0.006737209831969793,0.006714616255483923
1086,2022-04-26,153.63023376464844,159.0582340646371,153.55184919980582,158.97005703556184,95623200,-0.03732791979280814,-0.03804244416941656
1087,2022-04-27,153.4048614501953,156.55975368530983,152.2389155403168,152.7582001127346,88063200,-0.001466978920297568,-0.0014680559873591888
1088,2022-04-28,160.33193969726562,161.19415486672693,155.717147988404,156.030686213781,130216800,0.045155532762038764,0.04416570952090241
1089,2022-04-29,154.4630126953125,162.84017274008735,154.0711048951049,158.5683119363977,131747600,-0.036604852489370954,-0.03729162163632969
1090,2022-05-02,154.7667999267578,155.03133103517357,150.17160722826696,153.54206903484993,123055300,0.0019667312332212195,0.001964799749407761
1091,2022-05-03,156.25601196289062,157.46115753940876,153.15990462040372,154.9528969165434,88966500,0.009622296492772131,0.009576297042700438
1092,2022-05-04,162.6638641357422,163.11455673679546,156.0405098303941,156.44222515548867,108256500,0.04100867603336367,0.04019012392409929
1093,2022-05-05,153.60081481933594,160.76303686900772,151.8175999162394,160.5376906280676,130525300,-0.05571642702919677,-0.05732876285001984
1094,2022-05-06,154.32691955566406,156.44636712680793,151.2851189689877,153.0807608024048,116124600,0.004727219300119989,0.004716081087021804
1095,2022-05-09,149.20494079589844,152.90416000742098,148.6456508199546,152.0210492953049,131577900,-0.0331891466149441,-0.03375240412453458
1096,2022-05-10,151.6089324951172,153.79707304983472,150.05859659800515,152.59997843272657,115366700,0.016112011347581667,0.015983590468845385
1097,2022-05-11,143.74935913085938,152.5313135713574,143.07231197215032,150.61792919171955,142689800,-0.05184109692554517,-0.05323317149680552
1098,2022-05-12,139.88330078125,143.45495579096956,136.19390367446763,140.08936442340104,182602000,-0.02689443885513243,-0.027262712295518365
1099,2022-05-13,144.34786987304688,145.3192870677171,140.42297369266063,141.87518108716213,113990900,0.031916383634516876,0.031417640166816724
1100,2022-05-16,142.80735778808594,144.75019240669823,141.47289233038416,142.81717961196202,86643800,-0.010672219038048936,-0.010729575613948992
1101,2022-05-17,146.43789672851562,146.95794432736452,143.92595034164182,146.06502676243824,78336300,0.02542263225552488,0.02510485175985939
1102,2022-05-18,138.17596435546875,144.59316242526515,137.27322514239307,144.09274359887067,109742900,-0.056419359726013085,-0.058073448537019345
1103,2022-05-19,134.77113342285156,139.00020681352638,134.03521536260072,137.2536291483144,136095600,-0.024641267737838923,-0.02494994512883416
1104,2022-05-20,135.00660705566406,138.05821430560903,130.12011571020568,136.47844306099526,137426100,0.0017472111930207923,0.0017456865951489349
1105,2022-05-23,140.4229736328125,140.57015125059797,135.0654837610607,135.20285452842407,117726300,0.04011927042144858,0.03933538967522431
1106,2022-05-24,137.72463989257812,139.30441157484717,134.75153153593112,138.1661878220446,104132700,-0.019215757012026824,-0.01940277939827337
1107,2022-05-25,137.88162231445312,139.12776621000188,135.742545873108,135.8308524536192,92482700,0.0011398281527361664,0.0011391790418303813
1108,2022-05-26,141.08041381835938,141.62989697300142,134.56508575048807,134.8103917996885,90601500,0.023199549368595918,0.022934530868595066
1109,2022-05-27,146.8303680419922,146.869610416665,142.5326018592053,142.6601657784012,90978500,0.04075657327625826,0.03994792297620528
1110,2022-05-31,146.04539489746094,147.8312299883083,144.08294665114528,146.27108722583742,103718400,-0.005346122569867551,-0.00536046422078668
1111,2022-06-01,145.91783142089844,148.89093902040028,144.90715690011942,147.08547543452738,74286600,-0.0008734508654111295,-0.0008738325458872194
1112,2022-06-02,148.3708953857422,148.429766433254,144.1025647736461,145.05435330119587,72348100,0.01681126933532817,0.016671523970289412
1113,2022-06-03,142.65036010742188,145.19172685572278,141.7476357595722,144.14180991397814,88570300,-0.03855564302855874,-0.03931858669244096
1114,2022-06-06,143.39610290527344,145.7804854788439,142.17937951644433,144.26939183778111,71598400,0.005227766668727485,0.005214149334768027
1115,2022-06-07,145.91783142089844,146.20237980048756,141.39438806442126,141.63969407079793,67808200,0.01758575347958269,0.017432913387383453
1116,2022-06-08,145.18194580078125,147.05607272879104,144.6913336785422,145.79030004122362,53950200,-0.005043150744164615,-0.005055910346020048
1117,2022-06-09,139.96180725097656,145.17210490927135,139.85387199936835,144.31844471982856,69473000,-0.035955838179547284,-0.0366181744038169
1118,2022-06-10,134.5552520751953,138.117085018381,134.48655920841233,137.64610169004794,91437900,-0.03862878939599812,-0.039394669254604636
1119,2022-06-13,129.40382385253906,132.6614796951245,128.9720829038409,130.37522601482007,122207100,-0.038284854312319316,-0.039036978518335236
1120,2022-06-14,130.26731872558594,131.37610685696256,129.01135295389076,130.63038185886012,84784300,0.006672869837531792,0.006650704789946348
1121,2022-06-15,132.88717651367188,134.7613181921413,129.67858439406757,131.76858160626196,91533000,0.020111397192451586,0.0199118342666575
1122,2022-06-16,127.61801147460938,129.90426555728718,126.61715864214314,129.60008846415832,108123900,-0.0396514184235105,-0.040458954618372456
1123,2022-06-17,129.08981323242188,130.5812777450833,127.3726714161481,127.62779921111623,134520300,0.011532868603781221,0.011466872010004766
1124,2022-06-21,133.31890869140625,134.48656772231706,130.8167993077871,130.91491273074396,81000500,0.03276087673447958,0.0322356790567355
1125,2022-06-22,132.80868530273438,135.17342395812105,131.39572023105475,132.25918724085466,73409200,-0.00382708944800092,-0.0038344314932514754
1126,2022-06-23,135.67388916015625,135.98787315289331,133.08345758782295,134.25111690905595,72433800,0.02157391928766339,0.021344496130423905
1127,2022-06-24,139.00021362304688,139.24551965514786,137.1457006192552,137.27324957478913,89116800,0.0245170569184765,0.024221337575770645
1128,2022-06-27,139.00021362304688,140.79585557470105,138.32316657888146,140.02068012877845,70207900,0.0,0.0
1129,2022-06-28,134.8594207763672,140.72713574825013,134.74167869464102,139.46136345282662,67083400,-0.029789830812124163,-0.030242561688252546
1130,2022-06-29,136.61581420898438,138.02877917366496,134.10388314834785,134.87905849783044,66242400,0.01302388385257669,0.012939802335669897
1131,2022-06-30,134.1529541015625,135.77196780465343,131.2583461315228,134.67300165333307,98964500,-0.01802763553898956,-0.01819211312039811
1132,2022-07-01,136.3214569091797,136.4293921589786,133.11286488498627,133.48571986150768,71051600,0.0161644059360444,0.016035152931538697
1133,2022-07-05,138.90206909179688,138.95113328697806,134.35899711370092,135.18323666479031,73353800,0.01893034479771183,0.01875339547406455
1134,2022-07-06,140.23654174804688,141.41400763305737,138.43109305954474,138.69602774966668,74064300,0.009607291417438102,0.009561434864150615
1135,2022-07-07,143.6021270751953,143.79836886527636,140.5897624458258,140.59956929502877,66253700,0.023999346284473866,0.02371588822304378
1136,2022-07-08,144.27920532226562,144.77963926575595,142.27751446518533,142.53262737695925,64547800,0.004714959735351076,0.0047038791287898445
1137,2022-07-11,142.14993286132812,143.88670373849325,141.08040216848238,142.93491514840724,63141600,-0.014757999645073627,-0.014867982346303342
1138,2022-07-12,143.12136840820312,145.6627355993454,142.32657916846543,143.02323999517395,77588800,0.006833879744583937,0.006810634631183531
1139,2022-07-13,142.75827026367188,143.70023682096436,139.45153554732983,140.30521051946872,71185600,-0.0025369946400710663,-0.0025402182643388485
1140,2022-07-14,145.68235778808594,146.1533412106034,140.5603662797928,141.37478416032295,78140700,0.020482788976171618,0.020275837840065782
1141,2022-07-15,147.3504180908203,148.02746510063992,145.4174054581408,146.96774129904725,76259900,0.011449981508130147,0.011384926584028593
1142,2022-07-18,144.3086395263672,148.7241480973096,143.9455764182645,147.9097302753274,81420900,-0.020643162088473388,-0.02085921061403892
1143,2022-07-19,148.16482543945312,148.39050276940443,144.1516228338136,145.1426536934173,82982400,0.026721795214356137,0.026371003513120456
1144,2022-07-20,150.16651916503906,150.8337592919261,147.54665279809592,148.2825708215841,64823400,0.013509911813744946,0.013419466648721375
1145,2022-07-21,152.4331512451172,152.64902171844827,149.0871738807754,151.59910487340264,65086600,0.01509412412754263,0.014981341324883572
1146,2022-07-22,151.19683837890625,153.34572184345396,150.5296130875675,152.47243287549966,66675400,-0.00811052488328412,-0.008143594117499604
1147,2022-07-25,150.07823181152344,152.1289867062053,149.42081342303993,151.11832702232695,53623900,-0.007398346284063995,-0.007425849785517935
1148,2022-07-26,148.75363159179688,150.21564643003015,147.9686490427049,149.4012283454232,55138700,-0.008826064937852318,-0.00886524535865375
1149,2022-07-27,153.8461151123047,154.37598449377768,149.3030578563077,149.71517016840275,78620700,0.03423434753164467,0.03366139212027363
1150,2022-07-28,154.39561462402344,154.68016301876492,151.51081343985047,154.0325515340952,81378700,0.003571747725430896,0.003565384182668546
1151,2022-07-29,159.45870971679688,160.5576907977121,156.5052308137223,158.21256599444197,101786900,0.032792998072534774,0.03226678096935038
1152,2022-08-01,158.47747802734375,160.51842568191043,157.8691239569894,157.9868660422736,67829400,-0.006153515798514975,-0.006172526706261164
1153,2022-08-02,157.00567626953125,159.36062329417274,156.6328212608233,157.0939978250213,59907000,-0.009287135157202253,-0.009330529478503696
1154,2022-08-03,163.01075744628906,163.4621121282082,157.73176722636683,157.82007379818262,82507500,0.03824754186879775,0.037534235954334194
1155,2022-08-04,162.69677734375,164.05087149041262,161.3426831970874,162.8930191834261,55474100,-0.0019261311796708869,-0.001927988555748071
1156,2022-08-05,162.47079467773438,162.96208826310027,160.16170882927858,160.368058732092,56697000,-0.0013889805914112374,-0.001389946119122627
1157,2022-08-08,161.99911499023438,164.88792318870864,161.34078349494277,163.47299550022427,60276900,-0.002903166002453439,-0.0029073883629948797
1158,2022-08-09,162.04824829101562,162.93258559805665,160.40732977942574,161.16392597706255,63135500,0.00030329363703129886,0.0003032476528137458
1159,2022-08-10,166.29302978515625,166.3912794896035,163.99376480339055,164.76018146628317,70170500,0.02619455340558563,0.02585735197469597
1160,2022-08-11,165.5561065673828,168.01257432763373,165.26132743753485,167.09876052441393,57149200,-0.004431473879124792,-0.004441321964620938
1161,2022-08-12,169.10324096679688,169.1720142653812,166.45024387983412,166.86294364369544,68039400,0.021425572713443586,0.02119927184127323
1162,2022-08-15,170.17425537109375,170.37076978453467,168.36629877849532,168.53333677957454,54091700,0.006333494249865845,0.006313521960387666
1163,2022-08-16,170.01702880859375,170.6851957704937,168.6708894053126,169.77138205657383,56377100,-0.0009239150901947379,-0.0009243421628145046
1164,2022-08-17,171.51055908203125,173.08268924248625,169.56504107416526,169.76155547008622,79542000,0.008784592248809009,0.008746232206185612
1165,2022-08-18,171.11752319335938,171.85446345688476,170.10545976423154,170.72449438338106,62290100,-0.0022916133605738187,-0.002294243124841124
1166,2022-08-19,168.53334045410156,170.71468497495962,168.32699056998192,170.01704154998163,70346300,-0.015101800745080496,-0.015216994161365842
1167,2022-08-22,164.65211486816406,166.90223255698254,164.22959465128477,166.73519456201245,69026800,-0.023029422994167215,-0.02329874304705387
1168,2022-08-23,164.31805419921875,165.77229405857466,163.74815182078322,164.1706721156108,54147100,-0.002028887811206026,-0.00203094879221926
1169,2022-08-24,164.61279296875,165.18269520734955,163.35508285359487,164.40645810232692,53841500,0.0017937089808397477,0.001792102205989834
1170,2022-08-25,167.06927490234375,167.17736007756102,165.41853585512217,165.84104108991514,51218200,0.014922788741334791,0.01481253939468434
1171,2022-08-26,160.77088928222656,168.0715189036816,160.71193645776907,167.59988131493301,78961000,-0.037699245560254946,-0.038428242623679526
1172,2022-08-29,158.56988525390625,160.06340660842702,157.03705202563728,158.34387946257124,73314000,-0.013690314447763918,-0.013784890982972031
1173,2022-08-30,156.1428985595703,159.72933499269527,154.9736176696823,159.30682979347176,77906200,-0.01530547045833941,-0.015423808200641164
1174,2022-08-31,154.48233032226562,157.78382326299328,154.403721562595,157.51852057324083,87991100,-0.010634926420756585,-0.01069188141880276
1175,2022-09-01,155.20944213867188,155.66142374222144,151.97672265788725,153.91242016030444,74229900,0.004706763646621814,0.004695721469664399
1176,2022-09-02,153.09689331054688,157.56766760419046,152.2715237467297,156.9682888748041,76957800,-0.01361095561594472,-0.013704433860292612
1177,2022-09-06,151.8391876220703,154.3546082697241,151.01381803326322,153.74540904842692,73714800,-0.00821509608248805,-0.008249025936759889
1178,2022-09-07,153.24427795410156,153.9419063408882,150.93519246411637,152.1241293530868,87449600,0.009253805648173907,0.009211251512368498
1179,2022-09-08,151.77041625976562,153.63732582875608,150.0213973567108,151.94727474830393,84923800,-0.009617727421948996,-0.009664276466793997
1180,2022-09-09,154.62966918945312,155.07184521324115,152.0552967498594,152.76276039621982,68028800,0.018839329825607765,0.018664067447155513
1181,2022-09-12,160.5841827392578,161.39973173078485,156.5261087123494,156.81105233922636,104956000,0.03850822148826549,0.037785280998182236
1182,2022-09-13,151.1611785888672,157.7445084078153,150.6993615052029,157.11565333541313,122656600,-0.0586795286413162,-0.060471632701264814
1183,2022-09-14,152.60560607910156,154.36444545311878,150.93521094229624,152.09465656902455,87965400,0.00955554530414826,0.009510179846615537
1184,2022-09-15,149.71678161621094,152.5368165999088,148.74403004784534,151.9570788549336,90481100,-0.01893000222674146,-0.019111468472752934
1185,2022-09-16,148.07586669921875,148.71455728301882,145.78643705402317,148.57699569456918,162278800,-0.010960126842684659,-0.011020631531759546
1186,2022-09-19,151.79002380371094,151.86863255679214,146.50371634850782,146.7100512063952,81474200,0.025082798347124458,0.024773388203177222
1187,2022-09-20,154.16787719726562,155.32733752502483,150.41440307013318,150.72882307884146,107689800,0.015665412877394536,0.015543976885138045
1188,2022-09-21,151.04330444335938,155.97589634819317,150.9253987780384,154.60026528272206,101696800,-0.020267339803273,-0.020475540250665045
1189,2022-09-22,150.0803680419922,151.78023962875704,148.28223174210513,149.7266360650785,86652500,-0.006375233943112568,-0.0063956425329565626
1190,2022-09-23,147.81056213378906,148.8324610577634,145.97312915554878,148.55733788432917,96029900,-0.01512393618043395,-0.015239469259928492
1191,2022-09-26,148.14462280273438,151.0923833374164,147.03429487021683,147.0539508051786,93339400,0.0022600595256714318,0.0022575094326602067
1192,2022-09-27,149.11737060546875,152.02583419352277,147.33889085777966,150.08031648538008,84442700,0.0065662039183809195,0.006544740306501584
1193,2022-09-28,147.23081970214844,148.01689223253555,142.317885128587,145.06913148839868,146691400,-0.012651449630986966,-0.012732160683660853
1194,2022-09-29,139.99899291992188,144.16516723784525,138.2303333041484,143.55596808972413,128138200,-0.04911897384567121,-0.050366328201563046
1195,2022-09-30,135.79354858398438,140.60823487907734,135.59703414181732,138.819918971248,124925300,-0.030039104198006483,-0.03049952190351606
1196,2022-10-03,139.9695281982422,140.57874239032802,135.29241903979042,135.8033685254817,114311700,0.030752415396782196,0.03028903594123145
1197,2022-10-04,143.5559844970703,143.67389015390162,141.74801279814906,142.50460908002574,87830100,0.025623122010874688,0.025300351792534266
1198,2022-10-05,143.85072326660156,144.8136692711772,140.51975411083046,141.56130887045842,79471000,0.002053127708773861,0.0020510229225172124
1199,2022-10-06,142.89764404296875,144.9709035584296,142.69130913468942,143.2710319630231,68402200,-0.006625473977398433,-0.006647519860348016
1200,2022-10-07,137.6505889892578,140.60818501990053,137.0217340014585,140.05792378662625,85925600,-0.036718975241699314,-0.03741008757690073
1201,2022-10-10,137.97486877441406,139.4192729060871,136.15709176712548,137.97486877441406,74899000,0.0023558183625465023,0.0023530477729518996
1202,2022-10-11,136.55992126464844,138.88866238055874,135.81316062854552,137.4638994009055,77033700,-0.010255110385928523,-0.010308056319081516
1203,2022-10-12,135.93109130859375,137.91592138284778,135.75423283314072,136.70734348798558,70433700,-0.004604791436837674,-0.00461542614857102
1204,2022-10-13,140.50009155273438,141.0896346353026,132.03018316415034,132.63939717381422,113224000,0.033612620925465686,0.03306006461935387
1205,2022-10-14,135.97039794921875,142.00348171103434,135.78370401470698,141.79713183786654,88598000,-0.03223979111654518,-0.03277094048835996
1206,2022-10-17,139.9302215576172,140.41167960335844,137.82748592791265,138.61355854500806,85250900,0.02912268896850123,0.028706681006336554
1207,2022-10-18,141.2469024658203,144.14553155258784,138.1615794221166,142.95660950013638,99136600,0.00940955351564976,0.009365559428126587
1208,2022-10-19,141.35499572753906,142.42601218125702,139.03608932702545,139.22278329462767,61758300,0.0007652788120071641,0.0007649861354870182
1209,2022-10-20,140.8931427001953,143.34961008460004,140.16602295690015,140.52959032509128,64522000,-0.003267327234999007,-0.0032726766038998966
1210,2022-10-21,144.70559692382812,145.27549920361895,140.1660346242772,140.38220497154572,86548600,0.027059189330067568,0.026699562518472667
1211,2022-10-24,146.8476104736328,147.61402706279983,143.45768863799606,144.6269694579804,75981900,0.014802561858973773,0.01469407323622988
1212,2022-10-25,149.6873321533203,149.83472923085242,146.7592264620596,147.47651092815792,74732300,0.019337881430473658,0.019153280663803958
1213,2022-10-26,146.74937438964844,149.34340346890698,145.4621728259598,148.33134005875115,88194300,-0.019627297256274212,-0.019822470694458336
1214,2022-10-27,142.2786102294922,146.45460526216635,141.6202786941001,145.49167413504986,109180200,-0.03046530302940509,-0.030939016419355155
1215,2022-10-28,153.02813720703125,154.7574852960008,145.24604831703184,145.61942126085685,164762400,0.07555265658133936,0.07283462862136675
1216,2022-10-31,150.66989135742188,151.55422867895751,149.27461957607085,150.49303288896766,97943200,-0.015410537517155487,-0.015530514048392209
1217,2022-11-01,148.02674865722656,152.7431699919974,146.5332269791364,152.37961754304112,80379300,-0.01754260706225108,-0.017698302145719238
1218,2022-11-02,142.50460815429688,149.5202795588878,142.47513174028055,146.35634784769096,93604600,-0.03730501786347318,-0.038018654493376124
1219,2022-11-03,136.46168518066406,140.3134243600425,136.33394407491397,139.58630459413143,97918500,-0.04240510571482603,-0.04333045653498745
1220,2022-11-04,136.1959686279297,140.4182534262788,132.25910018387182,139.84740569973505,140814800,-0.001947187977215603,-0.0019490862122721584
1221,2022-11-07,136.72743225097656,136.95379796987663,133.52872680415337,134.94600177423487,83374600,0.003902197902044824,0.0038946040764742543
1222,2022-11-08,137.2982940673828,139.1978259809836,135.3200229786847,138.19393528890745,89908500,0.004175181285920537,0.0041664894015982475
1223,2022-11-09,132.7413330078125,136.363259132224,132.46575346788492,136.31404528196006,74917800,-0.033190223451238676,-0.03375351792760216
1224,2022-11-10,144.55194091796875,144.55194091796875,137.298266687944,139.0108096143879,118854000,0.0889746067975763,0.08523652577039505
1225,2022-11-11,147.33729553222656,147.64240042758996,142.09141663457416,143.51854343102002,93979700,0.019268884226455674,0.01908559011631174
1226,2022-11-14,145.93971252441406,147.90814675324938,145.10312196997452,146.61882473623606,73374100,-0.009485602425129414,-0.009530877285497664
1227,2022-11-15,147.67190551757812,151.16587871608763,146.21526862726066,149.81750629168315,89868300,0.01186923670878337,0.011799349778232392
1228,2022-11-16,146.44166564941406,147.5046219917799,144.96533989912186,146.7763108997982,64218300,-0.008330899935584668,-0.008365795827058042
1229,2022-11-17,148.3411865234375,149.0891860323431,143.8433076526517,144.11888720950952,80389400,0.012971177742343798,0.012887772485011436
1230,2022-11-18,148.90219116210938,150.2899408094876,147.60303246304494,149.9060967599958,74829600,0.003781853521733991,0.0037747202925993736
1231,2022-11-21,145.67393493652344,147.9966873729924,145.3885186493538,147.79001023834212,58724100,-0.021680380929192222,-0.02191885347184851
1232,2022-11-22,147.80972290039062,148.0459404204949,144.6110171948753,145.79208977743497,51804100,0.014661428379743047,0.014554988748762192
1233,2022-11-23,148.68569946289062,149.43369912767082,146.9829928956722,147.0912573882817,58301400,0.005926379843701701,0.005908887929803298
1234,2022-11-25,145.77239990234375,146.5302512983949,144.7980195359923,145.9692403249909,35195900,-0.01959367693780112,-0.019788177877130213
1235,2022-11-28,141.9438018798828,144.32560563619245,141.1170630589414,142.84927987681326,69246000,-0.026264217540671653,-0.026615282715758217
1236,2022-11-29,138.94189453125,142.5244433578434,138.13484450256723,142.012646377485,83763800,-0.021148562380857716,-0.02137539707890236
1237,2022-11-30,145.69363403320312,146.3727461321645,138.33169544585772,139.16827084330671,111380900,0.04859397897755424,0.04745019917676831
1238,2022-12-01,145.96922302246094,146.7762881829984,144.29605710134743,145.87081033178356,71250400,0.0018915650713675625,0.0018897783149804575
1239,2022-12-02,145.47711181640625,145.66411544857186,143.35119950014382,143.65631938407483,65447400,-0.003371335380602525,-0.0033770311368661867
1240,2022-12-05,144.3157196044922,148.53800322701198,143.46929252401586,145.43772619787177,68826400,-0.007983332892804174,-0.008015370319057573
1241,2022-12-06,140.65447998046875,144.9751927748334,139.68009957146649,144.74882702977874,64727200,-0.025369652273898757,-0.025697010409774672
1242,2022-12-07,138.71554565429688,141.10718574311466,137.7903792762826,139.9458168978351,69721100,-0.013785087587975253,-0.01388098422346401
1243,2022-12-08,140.3985595703125,141.25483863673134,138.87303512029186,140.11314322681335,62128300,0.012132842848125991,0.012059829886919633
1244,2022-12-09,139.9163055419922,143.2724894333561,138.6761823933455,140.09345741010685,76097000,-0.003434892991753258,-0.0034408057804327014
1245,2022-12-12,142.2095184326172,142.21935519606154,138.8336463442299,140.44776160871248,70462700,0.016389890240039007,0.016257025779259242
1246,2022-12-13,143.17404174804688,147.6030180487257,141.9634590975565,147.14043487810696,93886200,0.006782410390389515,0.0067595133182921045
1247,2022-12-14,140.94973754882812,144.34528354143862,138.93208948952125,143.05596154285573,82291200,-0.01553566674560325,-0.015657609843222283
1248,2022-12-15,134.3456268310547,139.5619801804679,133.88304361781863,138.88286801559113,98931900,-0.04685436690143274,-0.047987571579551996
1249,2022-12-16,132.38702392578125,135.47746472052233,131.61933586337778,134.5326248058533,160156900,-0.014578836330388811,-0.014686151865631492
1250,2022-12-19,130.2808074951172,133.06614357854048,129.24739159594094,132.9775676474043,79592600,-0.01590953832336961,-0.016037453557224343
1251,2022-12-20,130.21189880371094,131.14690185461754,127.83993247167396,129.31625782088165,77432800,-0.0005289243498803886,-0.000529064279708041
1252,2022-12-21,133.31219482421875,134.6507305969255,130.65481182459862,130.88117753836192,85928000,0.02380962146309984,0.023530592792752204
1253,2022-12-22,130.14300537109375,132.4362327068824,128.24347383297044,132.2295555538223,77852100,-0.0237726897925864,-0.024059819883315466
1254,2022-12-23,129.7788543701172,130.33001348787815,127.59389142616514,128.8536879861786,63814900,-0.0027980835384753266,-0.0028020054918967826
1255,2022-12-27,127.97772979736328,129.33595400462013,126.68840798575984,129.30642869732836,69007800,-0.013878413255346445,-0.013975618853488598
1256,2022-12-28,124.05071258544922,128.96195335269854,123.88339749624971,127.62341762114275,85438400,-0.030685160755172025,-0.031165808362311646
1257,2022-12-29,127.5643539428711,128.4206178463882,125.71402886056813,125.96991984997511,75703700,0.02832423356699043,0.027930519606643143
1258,2022-12-30,127.87930297851562,127.89899152283257,125.41876807644428,126.38330400552722,77034200,0.0024689423487815887,0.0024658995179742496
1259,2023-01-03,123.09601593017578,128.83399514878522,122.21021915687207,128.2237854341601,112117500,-0.03740470065858481,-0.03812220541882325
1260,2023-01-04,124.36566925048828,126.62937150933897,123.10587260552037,124.8873030948284,89113600,0.010314333170885703,0.010261503395243475
1261,2023-01-05,123.04680633544922,125.75340309203497,122.79091532129203,125.12350481122068,80962700,-0.010604718512652433,-0.010661349264639521
1262,2023-01-06,127.57418823242188,128.2336117453076,122.91884655664052,124.02117217456781,87754700,0.03679398134584777,0.03613324156994194
1263,2023-01-09,128.09584045410156,131.30439758356596,127.83994943275363,128.41079711233908,70790800,0.004089010707474028,0.004080673422960637
1264,2023-01-10,128.6667022705078,129.18833615231142,126.09789493911427,128.20411901412172,63896200,0.004456521104686528,0.004446620219279712
1265,2023-01-11,131.38314819335938,131.402821722743,128.40097153395064,129.17849644752224,69458900,0.021112268169743986,0.02089249216758913
1266,2023-01-12,131.30441284179688,132.14098840377943,129.36550386584642,131.76699610111268,71379600,-0.0005992804453629486,-0.000599460085662577
1267,2023-01-13,132.633056640625,132.7905349401524,129.5819934315568,129.9461488585014,57809700,0.010118805378071638,0.010067953022609127
1268,2023-01-17,133.79446411132812,135.12314807764807,132.01303370787318,132.7019826183309,63646600,0.008756546068677373,0.008718429868378681
1269,2023-01-18,133.0760040283203,136.42233624485746,132.898837136548,134.6605941996835,69672800,-0.005369878998954691,-0.005384348622518163
1270,2023-01-19,133.13502502441406,134.09955338686564,131.65869966602656,131.96380450388668,58280400,0.0004435134382392292,0.00044341511522492434
1271,2023-01-20,135.69398498535156,135.84162653742413,132.1015991542997,133.14486670992753,80223600,0.01922078702030694,0.01903840105586559
1272,2023-01-23,138.8828582763672,141.0579844042408,135.72351517113088,135.94004410758743,81760300,0.023500476394439085,0.023228591575316804
1273,2023-01-24,140.28042602539062,140.90048744485267,138.08562666123444,138.0954634232415,66435100,0.010062924729287825,0.010012630624663182
1274,2023-01-25,139.62103271484375,140.18202862963406,136.61916767862735,138.6663409653264,65799300,-0.004700536840596126,-0.004711619105926384
1275,2023-01-26,141.68789672851562,141.9733130723702,139.66039693887691,140.91035682918778,54105100,0.014803385804294633,0.014694885162625551
1276,2023-01-27,143.6267852783203,144.9062704324847,140.82177572822627,140.90051489349364,70555800,0.013684221408972741,0.013591437939285713
1277,2023-01-30,140.7430419921875,143.2527985417942,140.59541543784155,142.6721140707524,64015300,-0.020078032663229828,-0.02028233565433236
1278,2023-01-31,142.01271057128906,142.06192444090843,140.0344391634921,140.44780863595872,65874500,0.00902118187250811,0.008980734087206666
1279,2023-02-01,143.13470458984375,144.2960887309056,139.08958619067016,141.69775584370586,77663600,0.007900659131433674,0.007869612343590654
1280,2023-02-02,148.4396209716797,148.79392468833726,145.83143680858885,146.54991104174482,118339000,0.037062404935527704,0.036392105773803404
1281,2023-02-03,152.06150817871094,154.89605760293438,145.4967833818238,145.69362375451536,154357300,0.02439973359755654,0.024106815286147904
1282,2023-02-06,149.33522033691406,150.68360765070338,148.400217321163,150.16197391503306,69858300,-0.01792884915091586,-0.018091518212610225
1283,2023-02-07,152.20916748046875,152.7800151967711,148.26246234257331,148.26246234257331,83322600,0.019244938582276827,0.019062096879315236
1284,2023-02-08,149.52223205566406,152.14025265616812,148.78406936876726,151.45130381865607,64120100,-0.017652914533873076,-0.017810585554017957
1285,2023-02-09,148.4888153076172,151.89421276586904,148.04592065726195,151.35289040745275,56007100,-0.00691145881009958,-0.006935453564626014
1286,2023-02-10,148.85353088378906,149.17882019931434,147.08909918660703,147.32567733632254,57450700,0.002456182140158525,0.0024531706549684664
1287,2023-02-13,151.65298461914062,152.0571182724141,148.7648180243575,148.79438841262413,62199000,0.01880676742251497,0.018632106643815285
1288,2023-02-14,151.0122528076172,151.57412024796835,148.70567235340334,149.94767374239032,61707600,-0.004224986492237903,-0.004233936966987173
1289,2023-02-15,153.11184692382812,153.27941747242824,150.69683660205456,150.92354792770303,65573800,0.01390346860718461,0.013807702025071951
1290,2023-02-16,151.51499938964844,154.09758049199988,151.16013965459408,151.31784339392544,68167900,-0.010429287911170593,-0.010484054048338855
1291,2023-02-17,150.37156677246094,150.8151376986906,148.69584602843153,150.17442580979125,59144100,-0.007546662850500763,-0.007575282992552771
1292,2023-02-21,146.3596649169922,149.1394018439348,146.29067235544917,148.05510409777494,58867200,-0.02667992321673074,-0.027042292223885368
1293,2023-02-22,146.7835235595703,147.80866542554767,145.0585140913541,146.74408634882758,51011300,0.002896007194458372,0.002891821844212376
1294,2023-02-23,147.26651000976562,148.19308888929672,145.13736699227027,147.94665897626774,48394200,0.0032904677478959865,0.0032850660051593414
1295,2023-02-24,144.61497497558594,145.08811632211885,143.63910684752537,145.00925692421464,55469600,-0.018005010331295646,-0.018169072811049444
1296,2023-02-27,145.80764770507812,147.03979725813033,145.34435826985944,145.60065500306268,44998500,0.008247228405589002,0.008213405851707005
1297,2023-02-28,145.30494689941406,146.95109701970668,144.7332276594082,144.95008720013072,50547000,-0.0034476984820498435,-0.0034536554903815304
1298,2023-03-01,143.23492431640625,145.12750429739225,142.9392054041828,144.73322244168676,55479000,-0.014246057186482197,-0.014348506421577699
1299,2023-03-02,143.8263702392578,144.61494903595985,141.84506394442167,142.31822024697658,52238100,0.004129201908502855,0.004120700149918599
1300,2023-03-03,148.8732452392578,148.95210462024477,145.2260853537234,145.9259379185379,70732300,0.03509005331640114,0.034488430967523034
1301,2023-03-06,151.63327026367188,154.06799923846452,151.26855877090114,151.59383305095145,87558000,0.01853942943191944,0.018369669172419743
1302,2023-03-07,149.4351348876953,151.83042689733767,148.97184535612897,151.50513754277677,56182000,-0.01449639232969302,-0.014602491644863321
1303,2023-03-08,150.68699645996094,151.2784344169459,149.6618543808646,150.62785567244086,47204800,0.008377290743615484,0.008342395990398457
1304,2023-03-09,148.43954467773438,152.33313497413033,148.08468493947933,151.3671337581158,53833600,-0.01491470289424568,-0.01502704551281827
1305,2023-03-10,146.37937927246094,148.78453780981002,145.5020893181875,148.06496662146847,68572400,-0.01387881786990186,-0.01397602916256596
1306,2023-03-13,148.3212432861328,150.95311305935627,145.59079552733544,145.69922529511118,84457100,0.013265966991548916,0.013178744597580904
1307,2023-03-14,150.41098022460938,151.209410853691,147.95654755608294,149.11968969699433,73695900,0.014089262550511128,0.013990931423276216
1308,2023-03-15,150.80526733398438,151.06154904978908,147.7791005346977,149.03096880678774,77167900,0.002621398443027223,0.002617968570862136
1309,2023-03-16,153.62442016601562,154.22570978036399,149.47453364061312,149.98711209240733,76161100,0.01869399445967468,0.0185214092982582
1310,2023-03-17,152.78652954101562,154.50168696477587,152.07681026503803,153.85110845498198,98944600,-0.005454149959326249,-0.005469078140317275
1311,2023-03-20,155.15228271484375,155.5662982460434,151.94869352566715,152.85556893212473,73641400,0.01548404287298788,0.015365388348115102
1312,2023-03-21,157.0054473876953,157.1237289497417,154.3045697408097,155.07344501678244,73938300,0.011944166340481788,0.011873397742950641
1313,2023-03-22,155.57615661621094,159.82460651427928,155.5564380089166,157.0251659140942,75701800,-0.009103447015790578,-0.009145136595037058
1314,2023-03-23,156.66043090820312,159.24302685232914,155.4282812343858,156.56186795883147,67622100,0.006969411737474562,0.0069452376419825755
1315,2023-03-24,157.9615936279297,158.0503047976887,155.59587218901564,156.5914437450547,59196500,0.008305624542096268,0.008271322644156287
1316,2023-03-27,156.01971435546875,158.47416184588545,155.61556566491817,157.6560126824132,52390300,-0.012293363392084644,-0.012369551835880753
1317,2023-03-28,155.3987274169922,156.226743517172,153.7525770821358,155.71416498675424,45992200,-0.003980182511177599,-0.003988124518352107
1318,2023-03-29,158.47418212890625,158.75018247951246,157.07446176772007,157.09416533498404,51305700,0.019790732929630073,0.01959744245272907
1319,2023-03-30,160.04144287109375,160.14987263415844,158.96701206310877,159.2232937572216,49501700,0.009889691312069182,0.009841108365905597
1320,2023-03-31,162.545166015625,162.64374399803975,159.59787385661696,160.1203040734608,68749800,0.015644217520257575,0.01552310822304877
1321,2023-04-03,163.79705810546875,163.91533966892132,161.87490749491164,161.92419649331373,56976200,0.007701810644577423,0.007672303111752432
1322,2023-04-04,163.26480102539062,164.45751374852026,162.7522224371345,164.22095058539657,46278300,-0.0032494910850926484,-0.0032547821465292517
1323,2023-04-05,161.4214324951172,162.6930191721889,159.48943054732956,162.38744850989812,51511700,-0.011290667178081804,-0.011354890635467357
1324,2023-04-06,162.30860900878906,162.60432792623257,159.68659100348637,160.1104432538072,45390100,0.005496026766450113,0.00548097872246424
1325,2023-04-10,159.71617126464844,159.71617126464844,157.7940207437735,159.11488161033475,47716900,-0.015972275038104944,-0.016101206552529706
1326,2023-04-11,158.5037078857422,160.04142798920654,158.21784079111364,160.0315762083488,47644200,-0.007591362661062084,-0.0076203237169390585
1327,2023-04-12,157.81373596191406,159.7457382241708,157.49829842634344,158.9177372546322,50133100,-0.004353033332983536,-0.00436253536772478
1328,2023-04-13,163.19577026367188,163.43234843413578,159.11489082873655,159.3218986080038,68445600,0.034103712639162787,0.03353507341525033
1329,2023-04-14,162.8507537841797,163.9449032227771,161.48060404043056,162.23959735915352,49386500,-0.002114126358390034,-0.0021163642782395338
1330,2023-04-17,162.8704833984375,163.02820218114718,161.6876226098968,162.73248322378927,41516200,0.00012115150712754819,0.00012114416887639603
1331,2023-04-18,164.09275817871094,165.019337094876,163.28446081239204,163.72804670609275,49923000,0.007504581276911448,0.007476562001475735
1332,2023-04-19,165.23617553710938,165.75860570342462,163.17601021464827,163.4323069277827,47720200,0.006968115906450745,0.006943950778804318
1333,2023-04-20,164.27017211914062,165.47275128415967,163.19574132050678,163.71817152684758,52456400,-0.0058461981150840225,-0.005863354028540957
1334,2023-04-21,162.66348266601562,164.07305473489896,162.14105238473394,162.69305305620966,58337300,-0.009780774150280336,-0.009828920115533114
1335,2023-04-24,162.9690399169922,163.23518844762253,161.5496011414824,162.64375061086378,41949600,0.0018784624918177784,0.0018767003875040144
1336,2023-04-25,161.4313507080078,163.93507261234095,161.3919134894812,162.8310711478655,48714100,-0.009435468293656268,-0.009480264328343011
1337,2023-04-26,161.4214324951172,162.9197304634229,160.47515012420936,160.73143179947874,45498800,-6.143919905965411e-05,-6.144108652455461e-05
1338,2023-04-27,166.00509643554688,166.15294840816836,162.83107706887154,162.83107706887154,64902300,0.028395634145845783,0.027999951112610395
1339,2023-04-28,167.25692749023438,167.424513091262,165.4826438930684,166.08393356927388,55275900,0.007540919414926073,0.007512628817839025
1340,2023-05-01,167.168212890625,168.01593249804148,166.2317821133474,166.86264216717663,52472900,-0.0005304091193146787,-0.0005305498359920774
1341,2023-05-02,166.13320922851562,167.91737470896658,165.1474894240389,167.66107793363267,48425700,-0.006191390361913851,-0.006210636500581967
1342,2023-05-03,165.05874633789062,168.47919460136384,164.7728942678528,167.07947455454496,65136000,-0.006467478089507539,-0.00648848284008251
1343,2023-05-04,163.42247009277344,164.65461977543495,161.96360907995128,162.535328337613,81235400,-0.009913296213746703,-0.009962760106295099
1344,2023-05-05,171.0913848876953,171.8109560965244,168.32149974515366,168.5383592942621,113453200,0.04692692988037872,0.04585913946287795
1345,2023-05-08,171.0223846435547,171.36739258858663,169.65223472844943,170.0169462399646,55962800,-0.00040329467311239764,-0.00040337601828052856
1346,2023-05-09,169.31707763671875,171.06179068201072,169.14950709207488,170.57879765359286,45326900,-0.00997125031550783,-0.01002129618981093
1347,2023-05-10,171.08154296875,171.5448325237521,169.44524432941884,170.54926084220077,53724500,0.010421071262622705,0.010367146213795659
1348,2023-05-11,171.26881408691406,172.09681510347738,169.71137500858376,171.36739208260082,49514700,0.0010946307527648358,0.0010940320813653075
1349,2023-05-12,170.34095764160156,171.8117019924622,168.79122976444327,171.3773829679925,45533100,-0.005417544637412175,-0.0054322727499170964
1350,2023-05-15,169.84742736816406,170.97270170588305,169.25517137496644,170.92334452950067,37266700,-0.0028973083178027714,-0.0029015136402549997
1351,2023-05-16,169.84742736816406,170.9035986466086,169.58091066505557,169.76845889829133,42110300,0.0,0.0
1352,2023-05-17,170.4594268798828,170.6963172454511,168.21874344813716,169.4920894098534,57951600,0.003603230977365257,0.0035967548925179586
1353,2023-05-18,172.7888946533203,172.97644284674885,170.350798262134,170.7653713447007,65496700,0.013665819579922633,0.013573284360793036
1354,2023-05-19,172.8974609375,174.11156880350413,172.6803014737671,174.11156880350413,55809500,0.0006283174876342557,0.000628120178845671
1355,2023-05-22,171.9499053955078,172.45332751081392,171.2095929310653,171.73274586766902,43570900,-0.005480447988387316,-0.005495520738972368
1356,2023-05-23,169.343994140625,171.140492823502,169.06761204505847,170.89372201948225,50747300,-0.015155060707296553,-0.015271072240062243
1357,2023-05-24,169.620361328125,170.19287135053577,168.3174194294986,168.88004898113246,45143500,0.00163198694410438,0.0016306567005083114
1358,2023-05-25,170.7555389404297,171.65377326209193,169.47232768730396,170.18302884098296,56058300,0.006692460760113095,0.006670165662033686
1359,2023-05-26,173.16400146484375,173.49962120538788,170.87397623432938,171.08127033696854,54835000,0.014104740258260584,0.014006193974815489
1360,2023-05-30,175.00985717773438,176.67803022234617,174.28929064745816,174.6742524991613,55964400,0.01065958107502718,0.010603168277770015
1361,2023-05-31,174.96051025390625,177.03339115324283,174.47683402760893,175.03947872320146,99625300,-0.00028196653962186957,-0.0002820062996607788
1362,2023-06-01,177.76380920410156,177.79342049505456,174.64462268903534,175.40468096744894,68901800,0.016022466704784355,0.015895461810213413
1363,2023-06-02,178.6127166748047,179.43199760539318,176.94454352013497,178.69168514468382,61996900,0.004775479747558986,0.004764113316559139
1364,2023-06-05,177.26039123535156,182.56102285189482,175.7402747725204,180.27099781019854,121946500,-0.00757127188158313,-0.007600079459319483
1365,2023-06-06,176.8951873779297,177.79342164547316,175.13816542041533,177.64536518975015,64848400,-0.0020602676936269937,-0.002062392964698307
1366,2023-06-07,175.5231475830078,178.86935913776645,175.02960596689772,176.135134367242,61944600,-0.007756230201958925,-0.007786466201822763
1367,2023-06-08,178.2376251220703,178.50412674833163,175.1677956906412,175.60209965770608,50214900,0.015465068718522046,0.015346703335912587
1368,2023-06-09,178.6226043701172,179.87618934318917,178.29686506682958,179.1556227362357,48900000,0.0021599213285254937,0.0021575920518859698
1369,2023-06-12,181.41603088378906,181.51474523727245,178.63246384356634,178.92859184232086,54274900,0.015638706666059488,0.015517682239171798
1370,2023-06-13,180.9422149658203,181.7713612206094,180.08345742062403,180.4388079672042,54929100,-0.0026117643278849023,-0.0026151809345479485
1371,2023-06-14,181.57394409179688,182.00826309164242,179.668880824476,181.00143405215442,57462900,0.0034913307880966027,0.0034852502414504313
1372,2023-06-15,183.6073455810547,184.11076766616947,181.4061542027307,181.5838370156226,65433200,0.011198751557821573,0.011136509795197716
1373,2023-06-16,182.5314178466797,184.57468723659963,181.88981981135748,184.31803597311566,101256200,-0.005859938397181574,-0.005877175206939273
1374,2023-06-20,182.62025451660156,183.69618663444365,182.02801364300083,182.02801364300083,49799100,0.00048669248817478916,0.00048657409179929303
1375,2023-06-21,181.58383178710938,183.015099412311,180.23151756348105,182.51167734169172,49515700,-0.005675289043023279,-0.005691454688037309
1376,2023-06-22,184.58457946777344,184.63393664574576,181.29759022920584,181.36669329070625,51245300,0.016525412263478145,0.016390353541092705
1377,2023-06-23,184.26870727539062,185.13734541827677,182.62027993546528,183.1533133637622,53117000,-0.0017112599183181088,-0.0017127257961428084
1378,2023-06-26,182.8769073486328,185.6209974197008,182.83741558637178,184.4167547195407,48088700,-0.007553099749474823,-0.007581768859049028
1379,2023-06-27,185.630859375,185.9565986299679,183.27173119056016,183.48889069387212,50730800,0.015059047455986851,0.014946785635145236
1380,2023-06-28,186.8054962158203,187.44709427325768,185.17681495512898,185.50253915791174,51216800,0.0063278101753942995,0.006307873643446248
1381,2023-06-29,187.14109802246094,187.61490879718235,186.49949997485513,186.63769101872532,46347300,0.0017965306880098897,0.0017949188569340011
1382,2023-06-30,191.4645538330078,191.96796090675178,188.7895513940242,189.15478246637608,85213200,0.023102652791039846,0.022839826794557292
1383,2023-07-03,189.97406005859375,191.37571654835668,189.28308969373236,191.27700219289193,31458200,-0.007784698235653864,-0.007815157177721277
1384,2023-07-05,188.858642578125,190.48732393792235,188.15780683402295,189.09554798353173,46920300,-0.005871419919776022,-0.005888724473827933
1385,2023-07-06,189.3324432373047,189.53973735512338,186.7561552507634,187.38788795320247,45094300,0.002508758152191426,0.0025056164718387465
1386,2023-07-07,188.21701049804688,190.1813114167851,187.7827065576724,188.9375920522482,46815000,-0.005891397798420406,-0.00590882054568806
1387,2023-07-10,186.17376708984375,187.5359467558433,184.62403920180722,186.8153651594175,59922200,-0.01085578504725171,-0.010915139028653424
1388,2023-07-11,185.650634765625,186.85487763479418,184.1897556525184,186.71668657087457,46638100,-0.002809914266634017,-0.0028138694866839753
1389,2023-07-12,187.3187713623047,189.22383458950753,186.0355602702456,187.22992243297554,60750200,0.008985353585166278,0.008945225493239232
1390,2023-07-13,188.07882690429688,188.72044002337208,187.32864909209994,188.03935020331573,41342300,0.004057551394686998,0.0040493417329502505
1391,2023-07-14,188.22689819335938,188.71055932283986,187.18059240914323,187.77283329330808,41616200,0.0007872831381379175,0.0007869733933287017
1392,2023-07-17,191.48426818847656,191.81000743962883,189.33241906132668,189.421252931179,50520200,0.017305549984524493,0.017157514405283344
1393,2023-07-18,191.2276153564453,191.81987127398517,189.93453883356673,190.85253399958415,48288200,-0.00134033377498477,-0.001341232825740809
1394,2023-07-19,192.57994079589844,195.66950100927124,190.16157487576123,190.6057743707706,80507300,0.007071810402134782,0.007046922417470605
1395,2023-07-20,190.63539123535156,193.9322456468904,190.01352397351403,192.57006595398724,59581200,-0.010097362957483536,-0.010148687111528406
1396,2023-07-21,189.4607696533203,192.4516308259383,188.75993388819955,191.5928731808388,71951700,-0.0061616134046227344,-0.006180674482829549
1397,2023-07-24,190.26026916503906,192.392372294224,189.76672761078473,190.91174763146105,45377800,0.004219868383210423,0.0042109897077552685
1398,2023-07-25,191.11903381347656,191.92844922240585,190.4280786239598,190.83278632842445,37283200,0.004513630997192486,0.004503475113277604
1399,2023-07-26,191.9876708984375,193.112945076557,190.82292002182845,191.16839008411552,47471900,0.004545005631457322,0.004534708282579258
1400,2023-07-27,190.72421264648438,194.65279947329122,190.06286872536143,193.48804855415668,47460200,-0.006580934317503617,-0.006602684141038038
1401,2023-07-28,193.30050659179688,194.09017617119656,191.63233355900982,192.15548645475204,48291400,0.013507954284167178,0.013417535210809052
1402,2023-07-31,193.91250610351562,193.9519978690126,192.73787459795656,193.52754422924545,38824100,0.003166052290856758,0.0031610509009633307
1403,2023-08-01,193.08334350585938,194.1888718595327,192.75760424557473,193.7052107356477,35175100,-0.004275962465327687,-0.004285130537051125
1404,2023-08-02,190.0924835205078,192.65889079076135,189.37191700535638,192.52069974591456,50389300,-0.01548999479212354,-0.01561121822440254
1405,2023-08-03,188.70066833496094,189.8851650044284,188.22687267951244,189.095510599245,61235200,-0.007321779166490461,-0.007348714950683755
1406,2023-08-04,179.6392822265625,184.95966022717982,179.57017917093492,183.12368481919472,115956800,-0.04801989409127927,-0.04921114156382543
1407,2023-08-07,176.53985595703125,180.76457131743229,175.0592309925441,179.77748800777417,97576100,-0.017253610853455892,-0.01740418892090962
1408,2023-08-08,177.47756958007812,177.94149990785485,175.2862435821482,177.3689898212007,67823000,0.00531162562676557,0.005297568698156845
1409,2023-08-09,175.8883514404297,178.59294967088076,174.72358547458126,178.53372709089916,60378500,-0.008954473195731838,-0.00899480544070262
1410,2023-08-10,175.67120361328125,178.41529378720278,175.30598763799586,177.16169386807627,54686900,-0.0012345776475253256,-0.0012353403663308965
1411,2023-08-11,175.73049926757812,176.5508864753638,174.5048729038775,175.2659575562626,52036700,0.0003375377015542025,0.00033748074851972106
1412,2023-08-14,177.38116455078125,177.60849603671858,175.2560608313475,175.90841909398483,43675600,0.009393163338651478,0.009349321905894417
1413,2023-08-15,175.39439392089844,177.40087693965438,174.99903360389376,176.80783646414736,43622600,-0.011200572704065381,-0.011263771469883091
1414,2023-08-16,174.52464294433594,176.47180884084688,174.45544657600635,175.07815356283987,46964900,-0.00495882996667929,-0.004971165761635077
1415,2023-08-17,171.98440551757812,175.4537406821077,171.47042491030345,175.08803154260252,66062900,-0.014555179050376399,-0.014662144875609672
1416,2023-08-18,172.46873474121094,173.07166917955516,169.96804315644715,170.30410101859755,61172200,0.0028161229047205527,0.0028121650593914064
1417,2023-08-21,173.8031005859375,174.08974972921308,171.7274356199635,173.04203097276417,46311900,0.007736856461136421,0.007707080470284367
1418,2023-08-22,175.17697143554688,175.62175563939851,174.2083279343983,175.00894251773767,42038900,0.007904754546827375,0.00787367564788175
1419,2023-08-23,179.02191162109375,179.44693836874362,176.26423745502308,176.45203891919172,52722800,0.021948890622084605,0.021711481354969694
1420,2023-08-24,174.33685302734375,179.00217866700072,173.9711287799832,178.57715186115848,54945800,-0.026170308155719524,-0.026518844997731317
1421,2023-08-25,176.54098510742188,177.0747231196245,173.78331106065053,175.3252376314931,51449600,0.012642949794054337,0.012563695014677663
1422,2023-08-28,178.1027374267578,178.4980979181981,176.48173528059502,178.00388976287974,43820700,0.008846400842193347,0.008807500687503876
1423,2023-08-29,181.98715209960938,182.75811538578077,177.42067493043544,177.61835511729424,53003900,0.02180996614074493,0.021575531381132083
1424,2023-08-30,185.47630310058594,185.6739984160231,182.60002327821,182.7977035116121,60813900,0.0191725127885225,0.018991036073064682
1425,2023-08-31,185.6937255859375,186.9292456956689,185.30824391498263,185.66407430986655,60794500,0.001172238618718069,0.001171552083498149
1426,2023-09-01,187.2653045654297,187.7199674857303,186.09896582677092,187.29495583927402,45766500,0.008463285307746649,0.00842767250179396
1427,2023-09-05,187.50253295898438,187.77928826308653,185.4367469097816,186.09898389331408,45280000,0.0012668037686169864,0.0012660020497318029
1428,2023-09-06,180.7911834716797,186.66237722656214,179.36786194540127,186.21757793807612,81755800,-0.035793380395414576,-0.0364496716487997
1429,2023-09-07,175.50315856933594,176.14563807720947,171.5297216636145,173.1507234483217,112488800,-0.029249351659740075,-0.029685642494961525
1430,2023-09-08,176.11598205566406,178.15213198996554,175.7305003611282,176.2840260730559,65551300,0.003491808872978286,0.0034857266628734473
1431,2023-09-11,177.2823028564453,178.21141635408188,175.2856982178241,177.98408488615974,58953100,0.006622458604651937,0.006600626460971735
1432,2023-09-12,174.25778198242188,178.04341790139725,172.79493020499618,177.4108321261293,90370200,-0.017060478261457068,-0.017207684900047683
1433,2023-09-13,172.19200134277344,175.24620393193433,171.96465474647994,174.46534664942806,84267900,-0.011854739662971348,-0.011925567408711186
1434,2023-09-14,173.70425415039062,174.060084556446,171.56927171405846,171.98440467411754,60895800,0.008782363848636843,0.00874402320869442
1435,2023-09-15,172.9827117919922,174.45545734300367,171.80650919609533,174.43568479625586,109259500,-0.004153855424713693,-0.004162506647756262
1436,2023-09-18,175.90841674804688,177.30208708635865,174.1292647291417,174.43567131089117,67257600,0.016913279516468593,0.01677184255205956
1437,2023-09-19,176.99566650390625,177.54917706999674,175.07813698421282,175.46361863431386,51826900,0.006180771653562456,0.006161749027212462
1438,2023-09-20,173.45718383789062,177.6184080610438,173.3682149075579,177.18350247110067,58436200,-0.01999191695429181,-0.02019445934570938
1439,2023-09-21,171.91522216796875,174.25777881422758,171.84604087673065,172.52805046683002,63149100,-0.008889580908698291,-0.008929328970810226
1440,2023-09-22,172.76524353027344,175.0287248458324,172.03382526857388,172.6466384244914,56725400,0.00494442174221299,0.004932238232799171
1441,2023-09-25,174.040283203125,174.9199727999802,172.13263256691485,172.18205638108142,46172700,0.007380186238837627,0.0073530859196298815
1442,2023-09-26,169.96804809570312,173.1705067749598,169.67152023376326,172.7949188930673,64588900,-0.023398233055442197,-0.023676318074463146
1443,2023-09-27,168.45574951171875,171.0355161486817,167.09174554279588,170.6203831944849,66921800,-0.008897546338432094,-0.008937365877283124
1444,2023-09-28,168.71275329589844,170.03722730338785,165.67830850769053,167.37838547451082,56294400,0.0015256456661445483,0.0015244830511373837
1445,2023-09-29,169.2267608642578,171.06521578016338,168.36682842998798,170.02737565179098,51861100,0.003046643234242419,0.00304201162160707
1446,2023-10-02,171.7373046875,172.28093658205415,168.9499639274405,169.23661305458424,52164500,0.014835383070742392,0.014726415173720229
1447,2023-10-03,170.4029083251953,171.61867083541966,168.84122435442626,170.2645306917589,49594600,-0.007769985471315133,-0.00780032909027719
1448,2023-10-04,171.64834594726562,172.19197782627828,168.98950418793981,169.10810929534875,53020300,0.007308781489184124,0.007282201777385409
1449,2023-10-05,172.8838348388672,173.41757280776133,170.6796564443942,171.7767987357052,48527900,0.007197790836744433,0.0071720103746104385
1450,2023-10-06,175.43399047851562,175.92819856079907,171.17390414032383,171.78673241813826,57266700,0.014750688761764552,0.014642955486838824
1451,2023-10-09,176.91661071777344,176.9759132731787,173.76356081110382,174.76185568517045,42390800,0.008451157242754359,0.008415646146350642
1452,2023-10-10,176.3235626220703,177.63815795783916,175.8886570875863,176.03692856454262,43698000,-0.0033521334898800603,-0.0033577644767483583
1453,2023-10-11,177.71722412109375,177.76664794425923,175.54271164011269,176.13575227199846,47551100,0.007904000340615891,0.007872927356448196
1454,2023-10-12,178.61668395996094,180.227791982292,176.96601576479657,177.98409824545533,56743100,0.005061185505881527,0.005048420758239726
1455,2023-10-13,176.7782440185547,179.82255265296823,176.0764618780152,179.31846581874476,51427100,-0.010292655202457812,-0.01034599087075303
1456,2023-10-16,176.6497344970703,177.0055649122618,174.46532818230494,174.70255348644375,52517000,-0.0007269532639485599,-0.0007272176225978956
1457,2023-10-17,175.09791564941406,176.35320838797153,172.77514673671925,174.60370757241088,57549400,-0.008784722219222996,-0.008823535367126881
1458,2023-10-18,173.8031005859375,175.5229501994882,173.08156098457755,173.5461178040648,54764400,-0.007394805692999107,-0.007422282811055382
1459,2023-10-19,173.427490234375,175.7799102245973,173.16061367257353,174.00075828264139,59302900,-0.0021611257238577375,-0.002163464326004567
1460,2023-10-20,170.87738037109375,173.38795063159753,170.64015507731645,173.2792242572037,64244000,-0.014704184785439445,-0.014813362882294722
1461,2023-10-23,170.9959716796875,171.9942664316387,167.96152725501383,168.93018581492106,55980100,0.0006940140838782582,0.0006937733674712265
1462,2023-10-24,171.430908203125,171.6582397062376,169.46395453488128,171.04542648826694,43816600,0.0025435483606142117,0.0025403190163192785
1463,2023-10-25,169.11801147460938,171.0552987076063,168.67321213575732,169.88897487497013,57157000,-0.013491713674964156,-0.013583553833471446
1464,2023-10-26,164.95677185058594,169.39476582537458,163.75090293239452,168.3964558542296,70625300,-0.02460553780014252,-0.024913313188102925
1465,2023-10-27,166.27134704589844,167.00278034322866,164.8974493569631,164.9765244498122,58499100,0.007969210239536118,0.007937623785371129
1466,2023-10-30,168.3173828125,169.18719386762373,166.91383366211736,167.06210513671374,51131000,0.012305402000723387,0.01223030597178355
1467,2023-10-31,168.79180908203125,168.92029290970513,165.9550448299652,167.38826013413149,44846000,0.0028186409603323526,0.002814676040610089
1468,2023-11-01,171.9547576904297,172.2117404582064,168.14934950515965,169.01916053768616,56934900,0.018738756492983955,0.018565348940727918
1469,2023-11-02,175.5130615234375,175.7206204672586,173.42750286114074,173.4868054165182,77334800,0.020693256068051502,0.020482059241827538
1470,2023-11-03,174.6037139892578,174.77175801380423,171.34195262679097,172.2216424329047,79829200,-0.005181081831099221,-0.005194550176109099
1471,2023-11-06,177.15382385253906,177.35150406781844,174.16881791314302,174.33684685023218,63841300,0.014605129553189933,0.014499501877067125
1472,2023-11-07,179.7138214111328,180.32663456302825,176.89682951103612,177.1043884447924,70530000,0.014450704494669342,0.014347288166406756
1473,2023-11-08,180.77142333984375,181.32493395317235,179.4864793691692,180.23768527185777,49340300,0.005884922597530595,0.005867674078259002
1474,2023-11-09,180.29698181152344,181.98716487212562,179.7039261272927,180.84061367506283,53763500,-0.0026245383233409747,-0.002627988462049301
1475,2023-11-10,184.48350524902344,184.6517706680945,181.64301825007877,182.07849676599454,66133400,0.023220152636145963,0.022954666784537
1476,2023-11-13,182.89996337890625,184.11731278262945,182.3160331472403,183.9094803756521,43627500,-0.008583650164168621,-0.008620701867506525
1477,2023-11-14,185.51280212402344,186.17591157835597,184.38452385663774,185.77012344749633,60108400,0.014285616556982461,0.014184538639680977
1478,2023-11-15,186.07693481445312,187.55162053928348,185.84930383072194,185.91859136162876,53790500,0.0030409367114865304,0.003036322415599366
1479,2023-11-16,187.7594757080078,188.9966236513369,186.7103615664657,187.6209157424311,54412900,0.009042178683953628,0.009001542959570797
1480,2023-11-17,187.7396697998047,188.42257785422723,186.63119011836693,188.29390964052354,50922700,-0.00010548553210665279,-0.00010549109609667844
1481,2023-11-20,189.48158264160156,189.93685974559065,187.92773262314063,187.93762437034974,46505100,0.009278341885092134,0.009235562482049531
1482,2023-11-21,188.67990112304688,189.55085808280586,187.78916067013205,189.44198846283598,38134500,-0.004230920532635851,-0.004239896202756943
1483,2023-11-22,189.34298706054688,190.94632571731435,188.8679265514864,189.52114419013287,39617700,0.003514343253061103,0.0035081823788760047
1484,2023-11-24,188.01678466796875,188.93721542830764,187.30418629136327,188.9075250877743,24048300,-0.007004232969843427,-0.007028877755560255
1485,2023-11-27,187.83863830566406,188.70959528304604,186.95778958150402,187.96730652329646,40552600,-0.0009475024403767796,-0.0009479516045592259
1486,2023-11-28,188.44236755371094,189.11538388382388,187.45264920500045,187.82874701011957,38415400,0.00321408445830218,0.0032089303297663115
1487,2023-11-29,187.42294311523438,190.11497800569174,187.02706184977393,188.93721085337887,43014200,-0.00540974119413995,-0.00542442683164496
1488,2023-11-30,187.99697875976562,188.36318478193425,186.2550800746654,187.888109148078,48794400,0.0030627821492394958,0.0030581013869939605
1489,2023-12-01,189.27371215820312,189.59041412612484,187.28436893039358,188.3730649805332,45704800,0.006791244236264982,0.006768287614534236
1490,2023-12-04,187.48236083984375,188.09599655502976,185.52272251537218,188.0267090138373,43389500,-0.009464342923977132,-0.009509414424321403
1491,2023-12-05,191.43130493164062,192.40122460244103,188.22461231756913,188.25431775925796,66628400,0.02106301667051369,0.02084425781708508
1492,2023-12-06,190.34263610839844,192.75753614335477,190.1347886146608,192.45072587794942,41089700,-0.005686994734904749,-0.005703227261579606
1493,2023-12-07,192.2725830078125,192.99507315570867,191.59956669458757,191.63916388460834,47477700,0.010139330519279843,0.01008827234799058
1494,2023-12-08,193.69778442382812,193.9749043529612,191.67875053796885,192.20330005396386,53406400,0.007412400633103777,0.007385063796140645
1495,2023-12-11,191.1938018798828,191.50062728331056,189.45190285406377,191.12452944175106,60943700,-0.012927264766572466,-0.013011549018248697
1496,2023-12-12,192.7080535888672,192.71794533501543,189.748790485074,191.09480795445688,52696900,0.007919983253095841,0.007888784804926203
1497,2023-12-13,195.92465209960938,195.96423418895137,192.8466274130704,193.08415015292962,70404200,0.01669156244816139,0.016553789305322097
1498,2023-12-14,196.07310485839844,197.567574144968,194.14315707722483,195.98403383047588,66831600,0.0007577033170567127,0.0007574164048187955
1499,2023-12-15,195.5386505126953,196.36010340669733,194.97450383643803,195.4990533238864,128538400,-0.002725791209809758,-0.002729512943320295
1500,2023-12-18,193.8759002685547,194.60829718334298,192.39132294807408,194.07384089090513,55751900,-0.008503435202099174,-0.008539795679926401
1501,2023-12-19,194.91513061523438,194.92502236186388,193.87592334681435,194.1431515248431,40714100,0.00536028637515118,0.005345971173075451
1502,2023-12-20,192.82684326171875,195.64753172216422,192.82684326171875,194.87555255598716,52242800,-0.01071382886964245,-0.01077163518959855
1503,2023-12-21,192.6783447265625,195.0536776254948,191.51048442189503,194.08375795359612,46482500,-0.0007701133962697559,-0.0007704100859242108
1504,2023-12-22,191.60948181152344,193.4008696387368,190.98595440796598,193.17322354105164,37149600,-0.0055473951499631635,-0.005562839088673918
1505,2023-12-26,191.06512451171875,191.89648427525853,190.84738527337694,191.6193643540786,28919300,-0.0028409726630341803,-0.002845015885475568
1506,2023-12-27,191.1641082763672,191.51051576683653,189.1252907315366,190.51090559150927,48087700,0.0005180629636172274,0.0005179288153295981
1507,2023-12-28,191.5896759033203,192.65857351066379,191.18388776405135,192.14391575114956,34049900,0.0022261900039199922,0.0022237157144317965
1508,2023-12-29,190.55044555664062,192.40121377472641,189.75866796911842,191.90635467026271,42672100,-0.005424250246156781,-0.005439014907204922
1509,2024-01-02,183.7313232421875,186.50253778362813,181.99931604152513,185.22579259007347,82488700,-0.035786441194261887,-0.036442474875782685
1510,2024-01-03,182.35562133789062,183.9688672168001,181.5440449736598,182.32593099304364,58414500,-0.007487574138262065,-0.007515746739225649
1511,2024-01-04,180.0396728515625,181.2075332827541,179.02026413555495,180.277195595857,71983600,-0.01270017600409945,-0.012781512632853374
1512,2024-01-05,179.31715393066406,180.88091065327836,178.31754388665928,180.1188384374096,62379700,-0.004013109496672662,-0.004021183629414289
1513,2024-01-08,183.65213012695312,183.6917273170526,179.63387614033877,180.21780632812883,59144500,0.02417491077270406,0.02388732333219551
1514,2024-01-09,183.23646545410156,183.24635720149604,180.85124046635073,182.02900778818224,42841800,-0.0022633261730437004,-0.002265891367037878
1515,2024-01-10,184.27565002441406,184.48348240733844,182.02898528742006,182.45457200324566,46792900,0.005671276007956028,0.005655254867176535
1516,2024-01-11,183.68182373046875,185.12681915669637,181.73207738578324,184.62205313633504,49128400,-0.003222489210411905,-0.003227692610374754
1517,2024-01-12,184.0084228515625,184.8199990991005,183.28593272766105,184.14698280822722,40477800,0.0017780698953262508,0.0017764910003632635
1518,2024-01-16,181.74197387695312,182.36548612847807,179.0697224204938,180.28708678689063,65603000,-0.012317093638901988,-0.012393577726777004
1519,2024-01-17,180.8017120361328,181.0491415840924,178.4461930088501,179.40622086308548,47317400,-0.005173608609846503,-0.005187038062048518
1520,2024-01-18,186.6905517578125,187.19530261085842,183.91933773499053,184.17665903424702,78005800,0.03257070774032722,0.03205152558121681
1521,2024-01-19,189.59043884277344,189.97642838325277,186.8786203129096,187.38337121910467,68903000,0.015533121829983454,0.015413717784082527
1522,2024-01-22,191.89646911621094,193.3216657993532,190.28322355100102,190.32282073770045,60133900,0.012163220294826527,0.012089842736577257
1523,2024-01-23,193.17320251464844,193.7373491711095,191.83709192633378,193.01485907067706,42355600,0.006653240699620699,0.006631205576372371
1524,2024-01-24,192.50018310546875,194.36085808840235,192.34182457460193,193.41072200510203,53631300,-0.00348402055988406,-0.003490103893263922
1525,2024-01-25,192.17359924316406,194.2520137003454,191.124500268323,193.21280647175473,54822100,-0.0016965379306976835,-0.001697978680928363
1526,2024-01-26,190.4415740966797,192.75751105858055,189.966513589549,192.27255880614135,44594000,-0.009012815253008677,-0.009053676373511822
1527,2024-01-29,189.75868225097656,190.22385105233468,187.63079398239137,190.03580216218106,47145600,-0.0035858338650175403,-0.0035922783778519654
1528,2024-01-30,186.1066131591797,189.82796344587697,185.54248160944437,188.9768051464624,55859400,-0.019245860313082397,-0.0194334729613704
1529,2024-01-31,182.50404357910156,185.17629499887522,182.45456974695213,185.11689921687164,55467800,-0.019357558116415707,-0.019547369156054924
1530,2024-02-01,184.93875122070312,185.02782223798647,181.93001441121828,182.0982647000541,64885400,0.01334056820799323,0.01325236640347394
1531,2024-02-02,183.93911743164062,185.403896011064,177.40697184189054,178.01070049519137,102551700,-0.00540521541572192,-0.005419876447121332
1532,2024-02-05,185.75030517578125,187.30417000412038,183.92922730587782,186.21547393955785,69668800,0.009846669753722948,0.009798507203514245
1533,2024-02-06,187.35366821289062,187.36355995873058,184.8496822422945,184.93875326056028,43490800,0.008631819127252971,0.008594777978901059
1534,2024-02-07,187.46253967285156,189.08567701882757,186.6707620426896,188.67988890685803,53439000,0.000581101298946729,0.000580932524966931
1535,2024-02-08,186.38377380371094,187.59121634154823,185.42374576060666,187.44276462432762,40962000,-0.0057545676646824084,-0.00577118898553599
1536,2024-02-09,187.14682006835938,188.27653811843788,186.30447993507684,186.9486117161699,45155200,0.004093952220604935,0.004085594800367118
1537,2024-02-12,185.46214294433594,186.9684387436886,185.10538907399385,186.72069342042812,41781900,-0.009001900878722213,-0.009042662795988914
1538,2024-02-13,183.37115478515625,184.53061609699293,181.85495475727518,184.0945819491523,56529500,-0.011274474272667478,-0.011338512947631342
1539,2024-02-14,182.48916625976562,183.8567250370981,180.7945970211484,183.648627470826,54630500,-0.004809854234838595,-0.004821458809547284
1540,2024-02-15,182.20179748535156,182.82612045767794,179.71444020641266,181.89459574378543,65434500,-0.0015747169013036189,-0.0015759580711284425
1541,2024-02-16,180.66578674316406,183.18288755084293,180.03155935687485,181.76577652013776,49752500,-0.008430272167380681,-0.008466007894794278
1542,2024-02-20,179.9225616455078,180.78471053407532,178.3766332434525,180.15048310961222,53665600,-0.004113812089462376,-0.004122297092884263
1543,2024-02-21,180.67572021484375,181.24057170015067,179.03068760645021,180.29914247718926,41371400,0.004186015152562339,0.0041772781647561085
1544,2024-02-22,182.70721435546875,183.29190480468338,180.81445159653885,181.82524161821627,52292200,0.011243869061151823,0.01118112663908516
1545,2024-02-23,180.87388610839844,183.37114775196545,180.58649310326592,183.34141952676862,45119700,-0.010034241141148703,-0.010084923462907224
1546,2024-02-26,179.52615356445312,181.11171437415507,179.0207434868858,180.59641504961763,40867400,-0.007451227885586609,-0.007479126958720569
1547,2024-02-27,180.98287963867188,182.26123857968312,177.94056046222855,179.46667979462939,54318900,0.008114283324717642,0.008081539536772318
1548,2024-02-28,179.7838134765625,181.46847854843006,178.50545433930714,180.8639793914523,48953900,-0.0066253016003684495,-0.006647346333636276
1549,2024-02-29,179.11985778808594,180.92345088953732,177.9108594746495,179.63517226295397,136682600,-0.003693078234560443,-0.003699914484377478
1550,2024-03-01,178.0396728515625,178.90182159301432,175.78023709238585,177.93066432277888,73563100,-0.006030514705976264,-0.006048771696156371
1551,2024-03-04,173.52081298828125,175.30456703921072,172.22261492332544,174.56133114426578,81510100,-0.025381196173331344,-0.025708854867342888
1552,2024-03-05,168.58572387695312,170.48840604509627,168.0902332564625,169.21995126633416,95132400,-0.028440905885228962,-0.0288531843102272
1553,2024-03-06,167.59474182128906,169.69563232435493,167.15870765798908,169.5172478388351,68587700,-0.005878208622145054,-0.005895553294248652
1554,2024-03-07,167.47581481933594,169.1902079797121,166.97041987504164,167.62445594378354,71765100,-0.0007096105800260544,-0.0007098624727845905
1555,2024-03-08,169.1902313232422,172.13344696276567,167.41638146834518,167.47583792632756,76267000,0.010236800494182852,0.010184759307505127
1556,2024-03-11,171.19198608398438,172.80729012575145,170.4983023339276,171.38027491353657,60139500,0.011831384974690273,0.011761941345688627
1557,2024-03-12,171.6676788330078,172.4604668624585,169.4676992338398,171.58839851794536,59825400,0.002778709213584696,0.0027748557379461765
1558,2024-03-13,169.58663940429688,171.62805851944387,169.2199660307435,171.21184817645832,52488700,-0.012122488303318302,-0.012196564935435033
1559,2024-03-14,171.43975830078125,172.73794133442243,170.49832912625453,171.35057361629615,72913500,0.010927269406326934,0.010867998188788223
1560,2024-03-15,171.06317138671875,171.06317138671875,168.75418335618096,169.62625165850892,121752700,-0.0021966136548198234,-0.002199029749393404
1561,2024-03-18,172.1532745361328,176.1072954101753,171.95508129819135,173.98659600973463,75604200,0.006372518062053745,0.0063522994191462494
1562,2024-03-19,174.49197387695312,175.01719271038215,171.46947815172825,172.76766112194616,55215200,0.013584983190833455,0.013493534594240679
1563,2024-03-20,177.05862426757812,177.05862426757812,173.51090945491785,174.1352325028599,53423100,0.014709274779795445,0.014602142676811682
1564,2024-03-21,169.8244171142578,175.8892314017456,169.29919836926217,175.4531973218615,106181300,-0.04085769435544517,-0.041715825488418304
1565,2024-03-22,170.72625732421875,171.48931715990707,168.5262776263353,170.210942813777,71160100,0.005310427235879711,0.0052963766383322215
1566,2024-03-25,169.30914306640625,170.3893089389317,167.92176032191367,169.03166954174233,54288300,-0.00830050561655149,-0.008335146638479942
1567,2024-03-26,168.179443359375,169.8740129173693,168.05061095138228,168.46682128354186,57388400,-0.0066724081557022474,-0.006694768190020044
1568,2024-03-27,171.74696350097656,172.0343565405087,168.57582642397568,168.87312383270142,60273300,0.02121258145669014,0.020990726576326963
1569,2024-03-28,169.93344116210938,170.67667701496117,168.97218824939392,170.2010103030642,65672700,-0.010559268716601622,-0.010615413375292971
1570,2024-04-01,168.49652099609375,169.70551918920845,167.95147834818596,169.64606274055888,46240500,-0.008455782194423223,-0.008491735137648938
1571,2024-04-02,167.3172607421875,167.81275133793278,166.71276161053132,167.55510167176752,49329500,-0.006998721676476527,-0.007023327602925529
1572,2024-04-03,168.11996459960938,169.14067408704202,167.05962251511946,167.2677201117247,47691700,0.00479749581042177,0.004786024501802414
1573,2024-04-04,167.29747009277344,170.3695030458197,167.29747009277344,168.75419869027797,53704400,-0.00489230716170308,-0.004904313672083344
1574,2024-04-05,168.05059814453125,168.85329051832247,167.42627513328318,168.06050251317026,42104800,0.004501730070037402,0.004491627590968068
1575,2024-04-08,166.9307861328125,167.67402205960258,166.72268854116854,167.50555706407098,37425500,-0.006663540767380405,-0.006685841277271918
1576,2024-04-09,168.1397705078125,168.54607640984824,166.83168324813985,167.17851757917794,42373800,0.007242429051032673,0.007216328606399945
1577,2024-04-10,166.266845703125,167.56502882108228,165.60289002910008,167.27765088979615,49709300,-0.011139094570136066,-0.011201598878430662
1578,2024-04-11,173.4613494873047,173.87757491447604,166.64340884278624,166.8217782077108,91070300,0.04327082620563871,0.04236080310420659
1579,2024-04-12,174.9577178955078,176.75139128420307,172.63882572850417,172.6883626870387,101670900,0.008626523502935468,0.008589527660480652
1580,2024-04-15,171.132568359375,175.03703722038412,170.94427948721847,173.77848669689703,73531800,-0.02186327978064595,-0.022105822992520664
1581,2024-04-16,167.8524169921875,172.1929047923956,166.75242714722782,170.20103782824683,73711200,-0.019167312210842558,-0.019353386674919457
1582,2024-04-17,166.48483276367188,169.1109267558204,166.48483276367188,168.08031301583728,50901200,-0.008147539684098093,-0.00818091227885631
1583,2024-04-18,165.5334930419922,167.11906901091456,165.0479219314042,166.51456987389489,43122900,-0.005714272621038852,-0.005730661540489705
1584,2024-04-19,163.5118865966797,164.89925413145542,162.60018577080248,164.71098041837104,68149400,-0.012212673146453024,-0.012287860626321085
1585,2024-04-22,164.34434509277344,165.75153680925646,163.28400290071727,164.02723892062434,48116400,0.005091119143815437,0.005078203215884237
1586,2024-04-23,165.39474487304688,165.54340111554177,163.4326064657252,163.85873621547074,49537800,0.00639145678958708,0.006371118046437401
1587,2024-04-24,167.4956512451172,167.77312477902248,164.71099641624178,165.03800691456527,48251800,0.012702376811808191,0.012622378358194691
1588,2024-04-25,168.35780334472656,169.07131105182287,166.63349053238153,168.0010494911784,50558300,0.005147310352241252,0.005134108234528753
1589,2024-04-26,167.7731170654297,169.79471202253325,167.6541890412428,168.3478879652858,44838400,-0.0034728789974747265,-0.0034789234402100217
1590,2024-04-29,171.9352569580078,174.44243845784558,171.5388704832316,171.8064245491769,68169400,0.024808145460842423,0.024505419910761307
1591,2024-04-30,168.79383850097656,173.41181476528868,168.46681287321124,171.76678225756265,65934800,-0.01827093821599657,-0.018439913193260764
1592,2024-05-01,167.7731170654297,171.15236652369296,167.58482822154218,168.05059058657778,50383100,-0.006047148667342905,-0.00606550671750057
1593,2024-05-02,171.469482421875,171.8559644998941,169.34878317714927,170.95416794412498,94214900,0.022031928720760208,0.021792732703255813
1594,2024-05-03,181.72613525390625,185.31348231884328,181.01262758822543,184.9666328542693,163224100,0.05981619986929387,0.058095496739367945
1595,2024-05-06,180.0712127685547,182.53874644704828,178.79283846563771,180.70544017490002,78569700,-0.009106683983783226,-0.00914840330665294
1596,2024-05-07,180.7549591064453,183.2324120279765,179.68471275097576,181.79549235772294,77305800,0.0037970885372413665,0.0037898977934074296
1597,2024-05-08,181.09190368652344,181.41892928578648,179.81352951475225,181.20091221961113,45057100,0.001864095910528718,0.0018623606398861753
1598,2024-05-09,182.90542602539062,182.99461071341904,180.46760537105857,180.9135439323752,48983000,0.010014375584711077,0.009964564004065495
1599,2024-05-10,181.64515686035156,183.66949389545601,180.7322193628195,183.48094965782863,50759500,-0.006890277628308961,-0.006914125198591255
1600,2024-05-13,184.850341796875,185.66405574980115,183.20307828852305,184.0167922414492,72044800,0.017645309084610483,0.017491438049413482
1601,2024-05-14,185.9915313720703,186.8548647149755,184.8602810891409,186.07091921634225,52393600,0.006173586503017248,0.006154607988144351
1602,2024-05-15,188.2639617919922,189.1868170758504,185.93199122253947,186.46785537715886,70400000,0.012217924134276581,0.012143887736565436
1603,2024-05-16,188.383056640625,189.6333963773736,188.20444533062346,189.0082265089993,52845200,0.0006325950410221992,0.0006323950371224414
1604,2024-05-17,188.41281127929688,189.34559954047234,187.72810435814964,188.0555735439889,41282900,0.00015794753096409764,0.0001579350585661345
1605,2024-05-20,189.5738525390625,190.4471038045087,187.55943303128691,187.87698445206195,44361300,0.00616222034946734,0.0061433115101794675
1606,2024-05-21,190.87379455566406,191.2508679069906,189.45476137627725,189.62345487533878,42309400,0.0068571799285119805,0.006833776397461091
1607,2024-05-22,189.4348907470703,191.34016861791716,188.80973611420333,190.79438668312676,34648500,-0.007538508950080791,-0.007567067123232661
1608,2024-05-23,185.4457550048828,189.5341303535584,185.1976736824305,189.5142796080912,51005900,-0.02105808347372351,-0.021282967602617706
1609,2024-05-24,188.52197265625,189.11737394472448,186.59685898409072,187.37088671578107,36327000,0.016588234393859258,0.01645215247742309
1610,2024-05-28,188.53189086914062,191.5187845976106,187.64872194997955,190.04021443649896,52280100,5.261038143666852e-05,5.26089975590884e-05
1611,2024-05-29,188.82960510253906,190.77456966628964,188.05559245514976,188.15483105781396,53068000,0.0015791186945930402,0.0015778731976864677
1612,2024-05-30,189.82191467285156,190.70508365256933,189.16699143181853,189.29598343446253,49889100,0.005255052933959448,0.005241293327213613
1613,2024-05-31,190.77455139160156,191.09210277636024,188.45251367186646,189.9707702687458,75158300,0.005018581339208517,0.0050060302348564085
1614,2024-06-03,192.54087829589844,193.49351725389894,191.04247253185534,191.41954585254337,50080500,0.009258713446905986,0.009216114299877282
1615,2024-06-04,192.8584442138672,193.82100104656786,191.548567440495,193.1462119125533,47471400,0.001649342834515899,0.0016479841623619803
1616,2024-06-05,194.3667755126953,195.38886948576234,193.37445009094603,193.9003813531384,54156800,0.007820924331192192,0.0077904994334177125
1617,2024-06-06,192.9874267578125,194.9919281725913,192.67980832687616,194.1881470745491,41181800,-0.007096628275302774,-0.007121929113227841
1618,2024-06-07,195.37892150878906,195.42854080055034,192.65002702042116,193.15610745634936,53103900,0.012391971804348367,0.012315819792068743
1619,2024-06-10,191.6378631591797,195.7857909182053,190.6753063763642,195.3888517006261,97010200,-0.01914770703369395,-0.019333398575564473
1620,2024-06-11,205.5601806640625,205.57011360777915,192.14395345618084,192.16378906024917,172373300,0.07264909593214641,0.0701313793441919
1621,2024-06-12,211.43475341796875,218.51002232587345,205.3120931521647,205.7784872423207,198134300,0.028578359558395272,0.028177615403543965
1622,2024-06-13,212.59579467773438,215.08652592836702,209.9760562824749,213.09195736730385,97862700,0.005491250804310566,0.005476228854384194
1623,2024-06-14,210.85923767089844,213.51866257545944,209.678367977573,212.2088008716011,70122700,-0.008168350693240733,-0.008201894459479175
1624,2024-06-17,215.00714111328125,217.26964179829142,211.08745883873982,211.7324642876032,93728300,0.019671433360945345,0.019480451247113537
1625,2024-06-18,212.6453857421875,216.95208913019513,211.36529274424583,215.9200623200828,79943300,-0.01098454385684522,-0.011045319429817924
1626,2024-06-20,208.0707550048828,212.59577094768608,207.2471383568116,212.28813739547695,86172500,-0.02151295557784172,-0.021747732476726598
1627,2024-06-21,205.8975830078125,210.26380829361358,205.52049454653314,208.77532033595196,241805100,-0.010444389443481916,-0.010499314855230082
1628,2024-06-24,206.54258728027344,211.0675882243761,205.00448003735443,206.12581247138846,80727000,0.003132646158534369,0.003127749645919608
1629,2024-06-25,207.4654541015625,209.75772308170346,207.0089778092255,207.54482679949032,55549700,0.004468167235828879,0.004458214612250313
1630,2024-06-26,211.61337280273438,213.21101716086312,209.02340313251779,209.87680350658064,66213200,0.019993298253603742,0.01979605693499076
1631,2024-06-27,212.45684814453125,214.0842609953053,210.72027890747495,213.0423164247351,49772700,0.003985926459303402,0.003978003700478446
1632,2024-06-28,209.00355529785156,214.41174043740799,208.68601906723538,214.1140398112984,82542700,-0.01625409054515603,-0.01638763737368598
1633,2024-07-01,215.08651733398438,215.84067914098924,210.29358412725625,210.46227761796723,60402900,0.029104586414637534,0.028689090573947796
1634,2024-07-02,218.57949829101562,218.68865467979296,213.4491783018458,214.49110775455017,58046200,0.016239888024256688,0.01610943154674464
1635,2024-07-03,219.8496856689453,219.8496856689453,217.34902153194005,218.31157833867707,37369800,0.0058111002535039535,0.0057942809381213035
1636,2024-07-05,224.60292053222656,224.71207692855523,219.94891212590596,219.94891212590596,60412400,0.02162038507727848,0.021389979606492564
1637,2024-07-08,226.07156372070312,226.1013322692385,221.53662969916704,225.34715532852172,59085900,0.0065388427941917016,0.006517557299598309
1638,2024-07-09,226.92495727539062,227.63943274976205,224.63268810415036,226.180713251394,48076100,0.0037748823454055724,0.003767775356793676
1639,2024-07-10,231.1919708251953,231.2912094233167,227.49060126886744,227.54022056792812,62627700,0.018803632712052654,0.018629029794126933
1640,2024-07-11,225.823486328125,230.60648662367137,224.03729767642758,229.61416127735984,64710600,-0.023220895076539794,-0.023494747770439417
1641,2024-07-12,228.7706756591797,230.8545649156238,226.92494993371525,227.16311346469493,53046500,0.01305085391681704,0.012966425306421347
1642,2024-07-15,232.60105895996094,235.409341553401,231.30111515749465,234.66509753137677,62631300,0.01674333167808495,0.016604707316106984
1643,2024-07-16,233.01783752441406,234.4567062015191,230.54694204130521,233.19644881294397,43234300,0.0017918171409738726,0.0017902137516750958
1644,2024-07-17,227.1234130859375,229.68361410453295,224.90059902579642,227.6890306172661,57345900,-0.025296022403688223,-0.025621466805694985
1645,2024-07-18,222.45950317382812,228.67146993188885,220.5641731481692,228.51269423226466,66034600,-0.020534694546636922,-0.020748462895248072
1646,2024-07-19,222.58848571777344,225.05938116686082,221.5663918696606,223.09458131167176,49151500,0.000579802355507919,0.0005796343350648216
1647,2024-07-22,222.24118041992188,226.03185518490554,221.37784711424985,225.2677604657143,48201800,-0.00156030217255676,-0.0015615207116827141
1648,2024-07-23,223.2831268310547,225.19832267550643,220.97100689389265,222.64803919770813,39960300,0.0046883588773425355,0.004677402753675205
1649,2024-07-24,216.86277770996094,223.0747441599071,215.46361045876344,222.280880842846,61777600,-0.028754296001737956,-0.029175800477874658
1650,2024-07-25,215.82086181640625,219.15507584516317,212.97287755450526,217.24979770728694,51391200,-0.004804493904196794,-0.00481607258639319
1651,2024-07-26,216.28721618652344,217.8054725938896,214.35216985326556,217.0215271741731,41601300,0.0021608400883594836,0.002158508831127772
1652,2024-07-29,216.56509399414062,217.61695646267233,214.0941983741811,215.29491873308154,36311800,0.001284762976363485,0.001283938374613735
1653,2024-07-30,217.12078857421875,218.63904514115285,214.46134877521007,217.50779485320817,41643800,0.0025659471239309894,0.002562660702265259
1654,2024-07-31,220.3756103515625,222.10226187087767,218.93674165630796,219.7405227481965,50036300,0.014990834358687533,0.014879582264493067
1655,2024-08-01,216.6841583251953,222.7571844619209,215.35444602521784,222.64802807062824,62501000,-0.01675072854241111,-0.01689260862387287
1656,2024-08-02,218.1726531982422,223.86860618805187,216.0391597412521,217.46809553371503,105568600,0.006869421763694206,0.006845934785965358
1657,2024-08-05,207.6639404296875,211.8614726265992,194.4957781490091,197.562059997048,119548600,-0.04816695683214689,-0.04936563439441804
1658,2024-08-06,205.63958740234375,208.37841518370308,199.52687447574846,203.72440665766518,69660500,-0.009748216388242747,-0.009796041308537224
1659,2024-08-07,208.20970153808594,212.00037630720823,204.80601788828693,205.31209833985366,63516400,0.012498148669757958,0.012420691522572365
1660,2024-08-08,211.6729278564453,212.55609685346144,207.22731432081122,211.4744658055274,47161100,0.016633357104764324,0.016496537910964757
1661,2024-08-09,214.58042907714844,215.1162780786914,210.3431957915856,210.47220292637738,42201600,0.013735819928162751,0.013642338609249615
1662,2024-08-12,216.1103973388672,218.07747160820446,214.1929998012183,214.65993379251097,38028100,0.007130045681699615,0.007104747088225586
1663,2024-08-13,219.8260040283203,220.441953079239,217.58074300671984,217.58074300671984,44155300,0.0171930954512427,0.017046966744169292
1664,2024-08-14,220.27304077148438,221.5744891931242,218.2662191901357,219.13055181670978,41960600,0.0020335935465873867,0.002031528594272917
1665,2024-08-15,223.25347900390625,223.8793724762866,221.30626328939533,223.13426697458056,46414000,0.013530653692268357,0.013439931832178576
1666,2024-08-16,224.5747833251953,225.34969177239586,222.19043681447837,222.45867901826594,44340200,0.005918404170830227,0.005900959213895502
1667,2024-08-19,224.4158477783203,224.515201244893,221.5844407323156,224.24695901251525,40687800,-0.0007077176899458193,-0.0007079682403297508
1668,2024-08-20,225.0317840576172,225.68748051768907,223.97870407222223,224.29662301984854,30299000,0.002744620245827223,0.0027408606532119146
1669,2024-08-21,224.92250061035156,226.4921913011218,223.58131984717622,225.04172779494317,34765500,-0.00048563560797987293,-0.00048575356714340126
1670,2024-08-22,223.06471252441406,226.84984597984075,222.43881906323927,226.30343225653021,43695300,-0.008259680916298695,-0.008293981083587509
1671,2024-08-23,225.359619140625,226.7306179936649,222.8660050723941,224.18732719786422,38677300,0.01028807555547262,0.010235513506979299
1672,2024-08-26,225.6973876953125,225.7967411465175,222.4288653159012,225.2801304868265,30602200,0.0014987980365583908,0.0014976759598188815
1673,2024-08-27,226.54185485839844,227.356510742363,223.42234738221904,224.52510403050715,35934600,0.003741590329020328,0.0037346079912039484
1674,2024-08-28,225.01190185546875,228.35990394020044,224.2071752885293,226.43256221050876,38052200,-0.006753511415742541,-0.006776419572552789
1675,2024-08-29,228.2903594970703,231.39993763712056,227.38630977427198,228.59834913803303,51906300,0.014570152132252101,0.0144650273580278
1676,2024-08-30,227.50555419921875,228.8964117856607,225.99546942021698,228.68779072729976,52990800,-0.0034377505015126264,-0.0034436731433737013
1677,2024-09-03,221.31619262695312,227.50553099413642,219.7266282681139,227.05847075546578,50190600,-0.027205320740634864,-0.02758223729653573
1678,2024-09-04,219.40872192382812,220.33264539565292,216.06070449558098,220.2134333758585,43840200,-0.008618757988215542,-0.00865611428095199
1679,2024-09-05,220.9287567138672,224.0085170705176,220.07436845302396,220.1836512012438,36615400,0.0069278685765590264,0.006903981157525781
1680,2024-09-06,219.37892150878906,223.7700744804958,218.33577084564575,222.4884846157397,48423000,-0.0070150904215939835,-0.007039811851625284
1681,2024-09-09,219.4683380126953,219.82598924771256,215.2957503769675,219.37892899374344,67180000,0.00040758931300821644,0.0004075062710480879
1682,2024-09-10,218.67356872558594,220.03462329185413,215.3156216628219,217.49133220778626,51591000,-0.0036213391612934798,-0.0036279120832719267
1683,2024-09-11,221.20692443847656,221.63411098197892,216.4680492147489,220.01475867053273,44587100,0.011585102523614665,0.011518509057957973
1684,2024-09-12,221.31619262695312,222.09110108310472,218.38544755210194,221.04795042006705,37455600,0.000493963689219612,0.0004938417293173344
1685,2024-09-13,221.04794311523438,222.57788625371046,220.461797151476,222.12089674811224,36766600,-0.0012120645513313821,-0.0012127996956579703
1686,2024-09-16,214.90830993652344,215.80243050187988,212.52396316355507,215.12686027714844,59357400,-0.02777512014898187,-0.028168143409385272
1687,2024-09-17,215.37522888183594,215.4845116318028,213.10018001697546,214.34202255786693,45519300,0.002172642581621975,0.00217028580673056
1688,2024-09-18,219.24977111816406,221.25659276615585,216.12031904206836,216.13026348358338,59894900,0.01798973009311977,0.017829829760272437
1689,2024-09-19,227.37637329101562,228.32018565098164,223.16405353373213,223.52170475455895,66781300,0.03706549900328859,0.036395089261711755
1690,2024-09-20,226.71075439453125,231.56884144729943,226.1345376792504,228.46920754640476,318679900,-0.002927388131186648,-0.0029316813124075883
1691,2024-09-23,224.99203491210938,227.95258288382507,224.336338501163,225.8563523524968,54146000,-0.007581111390202899,-0.0076099940830285494
1692,2024-09-24,225.8861541748047,227.8532433973514,224.2568575968381,227.15779954496355,43556100,0.003974004071053416,0.003966128574815977
1693,2024-09-25,224.89271545410156,225.80670975939722,222.55806053621265,223.46211039913067,42308700,-0.004397961992545718,-0.004407661476477966
1694,2024-09-26,226.03518676757812,227.00878694842402,223.93895622483703,225.81662129607273,36636700,0.005080072563353966,0.005067212529611192
1695,2024-09-27,226.30343627929688,228.02215721764472,225.81664372013879,226.9690772008412,34026000,0.0011867599711126164,0.001186056328146615
1696,2024-09-30,231.4794464111328,231.4794464111328,228.15130238402674,228.53875664504176,54541900,0.022871990885051652,0.02261434804028397
1697,2024-10-01,224.73374938964844,228.15128705136544,222.2798675150603,228.02214574584622,63285000,-0.029141667331894716,-0.02957471972007835
1698,2024-10-02,225.30003356933594,225.8861795938886,221.56457676904253,224.41584231153624,32880600,0.002519800346968193,0.0025166309730837
1699,2024-10-03,224.19725036621094,225.3298099915582,221.86259582618194,223.6707104185886,34044200,-0.004894731641420846,-0.004906750074383036
1700,2024-10-04,225.3199005126953,226.5120662505933,222.66732681912907,226.41271278943105,37245100,0.005007421565833559,0.00499492612639319
1701,2024-10-07,220.2432403564453,224.21713611955545,219.885589131397,223.0348997045567,39505400,-0.022530900043442714,-0.02278859891990342
1702,2024-10-08,224.29661560058594,224.5052366387564,221.79305702807565,222.83620769655573,31855700,0.018404084672839716,0.018236779125796736
1703,2024-10-09,228.04202270507812,228.25065892191472,223.36276850208282,223.76015205132026,33591100,0.016698455723298977,0.01656056938693557
1704,2024-10-10,227.54527282714844,228.00227752622936,225.68748134269669,226.29350107451606,28183500,-0.002178326047265977,-0.0021807020505503877
1705,2024-10-11,226.06500244140625,227.91286461183438,225.85636623992795,227.80358186995707,31759200,-0.006505388432598402,-0.006526640691534804
1706,2024-10-14,229.79054260253906,230.21772915238438,227.1081657950345,227.2075041009655,39882100,0.01647995099152255,0.016345630322172726
1707,2024-10-15,232.32388305664062,235.9401275315396,230.853530735341,232.08544385770335,64751400,0.01102456361088544,0.010964236094206983
1708,2024-10-16,230.26736450195312,230.60514196799298,228.34002283458457,230.0885464878877,34082200,-0.008851946376025932,-0.008891357603105256
1709,2024-10-17,230.63499450683594,232.32391251820164,229.0156421145612,231.9066400773438,32993800,0.0015965354260165654,0.0015952623181943344
1710,2024-10-18,233.4663543701172,234.63864623478992,232.48280980290272,234.63864623478992,46431500,0.012276367119983256,0.01220162362248557
1711,2024-10-21,234.93670654296875,235.3043021987925,232.91995571367772,232.91995571367772,36254500,0.006297918930624924,0.006278169914293535
1712,2024-10-22,234.32078552246094,234.67843677993508,231.0820656392084,232.36364046895116,38846600,-0.0026216466109997283,-0.002625089144530108
1713,2024-10-23,229.25405883789062,233.60547988580885,226.27363678517082,232.55239985265487,52287000,-0.021623035588896333,-0.02186023902871368
1714,2024-10-24,229.06532287597656,229.31369139269552,226.91941525331413,228.4791616555193,31109500,-0.0008232611578210536,-0.0008236002233938252
1715,2024-10-25,229.8998260498047,231.69801159617745,228.07183749564092,228.24072625952675,38802300,0.003643079464629162,0.00363645952374517
1716,2024-10-28,231.8768310546875,233.1981533252385,231.03238723011694,231.79736647290133,36087100,0.00859941931602215,0.008562654927645309
1717,2024-10-29,232.1450653076172,232.80076177889833,230.80388451731673,231.5787930163908,35417200,0.0011567962685603561,0.0011561276953092334
1718,2024-10-30,228.59835815429688,231.94636045913163,228.05194445904854,231.09197226998216,47070900,-0.015277977796428921,-0.015395888599896556
1719,2024-10-31,224.4357147216797,228.33013097812315,223.89923027313517,227.84332326136388,64370100,-0.018209419639871327,-0.018377251659528214
1720,2024-11-01,221.4552764892578,223.87935529424118,218.83250593091054,219.5279346472888,65276700,-0.013279696754671555,-0.013368660412375555
1721,2024-11-04,220.56112670898438,221.33603510883145,218.27614895309117,219.54779428408165,44944500,-0.004037608832123785,-0.004045781982070943
1722,2024-11-05,221.9917449951172,222.4884819564664,219.6968226591573,220.35251908634842,28111300,0.006486266675724828,0.0064653213704670785
1723,2024-11-06,221.2665252685547,224.5946691536601,219.74651129717958,221.15724252476647,54561100,-0.0032668770029193883,-0.003272224896044587
1724,2024-11-07,225.99545288085938,226.39285156162418,223.10445516924474,223.16406118155706,42137700,0.021372087831926345,0.021146907495491495
1725,2024-11-08,225.7269287109375,227.4176895436531,225.17991383614745,225.9357792784742,38328800,-0.0011881839501586278,-0.0011888904003589718
1726,2024-11-11,223.01173400878906,224.4737485807484,220.29657059338746,223.77755477883602,42005600,-0.012028669851905316,-0.012101599724031615
1727,2024-11-12,223.01173400878906,224.36434561359883,222.14646565326132,223.3300027044557,40398300,0.0,0.0
1728,2024-11-13,223.8968963623047,225.41858250992726,221.5497178640296,222.79292649286415,48566200,0.003969129057042053,0.00396127284565618
1729,2024-11-14,226.98008728027344,227.62654977508777,223.77758025105393,223.79747584076947,44923900,0.013770583550115845,0.013676630606450572
1730,2024-11-15,223.77757263183594,225.68713943052106,223.0515429787679,225.16996034674554,47923700,-0.014109231725173532,-0.01420971319908805
1731,2024-11-18,226.78115844726562,228.49181480220403,223.94663659117114,224.02620376766677,44633700,0.013422193207767386,0.013332913570978901
1732,2024-11-19,227.03973388671875,228.90952454109907,225.42854034251505,225.7467938634959,36211800,0.0011401980712311133,0.0011395485390936033
1733,2024-11-20,227.75582885742188,228.68076882556113,224.66272507245372,226.82093350733243,35169600,0.0031540513127117364,0.003149087727067391
1734,2024-11-21,227.27845764160156,228.90954693288327,224.48372676835862,227.63650237265796,42108300,-0.002095978040233426,-0.002098177676336091
1735,2024-11-22,228.62110900878906,229.46649702017746,226.82094518602503,226.82094518602503,38168300,0.005907517065716572,0.005890136105396066
1736,2024-11-25,231.6048126220703,231.98275293866183,228.49182822914253,230.20248468460477,90152800,0.013050866677260853,0.012966437902475812
1737,2024-11-26,233.7829132080078,234.29015208323423,232.06231657216094,232.06231657216094,45986200,0.009404383964558116,0.00936043805364459
1738,2024-11-27,233.6536102294922,234.40949083683986,232.53970008294309,233.19611792325418,33498400,-0.0005530899446042348,-0.000553242955269354
1739,2024-11-29,236.0405731201172,236.51796100091357,232.69882760276832,233.53426018813377,28481400,0.010215818571262636,0.010163989780199235
1740,2024-12-02,238.28829956054688,239.4817769036961,235.8715090788613,235.9809120539101,48137100,0.009522627447976273,0.009477573029683793
1741,2024-12-03,241.3316650390625,241.44106801091166,237.60203896586935,238.5070985351772,38861000,0.012771778908692744,0.012690907592908156
1742,2024-12-04,241.68971252441406,242.78374225546824,239.9392801306149,241.55047375645148,44383900,0.0014836324329574602,0.0014825329377229108
1743,2024-12-05,241.7195587158203,243.21140922639395,240.81451427308068,242.6644095132275,40033900,0.0001234897054347428,0.00012348208120873777
1744,2024-12-06,241.5206298828125,243.30091318780651,240.76476447856876,241.59025685240857,36870600,-0.0008229736727332071,-0.0008233125014770583
1745,2024-12-09,245.40940856933594,245.89675186527563,240.43657354260168,240.516140724136,44649200,0.016101227826419207,0.015972977880604453
1746,2024-12-10,246.42385864257812,246.86147053083658,244.00705305092782,245.54863486606115,36914800,0.0041337048940224275,0.004125184608108139
1747,2024-12-11,245.15081787109375,249.43739908317045,244.92205654138039,246.61283253090062,45205800,-0.005166061348511053,-0.005179451579852003
1748,2024-12-12,246.61285400390625,247.388615093895,244.3452271532981,245.54865996903848,32777500,0.005963823190593187,0.0059461099877857245
1749,2024-12-13,246.78189086914062,247.93557694468342,244.90216002667665,246.47357755688842,33155300,0.0006854341227149341,0.0006851993200350293
1750,2024-12-16,249.67608642578125,250.01425073054844,246.3045049916291,246.6426692963963,51694800,0.011727746904149017,0.011659509873339562
1751,2024-12-17,252.1028289794922,252.45093348613432,248.42293425963442,248.72130738305802,51356400,0.009719563408938203,0.009672632307345554
1752,2024-12-18,246.70233154296875,252.89847930582897,246.39401822090946,250.79000225751088,56774100,-0.021421804183572868,-0.021654581372245633
1753,2024-12-19,248.432861328125,250.63086087269232,245.74753371109492,246.15530978567995,60882300,0.007014647062039803,0.006990158875966732
1754,2024-12-20,253.1073760986328,253.61459983498276,244.35518295150268,246.69240643268387,147495300,0.01881600825880203,0.018641176856808005
1755,2024-12-23,253.8831024169922,254.26102752773247,252.07298333460633,253.38581895601413,40858800,0.003064811189291694,0.0030601242294681246
1756,2024-12-24,256.7972412109375,256.80716624287646,253.90303208844082,254.101957652135,23234700,0.011478269984108502,0.011412894433070527
1757,2024-12-26,257.61273193359375,258.6868812844183,256.23029959445824,256.78725468311694,27237100,0.003175621041763499,0.003170589406826013
1758,2024-12-27,254.2013702392578,257.29448932345014,251.68511699924173,256.42919055718573,42355300,-0.01324220922130237,-0.01333066907769876
1759,2024-12-30,250.8297882080078,252.1227283114492,249.38766912858338,250.85962400320443,35557500,-0.013263429807937821,-0.013352174674122995
1760,2024-12-31,249.05946350097656,251.90392569582917,248.07483671879714,251.0684930674946,39480700,-0.00705787267006408,-0.007082897269852248
1761,2025-01-02,242.52517700195312,247.74665392379396,240.5062071395791,247.57756417344766,55740700,-0.02623584909070442,-0.026586149518387406
1762,2025-01-03,242.03781127929688,242.853348279154,240.57579666249651,242.03781127929688,40244100,-0.00200954692078148,-0.0020115687693153072
1763,2025-01-06,243.66891479492188,245.98625772407811,241.87869116125097,242.98266113735735,45045600,0.006739044230336333,0.006716438376169816
1764,2025-01-07,240.8940887451172,244.21593900697974,240.03876048613398,241.6598944370817,40856000,-0.01138768994042616,-0.011453026174287267
1765,2025-01-08,241.3814239501953,242.38594639970384,238.7458272949175,240.60566285257053,37628900,0.0020230268314875843,0.0020209832683650026
1766,2025-01-10,235.5631866455078,238.85520080045117,231.73409784256125,238.70600665338932,61710900,-0.024103914913883306,-0.02439916843604944
1767,2025-01-13,233.12649536132812,233.39503269669683,228.47192915300568,232.2612269401141,49630700,-0.010344109021782733,-0.010397981145611647
1768,2025-01-14,232.01258850097656,234.8371551382162,231.20699165927476,233.47460320476435,39435300,-0.004778122103303195,-0.004789573821754948
1769,2025-01-15,236.57765197753906,237.66174156203553,233.15633900368562,233.36520475508792,39832000,0.01967593011248736,0.01948486123790036
1770,2025-01-16,227.01986694335938,236.71689557722044,226.79112077355302,236.06049286491137,71759100,-0.04040020244637099,-0.04123895898616022
1771,2025-01-17,228.73049926757812,231.02794645733286,227.23864886634655,230.85887189963304,68488300,0.007535165742324823,0.00750691819217715
1772,2025-01-21,221.430419921875,223.20074815687613,218.18813661891676,222.78303179337033,98070400,-0.03191563595182467,-0.03243604256082718
1773,2025-01-22,222.6139373779297,222.9023551356524,218.59587812819439,218.59587812819439,64126500,0.0053448729242904225,0.005330639784691856
1774,2025-01-23,222.44483947753906,225.7965251191765,221.09222786837518,223.5189735650416,60234800,-0.000759601588212977,-0.0007598902316779974
1775,2025-01-24,221.56964111328125,224.40416321125562,220.207089142254,223.5587751677507,54697900,-0.003934451193893351,-0.0039422115087331105
1776,2025-01-27,228.61117553710938,230.888727332658,222.76311661057002,222.80290778981754,94863400,0.03178023121059281,0.03128569012809282
1777,2025-01-28,236.96551513671875,238.88503723433337,229.55599442275542,229.5957855991,75707600,0.036543881024106994,0.03589198776611861
1778,2025-01-29,238.05953979492188,238.5568232574634,232.73860067537262,232.84800364416722,45486100,0.004616809570674896,0.004606184794530507
1779,2025-01-30,236.29917907714844,239.48179056573835,235.9212539220553,237.37331330002667,55658300,-0.007394623711739934,-0.00742209947407152
1780,2025-01-31,234.71778869628906,245.84699474947953,232.1716998572169,245.84699474947953,100959800,-0.0066923227877278,-0.006714816794146233
1781,2025-02-03,226.77120971679688,230.5704628324937,224.47376244068877,228.7404632470789,73063300,-0.03385588720663435,-0.034442270810307554
1782,2025-02-04,231.53518676757812,231.8633956790269,225.4185909783935,226.01533721300711,45067300,0.021007856582547335,0.0207902341407257
1783,2025-02-05,231.20697021484375,231.4058805611787,227.02979223826367,227.2883741709104,39620300,-0.001417566622665678,-0.0014185723207722645
1784,2025-02-06,231.9529266357422,232.5297773409264,229.17807609142312,230.0334043541599,29925300,0.0032263578394944314,0.0032211643148213065
1785,2025-02-07,226.39328002929688,232.72866665415378,226.0252799376335,231.33627899238985,39707200,-0.02396885733274734,-0.024260784607563226
1786,2025-02-10,226.66209411621094,229.58933825388894,226.21404995469493,228.57377553913867,33115600,0.0011873766168293276,0.0011866722427306515
1787,2025-02-11,231.61053466796875,234.2092091135714,227.1400288616486,227.20971719471092,53718400,0.021831795788583408,0.021596894859062483
1788,2025-02-12,235.84210205078125,235.93172304376256,229.67896101319025,230.19670873650108,45243300,0.018270185287032614,0.018105290857913178
1789,2025-02-13,240.4818878173828,241.28837041996871,234.54775953627293,235.88194100703416,53614100,0.01967327176214928,0.019482254180378637
1790,2025-02-14,243.53854370117188,244.48441805735465,239.9442089936196,240.203075232316,40896200,0.012710545112279759,0.012630444170734143
1791,2025-02-18,243.40911865234375,244.11602908498713,240.7905267294893,243.0905000064508,48822500,-0.000531435586585971,-0.0005315768485272815
1792,2025-02-19,243.807373046875,244.94242536854557,242.10480216065562,243.5982928571997,32204200,0.0016361523213930251,0.0016348152823846033
1793,2025-02-20,244.76321411132812,245.70908851524857,243.2298884862767,243.87707690453925,32316900,0.0039204764503546485,0.0039128114097650045
1794,2025-02-21,244.48443603515625,247.61080936192474,244.15586625078134,244.88269415360097,53197400,-0.0011389704828973501,-0.0011396196027101538
1795,2025-02-24,246.0277099609375,247.7800669312537,243.3593319822528,243.86711335623195,51326400,0.006312360618159429,0.006292521115498759
1796,2025-02-25,245.96795654296875,248.91511822751468,243.84721006662005,246.92379728169456,48013300,-0.00024287271534673138,-0.00024290221370098827
1797,2025-02-26,239.31695556640625,243.91690216055417,238.0922974197643,243.26972892021308,44433600,-0.027040111525261312,-0.02741242223505759
1798,2025-02-27,236.27024841308594,241.40786042901627,236.0312844149354,238.37109275336516,41153600,-0.01273084535990976,-0.012812576987803343
1799,2025-02-28,240.79054260253906,241.03945773883657,229.20105446423008,235.9217631442628,56833400,0.0191318806316656,0.018951167487201406
1800,2025-03-03,236.9970703125,242.97103338088397,235.08540395372597,240.7407483660274,47184000,-0.015754241213288722,-0.015879658248893775
1801,2025-03-04,234.9061737060547,239.02822274747484,233.6615980851158,236.6784633674393,53798100,-0.008822457609658607,-0.008861605915058862
1802,2025-03-05,234.7169952392578,235.5234777567522,228.23523611666363,234.3983766092207,47227600,-0.0008053362915595441,-0.0008056607490407478
1803,2025-03-06,234.30877685546875,236.82779659290307,232.14819548977783,233.42263965762712,45170400,-0.0017391939743134355,-0.001740708128012921
1804,2025-03-07,238.03256225585938,240.32256924437755,233.74125275300776,234.08974000390756,46273600,0.015892641540643737,0.01576767579810055
1805,2025-03-10,226.4928436279297,235.13518456664028,223.24699590534985,234.5178647329352,72071200,-0.04847957993043717,-0.04969413155181917
1806,2025-03-11,219.8816680908203,224.85997074742775,216.5063794973434,222.83878108425105,76137400,-0.029189335217892576,-0.02962381962955832
1807,2025-03-12,216.0384063720703,220.78771110845915,213.9773970817033,219.18469713036333,62547500,-0.017478772796841624,-0.017633330176276298
1808,2025-03-13,208.77008056640625,215.899013195213,207.51555384047248,215.01287598245443,61368300,-0.03364367441753047,-0.03422264572175105
1809,2025-03-14,212.5635528564453,213.02154815111564,208.67051688888432,210.3332680009786,60107600,0.018170574441256804,0.018007462482224464
1810,2025-03-17,213.0713348388672,214.28604179494317,209.05882446828872,212.3843267022667,48073400,0.0023888478320872597,0.0023859990710405903
1811,2025-03-18,211.7670135498047,214.21632963340127,210.57222410469132,213.23063555765447,42432400,-0.006121523995937239,-0.0061403373408097294
1812,2025-03-19,214.30596923828125,217.8106832228152,212.8224296395377,213.29039128502816,54385400,0.01198938232124358,0.011918079032807427
1813,2025-03-20,213.17091369628906,216.5462020975973,211.29906714235267,213.0613904363763,48862900,-0.005296425228035306,-0.005310501011020059
1814,2025-03-21,217.3228302001953,217.8903488075446,210.36315756009637,210.6419412957371,94127800,0.019476937223347424,0.0192896891221074
1815,2025-03-24,219.7721405029297,220.5188858867363,217.63147647971348,220.04097309502072,44299500,0.011270377348197247,0.011207339840889797
1816,2025-03-25,222.77902221679688,223.12750944589686,219.12495024533285,219.81195837594151,34493600,0.013681814751342891,0.013589063767491449
1817,2025-03-26,220.5686798095703,224.0435405886843,219.51328206033222,222.54008343913912,34466100,-0.00992168106867608,-0.009971228950894646
1818,2025-03-27,222.8786163330078,224.0136687326393,219.60288467242046,220.42928473771144,37094800,0.010472640655200038,0.010418182438298122
1819,2025-03-28,216.9544219970703,222.8387793372666,216.73537546649092,220.7080664246457,39818600,-0.026580362142440972,-0.026940007287046815
1820,2025-03-31,221.1660614013672,224.6409066608951,215.29165561007284,216.0682695484103,65299300,0.019412553869742055,0.019226533807503023
1821,2025-04-01,222.22146606445312,222.70932997882656,217.95007407622174,218.85612876373423,36412700,0.004772000986040137,0.004760651082845126
1822,2025-04-02,222.9184112548828,224.212772841887,220.06087070560943,220.35957187069846,35905900,0.003136264028730462,0.003131356211497858
1823,2025-04-03,202.30825805664062,206.58960121618028,200.37667426890133,204.64805110026137,103419000,-0.09245603843227079,-0.09701327151755601
1824,2025-04-04,187.56253051757812,199.01262630823254,186.52703508606032,193.0486144227304,125910900,-0.07288742279088833,-0.07568027827730078
1825,2025-04-07,180.6725616455078,193.30748067285785,173.86223225537526,176.43103817745248,160466300,-0.03673424992218577,-0.037425944633356655
1826,2025-04-08,171.6717987060547,189.51403482217904,168.47573669018362,185.88983084847527,120859500,-0.04981809555074146,-0.051101834349552816
1827,2025-04-09,197.98709106445312,199.7394480269994,171.14407803694525,171.20381523449285,184395900,0.15328838258086197,0.142617325001121
1828,2025-04-10,189.59368896484375,193.93476977334223,182.20588916182834,188.24955627509658,121880000,-0.04239368362090323,-0.043318528708439163
1829,2025-04-11,197.2901153564453,198.67408279715283,185.2525839628914,185.2924188893916,87435900,0.04059431742492592,0.03979200899515966
1830,2025-04-14,201.64114379882812,212.01592310379547,200.28704507843972,210.5224325383335,101352900,0.02205396065850418,0.021814289466461606
1831,2025-04-15,201.2628173828125,202.62686743682656,198.93297540670014,200.98403365195668,51343900,-0.0018762362129480792,-0.0018779985488287395
1832,2025-04-16,193.4269561767578,199.8290454554037,191.53519224238798,197.49920369317184,59732400,-0.03893347667468283,-0.03971164938442461
1833,2025-04-17,196.12521362304688,197.96719174329118,193.5763250102755,196.34426016251078,52164700,0.013949748781774352,0.013853346526558471
1834,2025-04-21,192.32179260253906,192.9590147372882,188.98632373298676,192.43131586910098,46742500,-0.019392820281730838,-0.019583328031386796
1835,2025-04-22,198.87322998046875,200.7151927551101,195.11958571249494,195.26892870764283,52976400,0.0340649766689165,0.03349761421721579
1836,2025-04-23,203.71212768554688,207.0973670311424,201.9199358938783,205.1060461943045,52929200,0.02433156893742483,0.024040271996578873
1837,2025-04-24,207.46575927734375,207.92376976062596,202.05933042602183,204.00086522918792,47311000,0.018426156726373488,0.018258452069457937
1838,2025-04-25,208.371826171875,208.8397878176709,205.30519003897632,205.47445049920006,38222300,0.004367308117191548,0.0043577991029071644
1839,2025-04-28,209.22808837890625,210.5821872117057,206.55972563953335,209.088696522261,38743100,0.004109299336489736,0.0041008792252610615
1840,2025-04-29,210.29345703125,211.31898611202763,207.46576971677675,207.78438836336602,36827600,0.005091900712749453,0.0050789808256106106
1841,2025-04-30,211.5778350830078,212.65315013853834,205.77313312562183,208.39172484027222,52286500,0.006107551180572157,0.006088975685349116
1842,2025-05-01,212.39431762695312,213.62892699621815,207.99348458901505,208.17271138967982,57365700,0.0038590173853749743,0.0038515904786940764
1843,2025-05-02,204.45889282226562,206.0917754590827,201.2827333487594,205.19567188008233,101010600,-0.03736175662959673,-0.0380775936581797
1844,2025-05-05,198.02691650390625,203.21431440062256,197.34987465543003,202.21865389928206,69018500,-0.03145853051229541,-0.031963978788773405
1845,2025-05-06,197.6485595703125,199.77927242381972,196.16503515467957,197.3498735756035,51216500,-0.0019106338687361335,-0.0019124614578998429
1846,2025-05-07,195.39837646484375,198.574535944944,192.41139491378883,198.30570335142838,68536700,-0.011384768552630153,-0.011450071139791053
1847,2025-05-08,196.63299560546875,199.18188402861682,193.83517686729027,196.86199326420865,50478900,0.006318471846909812,0.006298593991509425
1848,2025-05-09,197.66847229003906,199.6697443694255,196.6827629534363,198.1364339272832,36453900,0.00526603727610353,0.005252220188113187
1849,2025-05-12,210.15049743652344,210.6290521628615,206.1227607044075,210.32995926202443,63775800,0.06314626203094997,0.06123268352680133
1850,2025-05-13,212.28399658203125,212.75257189298435,208.36592688565332,209.79158118866218,51909300,0.01015224408951143,0.010101056215818433
1851,2025-05-14,211.68580627441406,213.29092224655892,209.9411156617564,211.78549375335473,49325800,-0.002817877547288572,-0.0028218552384126757
1852,2025-05-15,210.80848693847656,212.31391554357438,208.90427796298633,210.31000386923802,45029500,-0.004144441006121102,-0.004153053004596958
1853,2025-05-16,210.6190643310547,211.92510277199543,209.1335944967917,211.71573318604425,54737900,-0.000898553042967154,-0.0008989569837456049
1854,2025-05-19,208.14659118652344,208.84446444770495,203.64029993754312,207.27923550566183,46140500,-0.011739075721298287,-0.011808522701296861
1855,2025-05-20,206.232421875,207.83753801206538,204.40797196423648,207.03996203611737,42496600,-0.009196255872420789,-0.009238802480674083
1856,2025-05-21,201.47689819335938,206.4118779017609,200.10109516487896,204.54755595275296,59211800,-0.023059049776969598,-0.02332906866046245
1857,2025-05-22,200.74911499023438,202.13489740214874,199.0941474443519,200.1010930441042,46742400,-0.003612241451258269,-0.003618781349286485
1858,2025-05-23,194.67758178710938,197.10020219746903,192.8730755135501,193.0824298832746,78432900,-0.03024438341070823,-0.03071118088786429
1859,2025-05-27,199.60260009765625,200.1309909415137,196.83102019804124,197.6983910952664,56288500,0.02529833309688767,0.02498362692148352
1860,2025-05-28,199.81195068359375,202.11494001836002,199.2935240345892,199.98143310081724,45339700,0.0010488369682313259,0.00104828732303026
1861,2025-05-29,199.34336853027344,203.19165828241367,197.90773491315443,202.96236033905296,51396800,-0.0023451157536734657,-0.00234786984423916
1862,2025-05-30,200.24066162109375,201.3472946799051,196.18300200128658,198.7651407343476,70819900,0.004501243745582917,0.004491143445886329
1863,2025-06-02,201.08807373046875,201.51677709467234,199.51286535414474,199.67238359256916,35423300,0.004231968185255619,0.004223038592199533
1864,2025-06-03,202.6533203125,203.1518034040851,200.35033086337637,200.73914706631285,46381600,0.007783885702387527,0.00775374755762891
1865,2025-06-04,202.20468139648438,205.6143037964219,201.48686455307688,202.29440469878628,43604000,-0.002213824650510565,-0.002216278782983811
1866,2025-06-05,200.0213165283203,204.12881205428334,199.54276184010462,202.8826044104843,55126100,-0.010797795842732771,-0.01085651511529286
1867,2025-06-06,203.3013458251953,205.07594444547604,201.43702389784912,202.38413874603313,46607700,0.016398398699723593,0.016265396999942606
1868,2025-06-09,200.8388214111328,205.3750202901374,199.41316716451473,203.76990423179717,72862600,-0.012112681320761376,-0.012186637658254843
1869,2025-06-10,202.0551300048828,203.73004106569937,199.96151019448254,199.99141796230995,54672600,0.006056142857262303,0.006037878129545515
1870,2025-06-11,198.1769256591797,203.8795731269679,197.80805305990708,202.88260699920767,60989900,-0.019193793028711492,-0.01938038534214743
1871,2025-06-12,198.5956573486328,199.07419684911244,196.7612432530472,198.47602627663701,43904600,0.0021129184846335747,0.0021106894117195567
1872,2025-06-13,195.85398864746094,199.76209396079906,195.1062640673262,199.12403626091725,51447300,-0.013805280225029803,-0.013901459318216885
1873,2025-06-16,197.81802368164062,198.08720880439395,195.96366601516638,196.701426450214,43020700,0.01002805736938539,0.009978110040971773
1874,2025-06-17,195.0464630126953,197.7881200100286,194.61777485692886,196.60172782081946,38856200,-0.014010657964138473,-0.014109733732180564
1875,2025-06-18,195.9835968017578,196.97059871241268,194.4781834746436,195.34553910938874,45394700,0.004804669485349855,0.004793163899890253
1876,2025-06-20,200.3902130126953,201.0880863339216,196.26277341287403,197.63859168364695,96813500,0.022484617502937843,0.022235564814750797
1877,2025-06-23,200.888671875,201.686247808318,198.3563846401482,201.01828233775666,55814300,0.002487441151994396,0.0024843525909344025
1878,2025-06-24,199.6923065185547,202.82277936444737,199.59260382672892,201.9753521214132,54064000,-0.0059553649555199595,-0.005973168862430719
1879,2025-06-25,200.948486328125,203.052085424857,200.01133575244882,200.83881944772682,39525700,0.00629057689537782,0.006270873802582309
1880,2025-06-26,200.3902130126953,202.02523702778157,198.85489170599743,200.81890119127095,50799100,-0.002778191195320079,-0.0027820575310859453
1881,2025-06-27,200.469970703125,202.6034778198992,199.39324535272064,201.27751091280393,73188600,0.00039801190502575245,0.0003979327192980262
1882,2025-06-30,204.5475311279297,206.76079706763053,198.65545787730727,201.39711462840114,91912800,0.02034000608920694,0.02013591105412152
1883,2025-07-01,207.18951416015625,209.55231908550664,205.51460310500556,206.04299395149746,78788900,0.012916230362977066,0.012833527240028552
1884,2025-07-02,211.7954864501953,212.69274987948137,207.5085290616707,208.2761972389462,67941800,0.02223072103194701,0.021987220737205337
1885,2025-07-03,212.90213012695312,213.9987837940836,211.16740350258758,211.5063683517463,34955800,0.005225057886292905,0.0052114546359404825
1886,2025-07-07,209.3130340576172,215.57398008038285,208.16652910348648,212.03474730839852,50229000,-0.01685796223455238,-0.01700167510697276
1887,2025-07-08,209.3728485107422,210.78853856973336,207.81758380403343,209.46258702266434,42848900,0.00028576554438819457,0.00028572472119207156
1888,2025-07-09,210.4994354248047,210.6888614301138,206.59132988433592,208.8943192909964,48749400,0.005380768910944633,0.005366344294458053
1889,2025-07-10,211.7655792236328,212.83232507172787,209.39279496736208,209.87133445003573,44443600,0.006014951043801897,0.0059969334396774284
1890,2025-07-11,210.5193634033203,211.48642172848318,209.22330444266433,209.93115706069412,39765800,-0.005884883770447158,-0.005902267935020674
1891,2025-07-14,207.98707580566406,210.27013683517245,206.91035052542594,209.29309904361602,38840100,-0.012028763324753222,-0.01210169433492717
1892,2025-07-15,208.4755859375,211.24715053377864,208.28615994072268,208.5852528191871,42296300,0.0023487523440752778,0.0023459983367661347
1893,2025-07-16,209.52239990234375,211.75559423754484,208.00700716596054,209.6619745482938,47490500,0.0050212784395655685,0.005008713863585393
1894,2025-07-17,209.38284301757812,211.1574416148312,208.95413964633332,209.93117746335784,48068100,-0.0006660714311723659,-0.0006662933552984299
1895,2025-07-18,210.539306640625,211.1474566075158,209.06380098140497,210.23024956462245,48974600,0.00552320145423657,0.005508004508599717
1896,2025-07-21,211.83535766601562,215.12534891613055,210.98794558852114,211.45652088357517,51377400,0.006155862513610666,0.006136992592796734
1897,2025-07-22,213.74954223632812,214.29787667610697,211.5861274580158,212.49337032996837,46404100,0.009036190140318423,0.008995608062564086
1898,2025-07-23,213.5002899169922,214.4972560435483,211.76557859278188,214.3477172095632,46989300,-0.001166095219330865,-0.001166775637367384
1899,2025-07-24,213.11148071289062,215.03563331063384,212.8821827557749,213.25105536667797,46022600,-0.0018211179209767225,-0.0018227781721994732
1900,2025-07-25,213.2311248779297,214.58699944946258,212.7525701732737,214.04862920984866,40268800,0.0005614158591495944,0.000561258324225121
1901,2025-07-28,213.40060424804688,214.19818019857897,212.41360229785764,213.3806606658472,37858000,0.0007948153451529105,0.0007944996467067031
1902,2025-07-29,210.6290283203125,214.15828155569844,210.18039662608902,213.53018805628847,51411700,-0.012987666728969671,-0.013072743911396656
1903,2025-07-30,208.415771484375,211.74563469104578,207.0898047125579,211.25711581327238,45512500,-0.010507843356575286,-0.010563440556657583
1904,2025-07-31,206.9402618408203,209.2033639475293,206.5315020865265,207.85746883247032,80698400,-0.007079644851470834,-0.007104824449200994
1905,2025-08-01,201.76600646972656,212.93202387361222,200.88867142379772,210.23023901853355,104434500,-0.02500361855671096,-0.025321519331393285
1906,2025-08-04,202.7330780029297,207.24933356384108,201.06813110178,203.8895472057539,75109300,0.004793035011813274,0.004781584991822558
1907,2025-08-05,202.3043670654297,204.71702329589334,201.54667827641916,202.78290655256814,44155100,-0.0021146570738387327,-0.0021168961182062526
1908,2025-08-06,212.60302734375,214.72657006985978,204.96626313259566,205.00615029681612,108483100,0.050906762062084,0.04965337441251654
1909,2025-08-07,219.36245727539062,220.1799768073744,215.92292715514498,218.2159523061407,90224800,0.03179366736256095,0.031298712343558535
1910,2025-08-08,228.65419006347656,230.29917810781973,218.58482597462978,220.16003429974123,113854000,0.042357898901638213,0.04148535739201776
1911,2025-08-11,226.74781799316406,229.12329528601256,224.3324234952035,227.4864157407103,61806100,-0.008337359003931955,-0.008372309178519716
1912,2025-08-12,229.21310424804688,230.36092560837628,226.63802588155738,227.57622481823222,55626200,0.010872370357086103,0.010813691077267767
1913,2025-08-13,232.88612365722656,234.55294488479396,229.99163136972763,230.6304284784954,69878500,0.016024473911425474,0.015897437361664515
1914,2025-08-14,232.33717346191406,234.67271834509882,230.41085227691244,233.61473725595164,51916300,-0.002357161460252888,-0.002359943938688332
1915,2025-08-15,231.1494140625,233.834298979768,228.9036945156081,233.5548328767578,56038700,-0.005112222817020617,-0.005125334935222635
1916,2025-08-18,230.45074462890625,232.67649791960375,229.6722297518056,231.2592012143754,37476200,-0.0030225879499951036,-0.0030271651946962514
1917,2025-08-19,230.1213836669922,232.42698672077375,228.9136940815642,230.84001516813981,39402600,-0.0014292032878627792,-0.0014302255730334458
1918,2025-08-20,225.5800323486328,230.0315543310328,225.3404986724704,229.54248102593337,42263900,-0.019734590701623533,-0.01993191816954049
1919,2025-08-21,224.47213745117188,226.08906587116957,223.3542730460458,225.8395414786139,30621200,-0.004911316333835347,-0.004923416482597182
1920,2025-08-22,227.3267059326172,228.65417758009713,224.98118568943215,225.73973438952316,42477800,0.012716805363276906,0.01263662583012143
1921,2025-08-25,226.7278594970703,228.86378779922748,225.79962078901826,226.0491451945495,30983100,-0.002634298654397349,-0.002637774524759978
1922,2025-08-26,228.87376403808594,229.0534295301293,224.26255788237486,226.43840339540802,54575100,0.009464670754514737,0.00942016138224148
1923,2025-08-27,230.05152893066406,230.46073738560713,227.82576024347395,228.17510050695543,31259500,0.005145914812595631,0.005132719840409774
1924,2025-08-28,232.11758422851562,232.9659733126178,228.90370861616245,230.3809040856524,38074700,0.008980837064874514,0.008940749184059526
1925,2025-08-29,231.69837951660156,232.9360260407387,230.92984008944924,232.0676707602769,39418400,-0.0018060015285242814,-0.0018076343154580796
1926,2025-09-02,229.28298950195312,230.4108447009183,226.53822101083426,228.81388239599917,44075600,-0.010424716908628007,-0.010479434881734952
1927,2025-09-03,238.01634216308594,238.395624134605,233.9141603097862,236.75874463665696,66427800,0.03808984120498149,0.0373823332188683
1928,2025-09-04,239.3238525390625,239.4436193831587,236.28964239378743,237.9963808412042,47549400,0.005493363876168944,0.005478330383996061
1929,2025-09-05,239.2340087890625,240.86091270031892,238.03629475202086,239.54341659874092,54870400,-0.00037540658420298634,-0.00037547706689504754
1930,2025-09-08,237.42745971679688,239.69313028194867,235.89038089866295,238.84475646782593,48999500,-0.007551389041256629,-0.00758004513282915
1931,2025-09-09,233.9041748046875,238.3257397896772,232.9160527142261,236.54912730927947,66313900,-0.014839416284502027,-0.0149506219450665
1932,2025-09-10,226.35855102539062,231.97784546194652,225.52015268533836,231.7482872752143,83440800,-0.03225946602106422,-0.032791271045805905
1933,2025-09-11,229.59239196777344,230.01159113632517,226.21881717306923,226.44839058875493,50208600,0.014286365271970913,0.014185276809186579
1934,2025-09-12,233.62472534179688,234.0638755168574,228.58432913969838,228.78394562468256,55824200,0.01756300955560164,0.017410562270457654
1935,2025-09-15,236.24969482421875,237.7368657054393,234.58287368836292,236.54912714503797,42699500,0.01123583763910907,0.0111731844856819
1936,2025-09-16,237.6969451904297,240.76111223381088,235.87043992435724,236.72878926810645,63421100,0.006125935389198034,0.006107248126145962
1937,2025-09-17,238.5353546142578,239.6432435766681,237.27774187166392,238.5153883976145,46508000,0.003527220020250743,0.003521013968839509
1938,2025-09-18,237.42745971679688,240.74113579799257,236.199788714976,239.5134800259323,44249600,-0.004644573125239804,-0.004655392669439339
1939,2025-09-19,245.032958984375,245.83144010441063,239.7530294205925,240.77107799962133,163741300,0.03203293872010393,0.03153058391446455
1940,2025-09-22,255.5928192138672,256.15178189089505,247.64797087114997,247.82763635806887,105517400,0.04309567281585802,0.042192900302590174
1941,2025-09-23,253.9459686279297,256.8504363399061,253.0975947938589,255.39322235208516,60275200,-0.006443258425658294,-0.006464105813548765
1942,2025-09-24,251.8300018310547,255.2534845023776,250.56241362070242,254.73446948849343,42303700,-0.008332350414175016,-0.00836725849202465
1943,2025-09-25,256.3813171386719,256.6807646844572,251.2311452680336,252.72829161839874,55202100,0.018072966979806315,0.01791159235712427
1944,2025-09-26,254.97401428222656,257.10994249251326,253.2972024297037,253.61660096533106,46076300,-0.005489100657377954,-0.005504221127631377
1945,2025-09-29,253.9459686279297,254.5148915782133,252.52867184357527,254.0757261912774,40127700,-0.004031962461707783,-0.0040401127374681736
1946,2025-09-30,254.14559936523438,255.4331385813304,252.6284867333586,254.37515755125318,37704300,0.0007861150085717306,0.0007858061820065801
1947,2025-10-01,254.9640350341797,258.29769267334166,254.44502000530687,254.55481135314994,48713900,0.0032203416899190263,0.0032151674950933427
1948,2025-10-02,256.6408386230469,257.68882891050583,253.66649683440303,256.09186667190835,42630200,0.00657662791005964,0.006555096245001334
1949,2025-10-03,257.5291442871094,258.7468246365968,253.46689477740222,254.18552630266564,49155600,0.003461279462880995,0.0034553030219053762
1950,2025-10-06,256.2016906738281,258.5771679771474,254.56481112131073,257.49920544747016,44664100,-0.005154576259537191,-0.0051679069167358494
1951,2025-10-07,255.99208068847656,256.91031341337026,254.94405994391948,256.3214394907812,31955800,-0.0008181444267610916,-0.000818479289569163
1952,2025-10-08,257.5690612792969,258.0281776413904,255.62275879770374,256.03198246417537,36496900,0.006160270999708617,0.006141374097297482
1953,2025-10-09,253.55670166015625,257.50917476461467,252.65841993311406,257.3195337882977,38322000,-0.015577801150541859,-0.0157004100800648
1954,2025-10-10,244.80340576171875,255.8922708493858,243.53581752909898,254.45500785015722,61999100,-0.034522045132806656,-0.035132010240949876
1955,2025-10-13,247.18885803222656,249.2149949644775,245.09284695690994,248.90558714178317,38142900,0.009744359001401026,0.009697188915848344
1956,2025-10-14,247.29864501953125,248.37659224814226,244.23447809703134,246.13087266264282,35478000,0.0004441421356069508,0.00044404353368307243
1957,2025-10-15,248.8656463623047,251.3409393203658,246.99920876557604,249.01537013681215,33893600,0.006336473629484196,0.0063164825844998175
1958,2025-10-16,246.979248046875,248.56621957555782,244.66366953460536,247.7777291727393,39777000,-0.007579986804138628,-0.007608860906866748
1959,2025-10-17,251.81002807617188,252.89796599708643,246.79958926324147,247.5481624372989,49147000,0.019559457191237417,0.019370629284000622
1960,2025-10-20,261.7411193847656,263.87706298772724,255.14370850365398,255.4032084113237,90483000,0.0394388237214669,0.03868097494530444
1961,2025-10-21,262.2701110839844,264.7853366806196,261.33189684706855,261.38182000576944,46695900,0.002021049273656983,0.0020190097011623834
1962,2025-10-22,257.9583435058594,262.349966966352,254.94406918261987,262.15033525743416,45015300,-0.016440179021178225,-0.01657681841829787
1963,2025-10-23,259.0861511230469,260.12418111371363,257.51916110368444,259.4454820834593,32754900,0.004372053262009956,0.004362523603168023
1964,2025-10-24,262.32000732421875,263.6275126875418,258.68691759501684,260.69310343226954,38253700,0.012481779466614773,0.012404524248105989
1965,2025-10-27,268.2986145019531,268.60802232244004,264.1465248140549,264.37609822840903,44888200,0.02279127405766279,0.02253543297267336
1966,2025-10-28,268.4882507324219,269.3765722048576,267.63986169210665,268.4782600095115,41534800,0.0007068103233436318,0.0007065606505676427
1967,2025-10-29,269.1869201660156,270.8936584399069,266.6018207191691,268.76770579477784,51086700,0.0026022346664624774,0.0025988547161788934
1968,2025-10-30,270.8836669921875,273.6184749716116,267.969239224885,271.4725408872279,69886500,0.006303229091240592,0.006283446827328092
1969,2025-10-31,269.85565185546875,276.79244258078194,268.647962249571,276.4630533049319,86167100,-0.003795042898427692,-0.003802262344922466
1970,2025-11-03,268.53814697265625,270.33474092754267,265.74348587775046,269.90556627002525,50194600,-0.004882257880291285,-0.004894215035782787
1971,2025-11-04,269.5262756347656,270.9734988318123,267.11086611942017,267.8195068636227,49274800,0.003679658451690937,0.003672905070218473
1972,2025-11-05,269.6260986328125,271.18312844251227,266.4221834255846,268.0989800730272,43683100,0.0003703646251622672,0.00037029605711407865
1973,2025-11-06,269.25677490234375,272.8798740142925,267.38037702601645,267.38037702601645,51204000,-0.0013697625428008564,-0.0013707015250657905
1974,2025-11-07,267.9592590332031,271.7719991063764,266.26248096015127,269.28671541495146,48227400,-0.0048188791892468386,-0.004830527423589156
1975,2025-11-10,269.1781311035156,273.4741297822401,267.20997142836535,268.7085692371889,41312400,0.004548721603090611,0.004538407434672484
1976,2025-11-11,274.99267578125,275.65206242273547,269.5477586519058,269.55775905965567,46208300,0.02160110352909128,0.02137110593244862
1977,2025-11-12,273.21435546875,275.4722525277038,271.4460210796085,274.74292397164845,48398000,-0.0064667915516215535,-0.006487791833362907
1978,2025-11-13,272.6948547363281,276.4413491841305,271.83564282199285,273.85374352181776,49602800,-0.0019014401037990014,-0.0019032501358421112
1979,2025-11-14,272.15533447265625,275.70200347225597,269.3479639093673,270.7965900477885,47431300,-0.00197847614027602,-0.0019804359095259394
1980,2025-11-17,267.2099609375,270.2371271729127,265.48159771217263,268.5687054184609,45018300,-0.01817114312581336,-0.018338265985077234
1981,2025-11-18,267.19000244140625,270.4569347049811,265.0719890725528,269.7376065335732,45677300,-7.469218596389826e-05,-7.469497556412872e-05
1982,2025-11-19,268.3089294433594,271.9555110777923,265.2517925781922,265.2817633125939,40424500,0.004187757744410714,0.004179013490990589
1983,2025-11-20,266.0010986328125,275.17250947675234,265.67142054546326,270.5768036466949,45823600,-0.00860139398019577,-0.008638599469070626
1984,2025-11-21,271.2361755371094,273.0744516711978,265.4216397990326,265.70137680880595,59030800,0.01968065895668869,0.01948949882234899
1985,2025-11-24,275.6620788574219,276.7410558404627,270.64675212306133,270.64675212306133,65585800,0.016317525903571717,0.01618582582601152
1986,2025-11-25,276.7110900878906,280.1179060838009,274.9926967216935,275.012667049666,46914200,0.0038054245067611348,0.003798202195763628
1987,2025-11-26,277.29052734375,279.26868736786383,276.3714044558947,276.70108254872224,33431400,0.002094015298321983,0.00209182590417099
1988,2025-11-28,278.5893249511719,278.73917862681736,275.73198274965245,277.0008150112318,20135600,0.0046838874009274,0.004672952133414649
1989,2025-12-01,282.8353576660156,283.1550658399818,275.88187257202503,277.75011957449965,46587700,0.01524118957389331,0.015126209461309542
1990,2025-12-02,285.9224548339844,287.1313151163589,282.36578537497866,282.7354345985028,53669500,0.010914820528252767,0.010855683796743168
1991,2025-12-03,283.8843688964844,288.35019153510143,283.0351573834178,285.9324708384744,43538700,-0.007128107299873898,-0.007153633631999635
1992,2025-12-04,280.4375915527344,284.46382276925783,278.32954829392816,283.83440686502166,43989100,-0.012141483369261685,-0.012215793279375341
1993,2025-12-05,278.5193786621094,280.8771882481053,277.79005013345267,280.27774306596746,47265800,-0.006840070477014848,-0.006863570983802831
1994,2025-12-08,277.6302185058594,279.4085531850005,275.8918244790692,277.86998437615557,38211800,-0.0031924534677664207,-0.003197560218945108
1995,2025-12-09,276.9208679199219,279.7682096639769,276.6611317163261,277.8999627322321,32193300,-0.0025550193698475887,-0.0025582890023414006
1996,2025-12-10,278.5193786621094,279.48847306800184,276.1815698919154,277.490342786908,33038300,0.005772445948890148,0.005755849221286536
1997,2025-12-11,277.77008056640625,279.3286197507982,273.5540244422053,278.83908758708685,33248000,-0.0026902907054526803,-0.0026939160410902646
1998,2025-12-12,278.0198669433594,278.9589906850317,276.5612402656973,277.64021728323,39532900,0.0008992558753764257,0.0008988517870461178
1999,2025-12-15,273.8537292480469,279.8880911943856,272.5849275039148,279.8880911943856,50409100,-0.014985035929685031,-0.015098445975886323
2000,2025-12-16,274.353271484375,275.2424541197232,271.53593087885605,272.5649667835892,37648600,0.0018241206270945831,0.0018224589395023538
2001,2025-12-17,271.58587646484375,275.90184538512057,271.38608172110213,274.75292651919426,50138700,-0.010086976563313366,-0.010138194827446007
2002,2025-12-18,271.935546875,273.374203136776,266.7004552212896,273.35420232069225,51630700,0.0012875132341483297,0.001286685099730744
2003,2025-12-19,273.4141845703125,274.34330788170604,269.64768928264715,271.8955859651445,144632000,0.005437456457254575,0.005422726861126484
2004,2025-12-22,270.7166748046875,273.62395794129594,270.25711338978425,272.6048920133635,36571800,-0.0098660198257976,-0.009915011500959322
2005,2025-12-23,272.1053771972656,272.2452609569047,269.30800689497966,270.5868091030317,29642000,0.005129726100470355,0.005116613877828172
2006,2025-12-24,273.55401611328125,275.17249671786806,271.9455359163183,272.085389177814,17910600,0.0053238158353827725,0.0053096944255422995
2007,2025-12-26,273.1444091796875,275.1125687682936,272.6049054553,273.9037084592662,21521800,-0.0014973530252399003,-0.0014984751785940306
2008,2025-12-29,273.50408935546875,274.10350406329195,272.0954038139857,272.4350823114352,23715200,0.0013168132449112857,0.0013159470067161956
2009,2025-12-30,272.82470703125,273.82377221524894,272.02546707967076,272.5549704076282,22139600,-0.002483993295382736,-0.0024870835251959533
