Price,Close,High,Low,Open,Volume,Returns
Ticker,AAPL,AAPL,AAPL,AAPL,AAPL,
Date,,,,,,
2018-01-02,40.304176330566406,40.313537247208004,39.60225752847971,39.81283531119191,102223600,
2018-01-03,40.29715347290039,40.83997234023749,40.2339833574163,40.367346060248224,118071600,-0.0001742464008795963
2018-01-04,40.48432540893555,40.58727404295443,40.262051896472606,40.36967741738859,89738400,0.004644792991669533
2018-01-05,40.94527816772461,41.03184704197571,40.48903149645609,40.580280830709796,94640000,0.01138595627154304
2018-01-08,40.793182373046875,41.08798698392758,40.694910599276334,40.793182373046875,82271200,-0.0037146113418671245
2018-01-09,40.78850173950195,40.959300980537996,40.57324707008062,40.83997607024875,86336000,-0.00011474058341709448
2018-01-10,40.779144287109375,40.78148630152458,40.47732074949381,40.51475727869783,95839600,-0.00022941397681974784
2018-01-11,41.010772705078125,41.059908588629746,40.82593567106534,40.849330820735744,74670800,0.005680070585541097
2018-01-12,41.434261322021484,41.497435006670855,41.09733976408248,41.22134511941513,101672400,0.010326277439071996
2018-01-16,41.22369384765625,41.972406559387096,41.211994486349994,41.623785585266006,118263600,-0.005081965205768535
2018-01-17,41.904544830322266,41.93963933476282,40.9616343961619,41.21432196841968,137547200,0.016516011039237055
2018-01-18,41.941978454589844,42.13851839305448,41.705667123879905,41.96771561497552,124773600,0.0008933070247905128
2018-01-19,41.75481033325195,42.01685887036376,41.50913804463785,41.78990484442101,129700400,-0.004462548697852564
2018-01-22,41.413204193115234,41.59570277343954,41.319616459154176,41.48339677865763,108434400,-0.00818124037470902
2018-01-23,41.42256164550781,41.98409876115503,41.37109089079645,41.48339688586861,130756400,0.00022595335412689543
2018-01-24,40.76276779174805,41.4834049089433,40.52411438218777,41.471705547369424,204420400,-0.015928369167659162
2018-01-25,40.03511428833008,40.933569619437826,39.89940953985899,40.83062094334637,166116000,-0.017850934635632698
2018-01-26,40.12870407104492,40.24335211522979,39.789443967823296,40.24335211522979,156572000,0.0023376924077402883
2018-01-29,39.298099517822266,39.81283931036235,39.08986372842516,39.81283931036235,202561600,-0.02069851425433855
2018-01-30,39.06646728515625,39.160055045574445,38.53534764091524,38.72954563542,184192800,-0.005894234975942436
2018-01-31,39.17407989501953,39.41039480264759,38.95648681745555,39.043055645715235,129915600,0.0027546030481280237
2018-02-01,39.25596618652344,39.45250253219605,39.017312869553834,39.11324259904017,188923200,0.002090318182924822
2018-02-02,37.55265426635742,39.026684400187065,37.45906652490365,38.839505347136026,346375200,-0.04338988657349008
2018-02-05,36.61442565917969,38.3434854954354,36.499777636480054,37.22509515859577,290954000,-0.024984348656767796
2018-02-06,38.14461135864258,38.30605327216174,36.03183581681367,36.226033801905984,272975200,0.04179188043822979
2018-02-07,37.32803726196289,38.231172856032934,37.218073276522176,38.15864182365693,206434400,-0.02140732511342447
2018-02-08,36.3009033203125,37.669646564534894,36.272827707555216,37.50352419205152,217562000,-0.0275164197474973
2018-02-09,36.744911193847656,37.09260194445449,35.295412891463684,36.89996378245455,282690400,0.012231317485885018
2018-02-12,38.22495651245117,38.50216852680545,37.00333379549357,37.235912711121244,243278000,0.040278919461678386
2018-02-13,38.60787582397461,38.704196688200184,37.9759220541177,38.046400822690046,130196800,0.01001752118144883
2018-02-14,39.3197135925293,39.35965073484387,38.26489411950926,38.30247969864652,162579600,0.01843763101083784
2018-02-15,40.6400032043457,40.66349374207075,39.702643640911546,39.888234303148494,204588800,0.03357831202685202
2018-02-16,40.50844192504883,41.06992063350234,40.35339290200922,40.49199890679154,160704400,-0.003237235947924466
2018-02-20,40.37220001220703,40.938371268478846,40.271179554105615,40.41918468785145,135722000,-0.0033632967936382263
2018-02-21,40.18895721435547,40.9054815825553,40.17485858545005,40.60242737805678,149886400,-0.004538836075223984
2018-02-22,40.52488708496094,40.865530346416314,40.33929642572378,40.36043898474452,123967600,0.008358760562353629
2018-02-23,41.22966003417969,41.2648976259703,40.76920185482098,40.799743490838885,135249600,0.01739111444631991
2018-02-26,42.04485321044922,42.14352204456397,41.39645647853849,41.42934608991008,152648800,0.019772008199770097
2018-02-27,41.90859603881836,42.39959224122291,41.85456387295106,42.075395661320265,155712400,-0.0032407574584418786
2018-02-28,41.84516906738281,42.43248618806671,41.82872605204726,42.1129855310267,151128400,-0.0015134597058988897
2018-03-01,41.11220169067383,42.23515182722027,40.5624736826807,41.943841221891674,195208000,-0.01751617673066863
2018-03-02,41.39645767211914,41.417600226175026,40.51313051032975,40.59535633347892,153816000,0.0069141512678898565
2018-03-05,41.539772033691406,41.75590432996107,40.99943950066743,41.16153961904458,113605600,0.00346199577527595
2018-03-06,41.5045280456543,41.875712915688,41.37766911815642,41.79583864338566,95154000,-0.0008484396112844461
2018-03-07,41.11924362182617,41.31188534708122,40.940700517810946,41.098101067014966,126814000,-0.009282949161699139
2018-03-08,41.567955017089844,41.61024012699742,41.128642980010106,41.22496025858815,95096400,0.010912442830672386
2018-03-09,42.282135009765625,42.286834550653744,41.67367530628129,41.807585336347394,128740800,0.017181023035224063
2018-03-12,42.69091033935547,42.848310909275334,42.33617206249424,42.35496305722243,128828400,0.00966780247722654
2018-03-13,42.27978515625,43.109076643598875,42.10828956078416,42.895292351414525,126774000,-0.009630274450401322
2018-03-14,41.920345306396484,42.40899355680424,41.77234025219969,42.36200890641291,117473600,-0.008501458759195724
2018-03-15,41.96968460083008,42.34322105481381,41.83343016846324,41.934447003614444,90975200,0.001176977290453518
2018-03-16,41.821678161621094,42.080095541605395,41.72770527232746,41.969679637122375,157618800,-0.003526508255105143
2018-03-19,41.18268585205078,41.69247678950339,40.79740588350734,41.6572391887555,133787200,-0.015278973433368925
2018-03-20,41.1685791015625,41.53506438389557,41.098100335414074,41.1685791015625,78597600,-0.00034254080802209597
2018-03-21,40.23592758178711,41.133346395785146,40.23357601878862,41.121599334891776,148219600,-0.022654450071607934
2018-03-22,39.667396545410156,40.56716314673629,39.60866483810851,39.937560965118145,165963200,-0.014129934875275474
2018-03-23,38.74884033203125,39.91877519588673,38.74884033203125,39.55933735467391,164115200,-0.023156453243090125
2018-03-26,40.58831024169922,40.66583652732721,39.101222947632834,39.48415483536228,150164800,0.04747161189614735
2018-03-27,39.547584533691406,41.147435786997505,39.21398884136804,40.8020930353932,163690400,-0.02564102082127584
2018-03-28,39.110626220703125,39.94226938848122,38.80757212089568,39.291520923138435,166674000,-0.011048925443626678
2018-03-29,39.41603469848633,40.348694771240936,39.20929788093871,39.42308221865727,153594000,0.007808836300901234
2018-04-02,39.15760803222656,39.68854503990623,38.638421669404664,39.1482125349196,150347200,-0.006556384178078911
2018-04-03,39.55934524536133,39.643919082792635,38.7347530189314,39.3831500494378,121112000,0.010259493194889169
2018-04-04,40.31578826904297,40.40975755511149,38.70888981826123,38.734731909634846,138422000,0.019121727596599802
2018-04-05,40.595367431640625,40.93131116470009,40.426219783553385,40.54368322890842,107732800,0.006934731394358851
2018-04-06,39.55698013305664,40.52017796942348,39.51469144030749,40.1654397524392,140021200,-0.025578960464701983
2018-04-09,39.94931411743164,40.66349020989333,39.90232946136302,39.90937698053834,116070800,0.009918198584808913
2018-04-10,40.70108413696289,40.87727930638697,40.297009594974334,40.64235241382153,113634400,0.01881809578310678
2018-04-11,40.51078796386719,40.858478709963855,40.336940798469165,40.461451746423364,89726400,-0.00467545710712125
2018-04-12,40.910160064697266,41.11219729191981,40.651739104982695,40.7386644739953,91557200,0.00985841354619632
2018-04-13,41.04876708984375,41.30953603414656,40.842033901488705,41.06051414916714,100497200,0.00338808317853756
2018-04-16,41.30485534667969,41.39177716534522,41.07227639101992,41.11926106098235,86313600,0.006238634555708611
2018-04-17,41.87337112426758,42.03781923409848,41.44345447554541,41.46224905734036,106421600,0.013763897072540887
2018-04-18,41.779388427734375,42.00961931226193,41.55386066842869,41.772340909299764,83018000,-0.0022444502080878337
2018-04-19,40.595367431640625,41.203827218251746,40.56247781032921,40.82089523929037,139235200,-0.028339835518218393
2018-04-20,38.93208312988281,40.22418097949111,38.86395232674434,40.07852745991191,261964400,-0.04097226868456483
2018-04-23,38.81931686401367,39.21399228063409,38.549148815653716,39.192849722893605,146062000,-0.002896486825350153
2018-04-24,38.278987884521484,39.07538989520362,37.87491334848278,38.92033728806554,134768000,-0.013919074912755236
2018-04-25,38.44577407836914,38.8615955688351,38.1544671050226,38.20379973161242,113528400,0.004357121310281542
2018-04-26,38.579689025878906,38.93442729205529,38.37999976208661,38.55619490612709,111852000,0.0034832163149267625
2018-04-27,38.133331298828125,38.605533017528785,37.736304314562105,38.52800672018398,142623200,-0.011569759589077244
2018-04-30,38.82400894165039,39.29386262956207,38.02055956548532,38.08869035766404,169709600,0.01811217691446454
2018-05-01,39.72612762451172,39.74961815624155,38.826357452714966,39.09417389038745,214277600,0.023236103314759227
2018-05-02,41.481021881103516,41.7582337515983,40.83027371850239,41.166217282037394,266157600,0.044174812938701846
2018-05-03,41.556209564208984,41.69951508337644,40.980639509575454,41.31893474070514,136272800,0.0018125803004800378
2018-05-04,43.18659973144531,43.28526857020674,41.85691300893374,41.875707585559574,224805200,0.03923337051992659
2018-05-07,43.49906539916992,44.08873062408348,43.40274451042906,43.503761356157284,169805600,0.0072352458787603435
2018-05-08,43.70814514160156,43.748082279576245,43.149018040556854,43.459123231465554,113611200,0.004806534129251139
2018-05-09,44.015899658203125,44.02529515598114,43.51315628663752,43.82560946207637,92844800,0.007041125071872267
2018-05-10,44.6455078125,44.72303412194534,44.084032648365664,44.10517879435994,111957200,0.014304107360884943
2018-05-11,44.475711822509766,44.82238636485183,44.20686254462442,44.68796352517083,104848800,-0.003803204360522394
2018-05-14,44.37192153930664,44.69737182030801,44.30353163892593,44.57473780741277,83115200,-0.0023336396192448206
2018-05-15,43.968658447265625,44.117234231162634,43.652643426187645,44.048840718550096,94780800,-0.009088249461628228
2018-05-16,44.379005432128906,44.445041913162775,43.864891761356354,43.88140178124538,76732400,0.009332715605945507
2018-05-17,44.0983772277832,44.551175778740514,43.949801410031135,44.336567063881525,69176000,-0.006323445097815017
2018-05-18,43.937992095947266,44.29174116474425,43.895543934982,44.14552603450174,73190800,-0.003636984894194506
2018-05-21,44.249305725097656,44.63607134090016,44.079505835377276,44.33656270229301,73603200,0.007085294850765589
2018-05-22,44.138450622558594,44.54408316939165,44.0488330417285,44.426166815045335,60962800,-0.002505239364155476
2018-05-23,44.42145538330078,44.45447182320738,43.808288815295995,43.94743286781569,80233600,0.006411751131960797
2018-05-24,44.37192153930664,44.534646679807324,43.91440911918023,44.51814026186224,92936000,-0.0011150882735995182
2018-05-25,44.47333526611328,44.725674408100176,44.254008962832486,44.39079237378272,69844000,0.002285538315414337
2018-05-29,44.31296920776367,44.51342847074933,44.07006178001697,44.24222226649526,90056400,-0.0036058923260429143
2018-05-30,44.218650817871094,44.33656722005208,44.04885091084863,44.27053432271257,74762000,-0.0021284601681814674
2018-05-31,44.07005310058594,44.39078569908275,43.897896246535225,44.152595980505154,109931200,-0.0033605212854006528
2018-06-01,44.86482620239258,44.869540266724215,44.27760132608851,44.334202484769676,93770000,0.018034312325257318
2018-06-04,45.23979949951172,45.614772730208344,45.12660078050418,45.19499069863809,105064800,0.008357845752652082
2018-06-05,45.588829040527344,45.73740482688072,45.36478864422395,45.53223148269539,86264000,0.007715099201962561
2018-06-06,45.74684143066406,45.77042614795653,45.26102648202931,45.664302117185684,83734400,0.003466033093244114
2018-06-07,45.62421417236328,45.798728137869944,45.360078994572234,45.78457874591241,85388800,-0.0026805622960142106
2018-06-08,45.209144592285156,45.27989514815871,44.753989040222194,45.08415350293508,106627200,-0.009097572146887556
2018-06-11,45.098297119140625,45.27281465481039,44.85775029790672,45.12659949697931,73234000,-0.002451881674475409
2018-06-12,45.34592056274414,45.42374580151868,45.079428405593966,45.1360295606633,67644400,0.00549074930588489
2018-06-13,44.97330093383789,45.4874181569556,44.91198571944777,45.37893351770335,86553600,-0.00821726903505382
2018-06-14,44.996891021728516,45.17848325327996,44.86010759003595,45.17376559052578,86440400,0.0005245353887928239
2018-06-15,44.53466796875,44.84596901217522,44.39788450408042,44.815309594664896,246876800,-0.010272333098642616
2018-06-18,44.51108169555664,44.624280426192385,44.14789718692126,44.30826535396777,73939600,-0.0005296160108324566
2018-06-19,43.79179000854492,43.94272284557757,43.2635232796693,43.662081258316235,134314000,-0.016159833902295917
2018-06-20,43.982810974121094,44.147893191048695,43.80121873623951,43.94743749853748,82514800,0.004362026889946691
2018-06-21,43.737552642822266,44.4191092904368,43.61491857931583,44.159691771196826,102847600,-0.0055762313928305884
2018-06-22,43.610198974609375,43.90027229792236,43.558315473070756,43.89319760212371,108801600,-0.0029117694182139164
2018-06-25,42.961639404296875,43.610179282154526,42.622039765218936,43.25171259662547,126652400,-0.01487174068364383
2018-06-26,43.494632720947266,43.989882939520605,43.04890896364015,43.15503658085031,98276800,0.012406261121336026
2018-06-27,43.43096160888672,44.166758662861064,43.400302198797014,43.683300788900816,101141200,-0.0014638843479619634
2018-06-28,43.74696731567383,43.91441012163316,43.346052431946084,43.416802964020754,69460800,0.007276046743631248
2018-06-29,43.654998779296875,44.145531311824726,43.136167469409244,43.93327968606021,90950800,-0.0021022837014808005
2018-07-02,44.1431770324707,44.17147941242454,43.25644709523927,43.35078236421446,70925200,0.011182642694411049
2018-07-03,43.37435531616211,44.32476093119673,43.28473772713927,44.28702683071112,55819200,-0.017416546972662705
2018-07-05,43.7234001159668,43.96159354939329,43.45926852886405,43.69038366757895,66416800,0.008047261965289154
2018-07-06,44.329490661621094,44.43797173189767,43.67623281339386,43.728116316055825,69940800,0.013861926200770647
2018-07-09,44.945011138916016,44.96859225753732,44.64314547179164,44.69031130755683,79026400,0.013885124058684806
2018-07-10,44.890769958496094,45.11009271096756,44.8506752202268,44.97566990105466,63756400,-0.0012068342858403414
2018-07-11,44.308258056640625,44.75633884056429,44.24458220679138,44.45447320956941,75326000,-0.012976206520717515
2018-07-12,45.05113220214844,45.14074980316631,44.64549956394025,44.697383059421924,72164400,0.016766042676698678
2018-07-13,45.12187957763672,45.24215298223861,45.02046962595416,45.06292139132797,50055600,0.001570379522779497
2018-07-16,45.022823333740234,45.4331699443,44.90726401087555,45.16668143015482,60172400,-0.0021953040259781176
2018-07-17,45.150177001953125,45.249226320159714,44.619553341082245,44.749262066777305,62138000,0.0028286468680307486
2018-07-18,44.90254592895508,45.23271387754126,44.79170426889305,45.2279962158199,65573600,-0.005484609129823181
2018-07-19,45.2515869140625,45.40959441668274,44.73511264213496,44.73511264213496,81147200,0.007773300553150619
2018-07-20,45.1478385925293,45.38131079656055,44.84832988393305,45.22802089293349,82704800,-0.002292700181547924
2018-07-23,45.18791198730469,45.270454886685215,44.70445414490889,44.968585665291265,63957600,0.0008876038371861128
2018-07-24,45.51572036743164,45.67137084476869,45.29167997651918,45.38601163631743,74791600,0.007254337846348102
2018-07-25,45.944942474365234,45.95201716965976,45.381298693402805,45.5298744916329,66839600,0.009430194743017095
2018-07-26,45.801082611083984,46.21378994746489,45.65958151348729,45.89541427713352,76304000,-0.0031311359974280917
2018-07-27,45.03933334350586,46.03219071080195,44.83180299005585,45.98502488495066,96096000,-0.016631686941692037
2018-07-30,44.78700256347656,45.327058027636596,44.58890389877771,45.25630747638057,84118000,-0.005602453706515131
2018-07-31,44.87662887573242,45.31292106268138,44.652588400754645,44.878989507152546,157492000,0.002001167908676882
2018-08-01,47.520294189453125,47.58160940261683,46.53215449381962,46.96137178153096,271742800,0.058909623560211344
2018-08-02,48.90935134887695,49.14282705476914,47.24909045809848,47.303330980206844,249616000,0.029230819865844193
2018-08-03,49.050865173339844,49.22773977263983,48.45892254462788,48.82446410288577,133789600,0.002893389925649359
2018-08-06,49.30556106567383,49.348009238803435,48.83389550544632,49.05321826366124,101701600,0.005192485217822673
2018-08-07,48.84332275390625,49.40696290274609,48.760779849027344,49.36451473350938,102349600,-0.00937497316280178
2018-08-08,48.87633514404297,49.00840090208241,48.23251277433969,48.59333657702674,90102000,0.0006758833812976484
2018-08-09,49.260746002197266,49.472994037920536,48.86454511071905,49.414035850383826,93970400,0.007864968947066231
2018-08-10,49.1140251159668,49.48558286476212,48.91049747261403,49.07379336928748,98444800,-0.0029784544112247957
2018-08-13,49.431148529052734,49.923401518257236,49.154256899714554,49.535279455192196,103563600,0.006456880948713772
2018-08-14,49.63941192626953,49.83110585938184,49.28678739016667,49.73644334784153,82992000,0.004213201663610722
2018-08-15,49.75537109375,49.87370102571761,49.303349886959445,49.51397702141606,115230400,0.0023360302425159407
2018-08-16,50.484275817871094,50.60023682148504,50.04645369529504,50.112718157686544,114001600,0.014649769624824671
2018-08-17,51.49244689941406,51.580009882061766,50.44641087085181,50.51267533520291,141708000,0.01997000185127118
2018-08-20,50.990726470947266,51.87109768021594,50.90789408938502,51.615508252096106,121150800,-0.009743573255449722
2018-08-21,50.8913459777832,51.40016695617131,50.65232076625125,51.307869734773455,104639200,-0.001948991513597842
2018-08-22,50.893707275390625,51.20373113650399,50.60734723529338,50.66888111445021,76072400,4.639880439505362e-05
2018-08-23,50.997833251953125,51.36702204650788,50.78720612628316,50.799036230072055,75532800,0.0020459499245961688
2018-08-24,51.15639114379883,51.33151711174363,50.90789759315165,51.26052204968089,73905600,0.003109110362833567
2018-08-27,51.57764434814453,51.76697293591533,51.19662187429495,51.390681058681736,82100400,0.008234615361384146
2018-08-28,51.994171142578125,52.192964560685056,51.80957673845841,51.83087525943924,91107200,0.008075723497996012
2018-08-29,52.77041244506836,52.89111127993572,51.92553865671049,52.10066463492159,109019200,0.01492939084193945
2018-08-30,53.255558013916016,54.01996820716036,52.63314154334192,52.83430383105253,195175200,0.009193514819552995
2018-08-31,53.87089157104492,54.16434752163263,53.4851347972511,53.605830040366044,173360400,0.011554353762815106
2018-09-04,54.043643951416016,54.23770315227704,53.63422341854379,54.0554776662455,109560400,0.0032067852477115633
2018-09-05,53.691017150878906,54.353665430113836,53.272131830936814,54.19273847104645,133332000,-0.006524852411027515
2018-09-06,52.7988166809082,53.80462109487018,52.37282820688396,53.539559593731255,137160000,-0.016617313608783046
2018-09-07,52.372825622558594,53.33602933601762,52.233197177478694,52.50298926252407,150479200,-0.008068193287817493
2018-09-10,51.66994857788086,52.502992310884245,51.22976108607632,52.28999626644421,158066000,-0.013420643937435028
2018-09-11,52.976314544677734,53.08281076636289,51.25106203103439,51.59421812808349,142996000,0.02528289659177463
2018-09-12,52.31840515136719,53.24847681301907,52.0273108780994,53.23427779698521,197114800,-0.012418934744048649
2018-09-13,53.58216094970703,54.04128166600447,52.67338793396075,52.89821408368517,166825600,0.024155090253297207
2018-09-14,52.97393798828125,53.683917511891266,52.661548875687,53.425959151653856,127997200,-0.011351221202083761
2018-09-17,51.56344985961914,52.763313434962186,51.41908720503265,52.573984830581786,148780400,-0.026626076561914958
2018-09-18,51.648651123046875,52.50299339478895,51.3835896141256,51.54215129305673,126286800,0.0016523577002642842
2018-09-19,51.67940139770508,51.975226159309635,50.95285766099817,51.71016832847742,108495200,0.0005953742060937905
2018-09-20,52.07227325439453,52.60475798589657,51.864011403841246,52.12197341823773,106435200,0.007602097664910268
2018-09-21,51.511375427246094,52.38701600738887,51.42380884143232,52.24975288340984,384986800,-0.010771525652590985
2018-09-24,52.25212860107422,52.36335902352826,51.267626333584346,51.31259228450954,110773600,0.014380380404991344
2018-09-25,52.583438873291016,52.73253569529579,51.994154701162344,52.00598841279066,98217600,0.006340608145291693
2018-09-26,52.16455841064453,52.95263606451722,52.00836205881916,52.30182154305388,95938800,-0.007966014996772075
2018-09-27,53.236637115478516,53.5892616223279,52.902945831595176,52.969213917547854,120724800,0.020551860065496586
2018-09-28,53.42359924316406,53.44726306298628,53.01654398633508,53.19876948242372,91717600,0.0035119071717470973
2018-10-01,53.7833137512207,54.29449987051598,53.56795604203852,53.94660961803524,94403200,0.006733251094134474
2018-10-02,54.26137161254883,54.43176699813006,53.634224437244896,53.78095239271763,99152800,0.008888590679619002
2018-10-03,54.9216423034668,55.252964583740315,54.379689331489814,54.44358848952185,114619200,0.012168337646025762
2018-10-04,53.95608139038086,54.987918497825,53.657887663337085,54.61636079385546,128168000,-0.01758069993156397
2018-10-05,53.08042907714844,54.055469984480176,52.202423173171816,53.948973788434415,134322000,-0.016228982733140662
2018-10-08,52.95736312866211,53.201122427655946,52.112485930508065,52.58817442770608,118655600,-0.00231848066464313
2018-10-09,53.691017150878906,53.78568325427967,52.597649837383955,52.92660687302358,107564000,0.013853673575747294
2018-10-10,51.20372772216797,53.567961035959435,51.130363742966665,53.35733390390222,167962400,-0.04632598823228329
2018-10-11,50.751708984375,51.946842063881995,50.24762591104082,50.76827690881467,212497600,-0.008827848242722203
2018-10-12,52.56451416015625,52.746743237513996,51.31731586452513,52.164558475955246,161351600,0.0357190962050038
2018-10-15,51.44038391113281,52.49825370424345,51.419085391816054,52.33969204186986,123164000,-0.02138572508438641
2018-10-16,52.5739860534668,52.77278307881881,51.29838956224378,51.81194102118885,116736000,0.022037202216304674
2018-10-17,52.34678649902344,52.68994251799394,51.90896438476094,52.60947904535247,91541600,-0.004321520422900793
2018-10-18,51.123252868652344,52.003627645600474,50.40853923550798,51.55870604983427,130325200,-0.023373614928471675
2018-10-19,51.90187072753906,52.363356709270114,51.456949057386716,51.606045917308556,132314800,0.015230209644272241
2018-10-22,52.21900177001953,52.860351642227485,51.814315392093164,52.01547412607482,115168400,0.00611020446922339
2018-10-23,52.71125030517578,52.83431444512656,50.81087189308462,51.07829869399411,155071200,0.009426617102413992
2018-10-24,50.90316390991211,53.066234694184615,50.77300027621806,52.68048161214551,163702000,-0.03430171708687646
2018-10-25,52.017845153808594,52.39176821772767,51.29603175862123,51.52322684458672,119423200,0.02189807387747522
2018-10-26,51.18952941894531,52.11013614750111,50.3304529551545,51.09486330644962,189033600,-0.015923684120595194
2018-10-29,50.228694915771484,51.9918103235721,48.7732344672493,51.8734803819594,183742000,-0.018770137449597657
2018-10-30,50.47954177856445,50.924459797370716,49.525802965453806,49.970720984260076,146640000,0.004994094774184665
2018-10-31,51.795379638671875,52.17166796781139,51.265260226318844,51.32679410406147,153435600,0.02606675523877633
2018-11-01,52.590553283691406,52.623685518956215,51.310222601060566,51.840341976440314,233292800,0.015352211926367154
2018-11-02,49.10218811035156,50.56237905391569,48.617034661599845,49.592075767555244,365314800,-0.06633064220721185
2018-11-05,47.7082633972168,48.37091177031548,46.898887056991256,48.34961324821186,264654800,-0.028388240255242336
2018-11-06,48.224185943603516,48.44901211289893,47.731932947771526,47.78636371038881,127531600,0.010814112894681926
2018-11-07,49.686729431152344,49.71276215629283,48.30937113036729,48.744824340769675,133697600,0.030328007802126855
2018-11-08,49.51337432861328,49.90047339465784,49.100148077728555,49.86722555541948,101450400,-0.00348896183193681
2018-11-09,48.558685302734375,48.92441156528244,48.03146693327073,48.815170208722876,137463200,-0.01928143736564525
2018-11-12,46.11258316040039,47.461503388574435,46.02233746371556,47.2596391587509,204542000,-0.05037414269113749
2018-11-13,45.651851654052734,46.82740454065561,45.46661319307252,45.509362481467676,187531600,-0.009991448640927825
2018-11-14,44.36231994628906,46.186207990732846,44.155704967567836,46.048465879499844,243204000,-0.028247084423555724
2018-11-15,45.45711898803711,45.59011034254825,44.38605662645267,44.73991147050331,185915200,0.024678579548444546
2018-11-16,45.9605827331543,46.30256253867102,44.994018333700204,45.241001735605465,147713200,0.01107557531856962
2018-11-19,44.13907241821289,45.28850181754832,43.93246111209579,45.122262627353955,167701200,-0.039632010880215285
2018-11-20,42.03019332885742,43.096504796148025,41.6810892663004,42.36029811179492,271300800,-0.047778056352749565
2018-11-21,41.982704162597656,42.81153021281317,41.92808348913567,42.68328595925916,124496800,-0.0011298821751353216
2018-11-23,40.91639709472656,41.93996319137456,40.87127786952604,41.54573618072765,94496000,-0.025398722858378076
2018-11-26,41.46973419189453,41.548104874515914,40.434296833953724,41.37949212830179,179994000,0.013523602674177848
2018-11-27,41.3795051574707,41.50537227483732,40.58155314758855,40.73116665811759,165549600,-0.0021757803897731742
2018-11-28,42.97064971923828,43.05376751403634,41.543358788745984,41.9708336400061,184250000,0.03845247920951289
2018-11-29,42.64053726196289,43.4123654086961,42.20118748278702,43.37911757194036,167080000,-0.007682277541351645
2018-11-30,42.410186767578125,42.825786644844754,42.042083294393294,42.816285189782384,158126000,-0.005402148030396625
2018-12-03,43.892093658447266,43.920590773009714,43.03477043251187,43.80659869101698,163210000,0.03494223920753958
2018-12-04,41.96133804321289,43.31500545781259,41.861594509899575,42.973025558599346,165377200,-0.04398868803704903
2018-12-06,41.49348449707031,41.507733053331634,40.472295688010675,40.79052552365589,172393600,-0.011149633638011469
2018-12-07,40.013954162597656,41.43886790910072,39.96883131415951,41.20138228468355,169126400,-0.035656931501549805
2018-12-10,40.277565002441406,40.39393064398245,38.78852906163199,39.18512963582418,248104000,0.006587972755018434
2018-12-11,40.04719543457031,40.797647130558154,39.66009277068402,40.76677646859411,189126800,-0.005719550520423167
2018-12-12,40.158809661865234,40.828517056992325,40.13981038220844,40.467537990997414,142510800,0.0027870672611089997
2018-12-13,40.59816360473633,40.982892750447746,40.26568520596623,40.488922255315906,127594400,0.010940412491565965
2018-12-14,39.299110412597656,40.1540598989454,39.2516140241877,40.13506061883299,162814800,-0.03199783134986722
2018-12-17,38.933387756347656,39.98070006589324,38.64602860130792,39.2919896885735,177151600,-0.009306130658183198
2018-12-18,39.439239501953125,39.78596648532235,39.04026176741648,39.2753738408261,135366000,0.01299274927656402
2018-12-19,38.20905685424805,39.76696176214106,37.78158206275483,39.42260837756745,196189200,-0.031191845056854017
2018-12-20,37.2448616027832,38.4987850963863,36.88150897814493,38.0926831856918,259092000,-0.025234730476150102
2018-12-21,35.79621124267578,37.56073151799907,35.53497920022275,37.251999446242344,382978400,-0.03889530791004925
2018-12-24,34.870018005371094,35.990950549802086,34.81302014550831,35.18349717525792,148676800,-0.025874057760629454
2018-12-26,37.32561492919922,37.339863486779244,34.843890893788085,35.219118612948485,234330000,0.0704214412349855
2018-12-27,37.083377838134766,37.230621385586616,35.639468468150554,37.00975787628032,212468400,-0.0064898352384532565
2018-12-28,37.10236740112305,37.64621135368628,36.703393406418876,37.40397507190618,169165600,0.000512077488495466
2018-12-31,37.460975646972656,37.84570111622469,37.16174150533906,37.64858765548356,140014000,0.009665373693613866
2019-01-02,37.50373077392578,37.72459429722969,36.627408207295694,36.784149594963864,148158800,0.0011413244373570386
2019-01-03,33.76808166503906,34.6064056330403,33.72295881640133,34.19317934017915,365248800,-0.0996073998985697
2019-01-04,35.2096061706543,35.27847900912154,34.15042265199752,34.32378608802359,234428400,0.04268896645993614
2019-01-07,35.131248474121094,35.34498772125398,34.649152921842216,35.314113428905806,219111200,-0.0022254635894937147
2019-01-08,35.80095291137695,36.05506423362693,35.271361057087084,35.51834447775036,164101200,0.01906292734655257
2019-01-09,36.40890884399414,36.69864150293026,35.53496376531212,35.929187021597,180396400,0.016981557282068627
2019-01-10,36.52528762817383,36.56565974711911,35.82707935334201,36.2165556097032,143122800,0.0031964370225525673
2019-01-11,36.166683197021484,36.50153878834281,35.98144470474648,36.30680246578782,108092800,-0.009817976926093652
2019-01-14,35.622840881347656,35.924448615457706,35.43760239866407,35.824705095839064,129756800,-0.015037107846223918
2019-01-15,36.35192108154297,36.42791458616587,35.634713583499995,35.68696070331559,114843600,0.020466649547230986
2019-01-16,36.7960090637207,37.01924604454484,36.335286549890746,36.35428582738021,122278800,0.012216355256207123
2019-01-17,37.01449966430664,37.44197439864599,36.3970357565118,36.62027276354135,119284800,0.0059378885413243765
2019-01-18,37.242488861083984,37.49422298571699,37.042998228056234,37.40397730943639,135004000,0.006159456398034058
2019-01-22,36.406532287597656,37.22110591193668,36.24504024367775,37.14511242707088,121576000,-0.02244631331177893
2019-01-23,36.55379104614258,36.84352383088879,36.02657260988264,36.608411731342564,92522400,0.004044844408185755
2019-01-24,36.26405715942383,36.68678131637326,36.03607297019486,36.59891278758119,101766000,-0.007926233597850718
2019-01-25,37.465721130371094,37.553593252863344,36.64877383724475,36.92425433639867,134142000,0.033136501127397855
2019-01-28,37.118995666503906,37.12611994377185,36.492033900729126,36.99787570546437,104768400,-0.00925447191208928
2019-01-29,36.734275817871094,37.553604147254646,36.59891089197935,37.10712999950282,166348800,-0.010364500486202077
2019-01-30,39.2444953918457,39.45823098230422,38.05231666544547,38.7695241919444,244439200,0.06833453275138202
2019-01-31,39.527103424072266,40.13506597381766,39.080629341215584,39.44873274205534,162958400,0.0072012145755677714
2019-02-01,39.546104431152344,40.13031699712782,39.405985168485806,39.65059867839811,130672400,0.000480708309845701
2019-02-04,40.66940689086914,40.76677685151774,39.72658881786463,39.757463103861134,125982000,0.028404882753303884
2019-02-05,41.3652458190918,41.57898506305087,40.93065029956902,41.051766667858935,144406400,0.017109640425537753
2019-02-06,41.3795051574707,41.6953615388557,41.04940021543949,41.47687152980109,112958400,0.0003447178445710186
2019-02-07,40.59579086303711,41.30824769496477,40.45329804715444,40.94251782527925,126966800,-0.018939672948024677
2019-02-08,40.64347839355469,40.70310440951638,40.168853996357676,40.30480305960627,95280000,0.00117469150135463
2019-02-11,40.40974807739258,40.834288725227694,40.36681908607748,40.796127195647315,83973600,-0.0057507458859420435
2019-02-12,40.757972717285156,40.78420831850001,40.47415220576565,40.56955604622166,89134000,0.008617342509180226
2019-02-13,40.588626861572266,41.137187031192965,40.52661710438461,40.877218430046,89960800,-0.0041549136137742915
2019-02-14,40.73649978637695,40.84620963108841,40.39782441124615,40.476531198600185,87342800,0.003643210826249632
2019-02-15,40.645870208740234,40.95115518004431,40.486072890892316,40.84382905782214,98507200,-0.002224775768953746
2019-02-19,40.76750183105469,40.88914124452737,40.42405900288239,40.476530193148335,75891200,0.002992471847442335
2019-02-20,41.02986145019531,41.33753378782997,40.781818778905716,40.82951887269788,104457600,0.006435508857713934
2019-02-21,40.798519134521484,41.1109589873407,40.617257291473365,40.97501351487574,68998800,-0.005638388907421632
2019-02-22,41.254058837890625,41.26121367050578,40.87483815215059,40.92253824934637,75652800,0.011165594071371299
2019-02-25,41.55457305908203,41.945719682081254,41.48779219461515,41.537879662607395,87493600,0.007284476477145807
2019-02-26,41.578426361083984,41.80977566356522,41.30176069059117,41.43055496170665,68280800,0.0005740235128401938
2019-02-27,41.70722198486328,41.73822869074752,41.19682321958781,41.311307838567444,111341600,0.0030976550834507233
2019-02-28,41.2969856262207,41.71675519338844,41.24213069934181,41.57603864043286,112861600,-0.009836098860563358
2019-03-01,41.7310676574707,41.773996653747055,41.234978633444705,41.56649922650965,103544800,0.010511227990800176
2019-03-04,41.94095993041992,42.39411639965305,41.4925709243222,41.9027983896276,109744800,0.0050296406186398634
2019-03-05,41.8646354675293,41.976732715355126,41.628515035862925,41.96242304785135,78949600,-0.0018198072485047234
2019-03-06,41.62373733520508,41.855086607706475,41.48540451788479,41.659511495165575,83241600,-0.0057542154525879186
2019-03-07,41.141963958740234,41.60466257047475,41.027482991072056,41.46871346445025,99185600,-0.011574486274142481
2019-03-08,41.23975372314453,41.27791526082564,40.426453692828076,40.622028843980345,95997600,0.002376886152113844
2019-03-11,42.668392181396484,42.72086338701754,41.82170533647012,41.855095772839455,128044000,0.03464226454510011
2019-03-12,43.14778137207031,43.56754731458191,42.7804829879991,42.93074174869042,129870400,0.011235229784047007
2019-03-13,43.33858108520508,43.71780172616493,43.150160810497724,43.46737169635389,124130000,0.004422005189316014
2019-03-14,43.82036209106445,43.9086110924784,43.5413127001033,43.86090735580744,94318000,0.011116676960701177
2019-03-15,44.39038848876953,44.67898009371108,43.82275112158004,44.08749085728255,156171600,0.013008253937301761
2019-03-18,44.84354782104492,44.93179318512388,44.31168098754593,44.3140683580027,104879200,0.010208501157633165
2019-03-19,44.48817825317383,45.07490005613711,44.34269057791804,44.92225754761337,126585600,-0.007924653269836046
2019-03-20,44.8769416809082,45.19415263672283,44.05887055501057,44.41662677956,124140800,0.008738578269534836
2019-03-21,46.52976989746094,46.825516329115906,45.2704683808724,45.320555849510406,204136800,0.036830232958051434
2019-03-22,45.56621170043945,47.14987887158073,45.50181457067001,46.58939274805469,169630800,-0.020708423857347835
2019-03-25,45.0152702331543,45.78802127537282,44.50487154702467,45.67592404455743,175381200,-0.012091008813880477
2019-03-26,44.55018615722656,46.00267911768265,44.0230940523578,45.71170377934582,199202000,-0.01033169574499615
2019-03-27,44.950870513916016,45.25853921871362,44.492943053204904,45.01765137448114,119393600,0.008993999604745895
2019-03-28,45.010501861572266,45.210844466944145,44.72668135098658,45.065356795101245,83121600,0.0013265893846881038
2019-03-29,45.303855895996094,45.334862595503004,44.96756422056934,45.27523656677985,94256000,0.006517457533044668
2019-04-01,45.61153030395508,45.71646906225277,44.92940835895731,45.70693049851085,111448000,0.006791351461679307
2019-04-02,46.274566650390625,46.37950903701482,45.56620917996109,45.57574774270704,91062800,0.014536595067454972
2019-04-03,46.591796875,46.86607524898734,46.067084724142916,46.09093659983107,93087200,0.006855390500057679
2019-04-04,46.672882080078125,46.8350631704563,46.06469571259025,46.45822614134336,76457200,0.001740332215468543
2019-04-05,46.985321044921875,47.00917291740986,46.7301198385826,46.85414302480752,74106400,0.006694229088053394
2019-04-08,47.72468185424805,47.75568491902388,46.82790392141536,46.846984690122916,103526800,0.015735995687233606
2019-04-09,47.581573486328125,48.380563770007704,47.51717635283578,47.77714861794036,143072800,-0.0029986238223017603
2019-04-10,47.848697662353516,47.8773206328261,47.26674699962892,47.38599906529268,86781200,0.005614025692154634
2019-04-11,47.45039749145508,47.93933170184318,47.328761691309175,47.903557536883895,83603200,-0.008324159075531412
2019-04-12,47.431304931640625,47.73420613036638,46.79688684862027,47.51001171426779,111042800,-0.000402368806665776
2019-04-15,47.51717758178711,47.66505261953051,47.22620224726255,47.362151350453125,70146400,0.0018104635803346536
2019-04-16,47.52195358276367,48.02758123423002,47.357385131107456,47.572041057335646,102785600,0.00010051104084074503
2019-04-17,48.44733810424805,48.5069641281486,47.36929857312662,47.591105635180504,115627200,0.019472779457029965
2019-04-18,48.6214485168457,48.69061310818153,48.30185387954341,48.44495416346428,96783200,0.0035938076148376297
2019-04-22,48.78124237060547,48.879029923206865,48.25891781907729,48.3757861360363,77758000,0.003286488959793221
2019-04-23,49.48483657836914,49.54923371338613,48.63099134409102,48.7573982436491,93292000,0.014423458148487889
2019-04-24,49.40851974487305,49.72334332507646,49.38228414324906,49.45621984620272,70162400,-0.0015422266450295652
2019-04-25,48.96013259887695,49.55162188369278,48.92197106068636,49.32981476661857,74172800,-0.009075097742482385
2019-04-26,48.72639083862305,48.89334298926619,48.20644998172418,48.86949112233834,74596400,-0.004774124330277352
2019-04-29,48.80033493041992,49.12470072433398,48.621456815525065,48.75024745696415,88818800,0.0015175368116586707
2019-04-30,47.86062240600586,48.51173764933064,47.48855655267741,48.43064712012503,186139600,-0.01925627202669644
2019-05-01,50.209877014160156,51.35230988948973,49.90220473089384,50.05723455742813,259309200,0.04908533341303767
2019-05-02,49.883140563964844,50.71790507301995,49.63986895589644,50.04770900660693,127985200,-0.006507413872038903
2019-05-03,50.50324630737305,50.52471080427624,50.140719033888494,50.29813262307989,83569600,0.01243116885579898
2019-05-06,49.72333908081055,49.809200711588794,48.53558955444818,48.72400621236716,129772400,-0.015442714747797126
2019-05-07,48.38294982910156,49.47052812168986,47.898786717614094,49.103233348565844,155054800,-0.026956943690579216
2019-05-08,48.39249038696289,48.9744410929356,48.11821207126675,48.153986237910765,105358000,0.00019718842887894716
2019-05-09,47.87255096435547,48.10151289928511,46.90422474446259,47.79622789318936,139634400,-0.010744217097525044
2019-05-10,47.2093505859375,47.60918957732427,46.15349960538394,47.266813330080936,164834800,-0.013853458089412629
2019-05-13,44.4655647277832,45.36579237166061,43.77842304776529,44.94201700800786,229722400,-0.058119542507996336
2019-05-14,45.169471740722656,45.418469654624175,44.39134823649402,44.630770853179754,146118800,0.01583038509122181
2019-05-15,45.71056365966797,45.909284861741796,44.5373943474672,44.59724999917742,106178800,0.011979150919701587
2019-05-16,45.50944900512695,46.08166888253502,45.21256366098968,45.46874760084426,132125600,-0.004399741294777937
2019-05-17,45.25086975097656,45.70577121307955,44.714561831332965,44.75526323345386,131516400,-0.005681880572126041
2019-05-20,43.83588409423828,44.137558916174555,43.163107155315394,43.93883771462418,154449200,-0.03126980021655257
2019-05-21,44.67626190185547,45.01145210514859,44.22135673647284,44.34585752053852,113459200,0.01917100168005148
2019-05-22,43.761661529541016,44.46317163112691,43.70659535573083,44.21177717624734,118994400,-0.020471730027987634
2019-05-23,43.01466369628906,43.22535309271578,42.57173044037936,43.04818271299096,146118800,-0.01706968627659844
2019-05-24,42.849456787109375,43.608425880415304,42.765657427968044,43.1439455193887,94858800,-0.0038407113989348263
2019-05-28,42.67229461669922,43.237332173533716,42.59568127428577,42.837496817068114,111792800,-0.004134525468790895
2019-05-29,42.468788146972656,42.94045102998245,42.13838374175984,42.238940810020374,113924800,-0.00476905382179571
2019-05-30,42.689048767089844,42.91171002345526,42.29878877414538,42.60524939880032,84873600,0.005186411709110494
2019-05-31,41.91571807861328,42.61483166128946,41.89656383142089,42.19344552965514,108174400,-0.01811543500760182
2019-06-03,41.49193572998047,42.59806693078556,40.76648557188118,42.042608419661796,161584400,-0.010110344473593491
2019-06-04,43.00986862182617,43.05535949284863,41.78402628112911,42.004294598391965,123872000,0.03658380514527071
2019-06-05,43.70419692993164,44.29078518409569,43.36900677323679,44.120793541794136,119093600,0.016143464984989864
2019-06-06,44.345848083496094,44.40570372515362,43.61081905035835,43.83348393703956,90105200,0.01468168273617243
2019-06-07,45.526214599609375,45.94999370524611,44.477545896123075,44.65471631575565,122737600,0.026617294901900124
2019-06-10,46.108001708984375,46.77598911152849,45.878154420674264,45.923645296205336,104883600,0.012779167222481735
2019-06-11,46.64192581176758,46.92683934948886,46.35222645142724,46.65389767491463,107731600,0.01157985779026216
2019-06-12,46.493465423583984,46.91963726898695,46.30192665352353,46.436002696576395,73012800,-0.0031829815257357064
2019-06-13,46.4838981628418,47.11597370565027,46.352218650285145,46.61558132869754,86698400,-0.00020577646030517371
2019-06-14,46.14630889892578,46.34981589780569,45.56211722534373,45.86139544719531,75046000,-0.0072624989998337774
2019-06-17,46.421653747558594,46.677837716141795,46.00984653024875,46.184624027838574,58676400,0.005966779471699546
2019-06-18,47.51342010498047,47.95395686657399,46.73769312332653,46.93880725536278,106204000,0.023518471861405654
2019-06-19,47.374542236328125,47.85578393485164,47.240466183129016,47.80789649873899,84496800,-0.0029229187952686253
2019-06-20,47.7552375793457,48.03057213210239,47.41286133169161,47.97310938789001,86056000,0.008035863251585118
2019-06-21,47.59242248535156,48.08802900374868,47.44158508352656,47.597211960109185,191202400,-0.0034093662234141453
2019-06-24,47.54454040527344,47.92282855213777,47.446376262360126,47.53496145541416,72881600,-0.001006086212418822
2019-06-25,46.8238639831543,47.70733001305536,46.75682231653016,47.50860888308862,84281200,-0.015157921729309742
2019-06-26,47.836639404296875,48.12155290184591,47.2500547257955,47.35061178611295,104270000,0.02162947127787107
2019-06-27,47.8222770690918,48.2604209170684,47.78157566069608,47.95395659195468,83598800,-0.0003002371275225846
2019-06-28,47.386512756347656,47.76480084049778,47.17821629767765,47.56847258721929,124442400,-0.009112161516578676
2019-07-01,48.2556266784668,48.95952972038265,48.04014414238902,48.64349012878817,109012000,0.018340955507487156
2019-07-02,48.538150787353516,48.633922035339324,48.21014293958858,48.22211480224925,67740800,0.00585473919485513
2019-07-03,48.94036865234375,48.94755103721536,48.52856153764481,48.66981997785124,45448000,0.008286633472139426
2019-07-05,48.89727783203125,49.100788508582276,48.57884532744974,48.68658842285855,69062000,-0.0008804760057816718
2019-07-08,47.88930130004883,48.21970194740497,47.50383083371806,48.07844351431004,101354400,-0.020614164564435655
2019-07-09,48.18140411376953,48.24604558375023,47.59960531085121,47.69297997634442,82312000,0.006099542189821117
2019-07-10,48.65785598754883,48.777567292500045,48.25802066740765,48.32745527012685,71588400,0.009888708777649136
2019-07-11,48.30351257324219,48.93558813067086,48.29393727609442,48.67701126809106,80767200,-0.007282347467124639
2019-07-12,48.674617767333984,48.84221286513295,48.41125143272195,48.47110708574294,70380800,0.007682778628760989
2019-07-15,49.13190841674805,49.289924540363614,48.84220549240544,48.86375264744867,67789600,0.009394848288278856
2019-07-16,48.96192932128906,49.34739991342239,48.72250668402115,48.98347648185129,67467200,-0.003459647730700399
2019-07-17,48.686580657958984,49.103173588115254,48.66742641412559,48.85417572487808,56430000,-0.005623729847801462
2019-07-18,49.23965072631836,49.2923239883717,48.77038084256098,48.84220835020634,74162400,0.011359805122583833
2019-07-19,48.504615783691406,49.44075887452363,48.449549617553735,49.270767248666,83717200,-0.014927704233979933
2019-07-22,49.61315155029297,49.615544461109494,48.74883581666229,48.75841111322735,89111600,0.022854232503255467
2019-07-23,50.00101852416992,50.017779860965895,49.62991273666517,49.91004041383206,73420800,0.007817825752991503
2019-07-24,49.9603271484375,50.075249004900485,49.601193150353204,49.72090448304797,59966400,-0.0008138109369262292
2019-07-25,49.565277099609375,50.09679566493992,49.495842486559184,50.01299627768614,55638400,-0.007907275059556573
2019-07-26,49.73765563964844,50.21410430811092,49.594000608507464,49.675403421281054,70475600,0.0034778084603994674
2019-07-29,50.202125549316406,50.4319728369032,49.90524388391939,49.910033358512514,86693600,0.009338395702303881
2019-07-30,49.98665237426758,50.317056746119604,49.63470084424237,49.98186289912939,135742800,-0.004292112588682229
2019-07-31,51.0065803527832,53.00097070729219,50.58998743830866,51.81582977111388,277125600,0.020404006471148817
2019-08-01,49.90285873413086,52.2013175225248,49.49823754428213,51.2125008575506,216071600,-0.021638808385477604
2019-08-02,48.84700393676758,49.42400967424095,48.274784021316925,49.20853077764251,163448400,-0.021158202639023016
2019-08-05,46.28995895385742,47.56129222006281,46.10799911526764,47.40327609986838,209572000,-0.05234804137056692
2019-08-06,47.166255950927734,47.42243990688443,46.45756339111695,47.00105375926209,143299200,0.018930606483013257
2019-08-07,47.65467834472656,47.77917913440648,46.404895585633525,46.78557668796127,133457600,0.010355335269922383
2019-08-08,48.70573043823242,48.72967415595045,47.73846488717742,47.93239657947891,108038000,0.02205559097267873
2019-08-09,48.304378509521484,48.72976393634565,47.895810765479915,48.37888091759197,98478800,-0.00824034307872512
2019-08-12,48.181819915771484,48.5591433982837,47.86217750716622,47.97513398491319,89927600,-0.0025372150006203187
2019-08-13,50.22224044799805,50.984093390193046,48.18181792423024,48.311599418361524,188874000,0.0423483491448331
2019-08-14,48.72736358642578,49.61419017383491,48.68890954638256,48.82590068884438,146189600,-0.029765236441813392
2019-08-15,48.48462677001953,49.30175490823095,47.9871372796202,48.897998510671115,108909600,-0.004981529853871902
2019-08-16,49.62861251831055,49.78723269268097,48.98932781591775,49.09507459883136,110481600,0.023594813954480154
2019-08-19,50.55390167236328,51.125890062869516,50.47699357474702,50.61878875414958,97654400,0.018644268036132283
2019-08-20,50.55630111694336,51.27489599056535,50.546689438817666,50.68127493565582,107537200,4.746309386027825e-05
2019-08-21,51.1042594909668,51.346993790769034,50.854315515628436,51.18837726179461,86141600,0.010838577228107216
2019-08-22,51.06099319458008,51.53685003904177,50.65002341946824,51.23643471626912,89014800,-0.0008466279879149052
2019-08-23,48.70093536376953,50.96246310509183,48.30679055271319,50.332790008185185,187272000,-0.046220366725280626
2019-08-26,49.6262092590332,49.794441106144575,49.28253222326784,49.47479876304336,104174400,0.01899909905944064
2019-08-27,49.06624221801758,50.1213008461803,48.91483169869876,49.955470975912974,103493200,-0.011283695639390356
2019-08-28,49.3954963684082,49.44116009127208,48.86436404932155,49.051822946314466,63755200,0.00671040078691254
2019-08-29,50.23185729980469,50.30636340005424,49.66707854342665,50.10928913577256,83962000,0.01693192685338407
2019-08-30,50.166969299316406,50.577935508818626,49.796855476567124,50.50824075026929,84573600,-0.001291769884219196
2019-09-03,49.436344146728516,49.743969139920104,49.08065343594684,49.61178566616297,80092000,-0.014563868672805125
2019-09-04,50.275115966796875,50.344810722376806,49.82569572550079,50.08284938745984,76752400,0.01696670404224987
2019-09-05,51.2580680847168,51.42389794369397,50.83267892479877,50.950443061493466,95654800,0.01955146396020435
2019-09-06,51.25326156616211,51.53204789572798,51.07301235316033,51.44312612414458,77449200,-9.37709659042385e-05
2019-09-09,51.47196960449219,52.01752496664898,50.72694165520818,51.63299180966499,109237600,0.004267202352532307
2019-09-10,52.08000564575195,52.09923266869462,50.88074988553813,51.39746283359591,127111600,0.01181295462232912
2019-09-11,53.73589324951172,53.76473561660298,52.32754595134343,52.4092617130592,177158400,0.03179507343035071
2019-09-12,53.61573028564453,54.4160372602079,53.56045488514693,54.02670011962347,128906800,-0.0022361769126872932
2019-09-13,52.57268142700195,53.06295761966519,52.156907647555165,52.87309674944196,159053200,-0.019454157447555076
2019-09-16,52.849063873291016,52.904342934889065,52.286687250476454,52.32754329567108,84632400,0.0052571495078261865
2019-09-17,53.041343688964844,53.07018606180777,52.661618173292,52.86350011447142,73274800,0.003638282338071841
2019-09-18,53.53883361816406,53.558060644423605,52.73852652761445,53.127863724624426,101360000,0.009379285941858884
2019-09-19,53.10381317138672,53.7767405072033,52.962014363244926,53.35615908872847,88242400,-0.008125325439098718
2019-09-20,52.327552795410156,53.48835829201576,52.26506771503566,53.204767926646866,221652400,-0.014617789752145782
2019-09-23,52.56547546386719,52.8346464382801,52.308318169456676,52.62075086028852,76662000,0.004546795249287916
2019-09-24,52.315528869628906,53.471530215080406,52.19776839960509,53.12064347326149,124763200,-0.00475495735618503
2019-09-25,53.12063980102539,53.2335962580172,52.1857474445808,52.52461681555622,87613600,0.015389521023534636
2019-09-26,52.8466682434082,53.09901788679732,52.591916597251874,52.87310494256668,75334000,-0.0051575349740403675
2019-09-27,52.589508056640625,53.103818957729175,52.21939431443392,53.002876179178735,101408000,-0.004866157041028885
2019-09-30,53.82722091674805,53.973823753885995,53.06296236123528,53.08939905865949,103909600,0.023535357257465916
2019-10-01,53.976226806640625,54.84863417143314,53.882497362527516,54.09158894337955,139223200,0.002768225580938699
2019-10-02,52.62315368652344,53.733487563158945,52.37560808292696,53.60851376014331,138449200,-0.025067945652524237
2019-10-03,53.07017517089844,53.10382154299348,51.70268392792921,52.49577750833809,114426000,0.008494768045220313
2019-10-04,54.557830810546875,54.6731929479549,53.80799525329293,54.22857675291312,138478800,0.028031858475270566
2019-10-07,54.56985092163086,55.259603442439,54.276645225102136,54.37999002003267,122306000,0.00022031871328831443
2019-10-08,53.9305534362793,54.81017031883332,53.913732086335266,54.27182844576076,111820000,-0.011715214070671998
2019-10-09,54.5626335144043,54.74528471456468,54.22857181467111,54.5626335144043,74770400,0.011720259442021597
2019-10-10,55.29805374145508,55.38217150680817,54.62752828997779,54.77893513356194,113013600,0.013478459152024502
2019-10-11,56.768890380859375,57.11256378651316,55.83159227355159,55.98540478852595,166795600,0.02659834370086811
2019-10-14,56.687164306640625,57.230317516335425,56.39876635191698,56.45404174033743,96427600,-0.0014396278255652817
2019-10-15,56.55500030517578,57.11497135397821,56.44925350323164,56.81215396701269,87360000,-0.0023314625644338394
2019-10-16,56.326663970947266,56.535755506211274,56.04547569991516,56.08633173924336,73903200,-0.004037420793853608
2019-10-17,56.54537582397461,56.754463724015515,56.12239235171388,56.49971210622329,67585200,0.003882918632286625
2019-10-18,56.816959381103516,57.09814772935947,56.30745241628178,56.37955283902993,97433600,0.004802931330306182
2019-10-21,57.80231857299805,57.91768071421455,57.03566163738293,57.083727362633255,87247200,0.01734269490356155
2019-10-22,57.67013931274414,58.20848130833189,57.58842354511688,57.95853733426326,82293600,-0.0022867466827819483
2019-10-23,58.44400405883789,58.458427076554564,57.97295482779117,58.184448414812785,75828800,0.013418811803056263
2019-10-24,58.540138244628906,58.8333439248231,58.11474907464559,58.763645508761726,69275200,0.0016448939003945728
2019-10-25,59.26112365722656,59.29717202603743,58.37189511049562,58.439187843728526,73477200,0.012316086606847243
2019-10-28,59.85475158691406,59.902817306683154,59.29477696701474,59.46300881979624,96572800,0.010017156156557405
2019-10-29,58.47043991088867,60.02298808307294,58.29740403976976,59.835529194446124,142839600,-0.023127849323963168
2019-10-30,58.463226318359375,58.953506199746954,57.970548101650635,58.82372472112932,124522000,-0.00012337161376396732
2019-10-31,59.785064697265625,59.883601825447826,57.021243105367084,59.41976222287998,139162000,0.022609740552261393
2019-11-01,61.48180389404297,61.50823692360431,59.88119007430968,59.972513844449246,151125200,0.02838065335162132
2019-11-04,61.88555908203125,61.96967684280091,61.37605584677562,61.844699369305836,103272000,0.006567068017134137
2019-11-05,61.7966423034668,62.05139394165395,61.60197373719849,61.77741161321152,79897600,-0.0014367936540186088
2019-11-06,61.82307434082031,61.88315741177333,61.373654143589235,61.710117874054276,75864400,0.0004277261088672102
2019-11-07,62.53659439086914,62.75836715496231,62.218401564449074,62.37026665689407,94940400,0.011541322680190813
2019-11-08,62.70775604248047,62.780069259509496,61.914686765954706,62.358224995286456,69986400,0.0027369838936468494
2019-11-11,63.204322814941406,63.26940470655906,62.25938848011843,62.264206908852415,81821200,0.007918745683142436
2019-11-12,63.146453857421875,63.34653263881731,62.89576319221143,63.04762091279184,87388800,-0.0009155854369164995
2019-11-13,63.75151443481445,63.82624054265363,62.93193278483699,62.94639542787812,102734400,0.009581861536654745
2019-11-14,63.31037521362305,63.850333385659255,63.180204098443475,63.57794140753723,89182800,-0.006919666538156788
2019-11-15,64.06246948242188,64.06728791082074,63.39957143680535,63.56107338652864,100206400,0.011879478936289711
2019-11-18,64.38546752929688,64.46501204164511,63.69364434245913,64.07209319455887,86703200,0.005041923133538129
2019-11-19,64.19022369384766,64.60242366565966,63.97327672744023,64.5783168124191,76167200,-0.0030324208698240263
2019-11-20,63.44294738769531,64.13958901338246,62.77040525583335,64.00942526376622,106234400,-0.011641590621594422
2019-11-21,63.15851974487305,63.64062743076924,62.95844093565361,63.563488435494776,121395200,-0.004483203484922371
2019-11-22,63.10308074951172,63.440554690647915,62.876489526953094,63.298333792468384,65325200,-0.0008777754067902377
2019-11-25,64.2094955444336,64.22637107491714,63.281437000749,63.32723780841707,84020400,0.017533451327262473
2019-11-26,63.708106994628906,64.39993018161393,63.27661865903487,64.3468980545779,105207600,-0.007808635553875676
2019-11-27,64.56385803222656,64.59760910005717,63.95399212630652,64.01907401320656,65235600,0.013432372706817297
2019-11-29,64.421630859375,64.60242121725912,64.09620674390789,64.2649473538178,46617600,-0.0022028914811839106
2019-12-02,63.67679214477539,64.66270160521697,63.50564595427411,64.4264661607481,94487200,-0.011561935093284181
2019-12-03,62.54142379760742,62.56070486863775,61.779692755265934,62.26661887986274,114430400,-0.01783017499667061
2019-12-04,63.09341812133789,63.471874346050804,62.83790168645125,62.931916197819106,67181600,0.008826059437290645
2019-12-05,64.01907348632812,64.09380694214096,63.332075950010655,63.58759242350244,74424400,0.014671187463802804
2019-12-06,65.25569152832031,65.32559921087861,64.43369694330708,64.477092231049,106075600,0.019316400170275472
2019-12-09,64.34210205078125,65.2773848846026,63.8575814192928,65.08454473165352,128042400,-0.014000150119358956
2019-12-10,64.7181396484375,65.10141438333517,64.08657238840084,64.74706493312719,90420400,0.005844347412825801
2019-12-11,65.2701416015625,65.34969348345126,64.7229520666511,64.79767816395331,78756800,0.00852932355787095
2019-12-12,65.43647003173828,65.70163071358168,64.4385110100101,64.54939371100679,137310400,0.0025483080945514214
2019-12-13,66.32593536376953,66.36209195364366,65.30868828251143,65.43644647098425,133587600,0.013592807368732363
2019-12-16,67.46133422851562,67.68551992411864,66.7671052447666,66.77192367399121,128186000,0.017118474975421183
2019-12-17,67.59390258789062,67.9217322522176,67.20580211215017,67.39141826173947,114158400,0.0019651013560737507
2019-12-18,67.43238830566406,67.95306540143068,67.28293612524905,67.44685094529272,116028400,-0.0023894800572662467
2019-12-19,67.49988555908203,67.77950886281938,67.24196357196422,67.3745402255633,98369200,0.001000961928146582
2019-12-20,67.36006164550781,68.13384213651304,67.14793316484396,68.03260367934506,275978000,-0.002071468898296569
2019-12-23,68.45928192138672,68.51954537378231,67.58425541558223,67.62282490788083,98572000,0.016318575859738838
2019-12-24,68.52436828613281,68.6738278372129,68.19895150700309,68.62561412958978,48478800,0.0009507310465342034
2019-12-26,69.8839111328125,69.90078666508992,68.628022839031,68.6569481192903,93121200,0.019840282817387367
2019-12-27,69.85739135742188,70.86258898425908,69.45242272121374,70.17558415289048,146266000,-0.00037948327391446046
2019-12-30,70.27200317382812,70.55403936484663,68.75336713216096,69.77543291987965,144114400,0.005935117363385478
2019-12-31,70.78545379638672,70.79268511683624,69.78990032835488,69.88873327875099,100805600,0.007306617135824256
2020-01-02,72.40052032470703,72.46078378305016,71.15668166173941,71.40978524422886,135480400,0.022816361861096812
2020-01-03,71.69664764404297,72.45596582996416,71.47246932030643,71.62915285765841,146322800,-0.009721928482105957
2020-01-06,72.26792907714844,72.30649856939735,70.5685026643333,70.81920068576198,118387200,0.00796803549228331
2020-01-07,71.92806243896484,72.53310260522755,71.70870255084994,72.27758611058375,108872000,-0.0047028694819907235
2020-01-08,73.0851058959961,73.38642316119072,71.63155170295238,71.63155170295238,132079200,0.016086120184497732
2020-01-09,74.63749694824219,74.83033706552648,73.81068409472688,74.06137477592067,170108400,0.021240867523065976
2020-01-10,74.80621337890625,75.37028567561227,74.30482477296201,74.87130260503702,140644800,0.0022604781452018052
2020-01-13,76.40442657470703,76.43094632364196,75.0039042885127,75.1220256778742,121532000,0.021364711881693088
2020-01-14,75.3727035522461,76.55146021431688,75.24977111147209,76.34174457661803,161954400,-0.01350344566033923
2020-01-15,75.0496826171875,76.05246721987251,74.61819429330173,75.17262239843001,121923600,-0.004285648780459117
2020-01-16,75.98979187011719,76.10068190640935,75.23047392822782,75.59205460116348,108829200,0.0125264920536039
2020-01-17,76.83109283447266,76.83349837052724,75.93195936574989,76.23809509330889,137816400,0.011071236591796874
2020-01-21,76.31041717529297,76.90099467937888,76.17301471865545,76.459869381581,110843200,-0.006776887324789871
2020-01-22,76.58280181884766,77.13480977194556,76.48878729766383,76.79492300181599,101832400,0.003569429360201104
2020-01-23,76.95162963867188,77.03117417903718,76.0886526637108,76.63584965719392,104472000,0.004816065892922827
2020-01-24,76.72985076904297,77.93993845348767,76.53941616685312,77.19749582877215,146537600,-0.002882055528521943
2020-01-27,74.47358703613281,75.15335327614349,73.49249613883003,74.74115326828117,161940000,-0.029405292859248644
2020-01-28,76.58039093017578,76.7515370876536,75.25459488094803,75.35342783283777,162234000,0.02828927647893198
2020-01-29,78.18340301513672,79.02950436307852,77.46988569545148,78.20992276333985,216229200,0.0209324092693981
2020-01-30,78.07010650634766,78.1231386457578,76.83591201430718,77.26740045058162,126743200,-0.0014491120163588889
2020-01-31,74.60856628417969,77.78324080814086,74.31448034488959,77.36139664518089,199588400,-0.04433886896114991
2020-02-03,74.4036636352539,75.5679502030693,72.85127664058147,73.35266528651083,173788400,-0.00274636893765412
2020-02-04,76.8600082397461,77.05044280806926,75.60170706629567,76.00667569866678,136616400,0.033013758791957226
2020-02-05,77.48677062988281,78.28465836318001,76.88413594573808,77.98574655750554,118826800,0.008154596967797412
2020-02-06,78.39311981201172,78.39553270453209,77.19990767879175,77.75674147890366,105425600,0.011696824822628127
2020-02-07,77.32754516601562,78.141823360646,76.83704482888538,77.89294895065062,117684000,-0.013592706203699567
2020-02-10,77.69479370117188,77.69479370117188,75.8342789707218,75.91401226143752,109348800,0.004749258939590106
2020-02-11,77.22604370117188,78.26262078747321,77.00858188468877,78.19013597325772,94323200,-0.0060332227897135215
2020-02-12,79.06001281738281,79.06484268174145,77.67549348632544,77.67549348632544,113730400,0.023748065138588847
2020-02-13,78.49700927734375,78.82320573508036,78.12974054369347,78.3327054260137,94747600,-0.007121217414162606
2020-02-14,78.5163345336914,78.76520890109116,78.00891869878639,78.46558778851511,80113600,0.00024619098900169334
2020-02-18,77.07865142822266,77.25987082813228,76.01791033464364,76.19912973455325,152531200,-0.0183106243306842
2020-02-19,78.19499969482422,78.42454732896218,77.32031481331299,77.32031481331299,93984000,0.014483235577118725
2020-02-20,77.39277648925781,78.44385067885128,76.88777921917897,77.95576899229526,100566000,-0.010259264770091203
2020-02-21,75.64097595214844,77.42901329626612,75.0248329307541,76.98683382307465,129554000,-0.022635194349856724
2020-02-24,72.04801940917969,73.49777501677713,69.8854717188165,71.82572767869755,222195200,-0.0475001346524363
2020-02-25,69.60758972167969,73.09908711151304,69.13642361597664,72.71732141374063,230673600,-0.03387226612906813
2020-02-26,70.71180725097656,71.97551316759632,69.22580967000033,69.23305815092856,198054800,0.015863464511729264
2020-02-27,66.08952331542969,69.10501764925158,65.95421338126829,67.92105203842019,320605600,-0.06536792249052636
2020-02-28,66.05084228515625,67.27105731603613,61.94562123770189,62.160671794936235,426510000,-0.0005852823311922606
2020-03-02,72.20024108886719,72.83571844288954,67.10435128397388,68.20616489725688,341397200,0.0931009899489641
2020-03-03,69.90719604492188,73.45426192334152,69.05666829287019,73.37452863350472,319475600,-0.031759520596654656
2020-03-04,73.14981842041016,73.3092923901448,70.82779719372856,71.6275782870545,219178400,0.04638467223609699
2020-03-05,70.77706909179688,72.37904277817594,70.41221158595323,71.40529059680607,187572800,-0.03243684509203426
2020-03-06,69.83715057373047,70.2696631046371,67.95247104471461,68.13852037839982,226176800,-0.013279986443735736
2020-03-09,64.31359100341797,67.19376858532901,63.54763339444034,63.728852881306615,286744800,-0.07909199509050713
2020-03-10,68.94552612304688,69.21131605967966,65.0867606135554,66.96419837707879,285290000,0.07202109301255999
2020-03-11,66.551025390625,67.9500415324096,65.68841908631278,67.02461750309321,255598800,-0.03473032794250375
2020-03-12,59.97880172729492,65.23899909398826,59.92322879744106,61.8417392125565,418474000,-0.09875465666763272
2020-03-13,67.16475677490234,67.6359302649127,61.119275269390535,64.00429300943405,370732000,0.11980824625806519
2020-03-16,58.52421951293945,62.60044418179931,57.99022457275424,58.46139441002403,322423600,-0.12864689275837038
2020-03-17,61.09752655029297,62.24524591333619,57.60361433805932,59.804826482410455,324056000,0.043969950539614944
2020-03-18,59.60186004638672,60.40647473225053,57.29433197423103,57.934642818544056,300233600,-0.024479984515822895
2020-03-19,59.14519119262695,61.09269547807698,58.62086339938416,59.775834978401704,271857200,-0.007661989968171357
2020-03-20,55.39031982421875,60.84864774255849,55.09070239617697,59.72508515259065,401693200,-0.06348565779725279
2020-03-23,54.21360778808594,55.211524041383235,51.37208822817037,55.11004159498472,336752800,-0.021244001476559582
2020-03-24,59.652618408203125,59.848334846629584,56.612963377579604,57.110712267138126,287531200,0.10032556109118551
2020-03-25,59.32399368286133,62.399890444761496,59.02920978154729,60.587696143364745,303602000,-0.0055089740251302866
2020-03-26,62.445796966552734,62.50378482179249,59.526955709117544,59.5656167372231,252087200,0.05262294545408008
2020-03-27,59.86040496826172,61.82482113234886,59.69368249851185,61.07094946417779,204216800,-0.04140217795083634
2020-03-30,61.56869888305664,61.74025490515105,60.2615017965214,60.5852833250574,167976400,0.028537961206588358
2020-03-31,61.443050384521484,63.42438208826982,60.88972867869349,61.759583420299464,197002000,-0.002040785347337204
2020-04-01,58.21009063720703,60.0971881377315,57.77999687313771,59.560778398378844,176218400,-0.05261717520666731
2020-04-02,59.18143081665039,59.234588810411715,57.24117510511811,58.072368803656616,165934000,0.016686800669959645
2020-04-03,58.33091354370117,59.3674871060243,57.741345715951596,58.66677342106095,129880000,-0.014371353669771825
2020-04-06,63.419559478759766,63.57419624282321,60.256676873255664,60.62394564001491,201820400,0.08723754911272241
2020-04-07,62.68500900268555,65.64976368215225,62.58111162954673,65.43229446081726,202887200,-0.01158239637915226
2020-04-08,64.28943634033203,64.60354721400684,63.119967298776004,63.484817571524864,168895200,0.02559507230154101
2020-04-09,64.75333404541016,65.25592013573771,63.95839000283478,64.92489377394622,161834800,0.007215768740331807
2020-04-13,66.02427673339844,66.13301133720609,64.23140932290158,64.83064420547504,131022800,0.019627447863873604
2020-04-14,69.35871887207031,69.64867293181604,67.1840855454915,67.6552590491188,194994800,0.0505032740023208
2020-04-15,68.72566986083984,69.18475770892147,67.8074941646766,68.23516945822269,131154400,-0.009127172784118232
2020-04-16,69.27173614501953,69.63659364674618,68.22308052874929,69.43845862105105,157125200,0.007945594204980422
2020-04-17,68.33180236816406,69.33455576393993,66.89654391550201,68.78847886393716,215250000,-0.013568791965712035
2020-04-20,66.9134521484375,68.06117506076643,66.8941253228232,67.15991526149827,130015200,-0.020756809722135672
2020-04-21,64.84513854980469,66.99077762058634,64.1347578473476,66.75640021366904,180991600,-0.030910280851219052
2020-04-22,66.71290588378906,67.14782951135057,65.77056644151477,66.11125243793057,116862400,0.028803505949020813
2020-04-23,66.45436096191406,68.07808706003861,66.41569993888298,66.6573258024501,124814400,-0.003875485836659198
2020-04-24,68.37290954589844,68.3825766505781,66.93040203029196,66.97873017984996,126161200,0.028870168281114328
2020-04-27,68.42121124267578,68.75223755503086,67.64317552817161,68.09017755648323,117087600,0.0007064449516356319
2020-04-28,67.3121566772461,69.06394488685403,67.2203450064915,68.88272541689459,112004800,-0.016209221457598955
2020-04-29,69.52302551269531,69.99178036647727,68.59518290617446,68.79814778505363,137280800,0.032845015589829885
2020-04-30,70.98969268798828,71.16608226501852,69.67283584195576,70.06185003558508,183064000,0.02109613562524193
2020-05-01,69.84681701660156,72.24616099497416,69.06878114170213,69.1654300495363,240616800,-0.016099177614556703
2020-05-04,70.83506774902344,70.96312921364829,69.18234705743826,69.87098252239187,133568000,0.014148829891374781
2020-05-05,71.89820861816406,72.7294023781066,71.14916678667844,71.29414381435919,147751200,0.015008680063770763
2020-05-06,72.6399917602539,73.27063178737225,72.21472783850132,72.59891211487862,142333600,0.010317129680230241
2020-05-07,73.39146423339844,73.7369949485584,72.9637889533335,73.2658213930559,115215200,0.010345161872054476
2020-05-08,75.1382827758789,75.19158466112692,73.72336874196486,74.05044815626871,133838400,0.023801385634237615
2020-05-11,76.32061767578125,76.81486350373997,74.4380975285037,74.64646215282984,145946400,0.015735452770846425
2020-05-12,75.44841003417969,77.45448798811958,75.32727004325628,77.00384337710936,162301200,-0.011428204699637012
2020-05-13,74.53743743896484,76.54836579208815,73.46171369194431,75.62769739388037,200622400,-0.01207411255985591
2020-05-14,74.99534606933594,75.0559160635201,73.05468108965971,73.77667808210235,158929200,0.006143337443631047
2020-05-15,74.55196380615234,74.5979975896763,72.7348641211466,72.76878686428954,166348400,-0.005912130371045543
2020-05-18,76.30850982666016,76.68162311206635,75.18433442581173,75.8748339325949,135178400,0.02356136486324001
2020-05-19,75.86756134033203,77.17102150533867,75.83606375790906,76.32546668705436,101729600,-0.005778496884944695
2020-05-20,77.34305572509766,77.41331160943199,76.68647152801736,76.72523721961544,111504800,0.019448290662022805
2020-05-21,76.76640319824219,77.74521626092047,76.52896618682993,77.20492931373624,102688800,-0.007455776364785449
2020-05-22,77.26068115234375,77.3430554740474,76.40300778879455,76.5047612593345,81803200,0.006438727535861499
2020-05-26,76.73736572265625,78.55688393734103,76.68163864733704,78.3775990597584,125522000,-0.0067733732330889085
2020-05-27,77.07169342041016,77.21706291080646,75.85545038481993,76.59440888025136,112945200,0.004356778403916461
2020-05-28,77.10562133789062,78.36305531429218,76.47084882755918,76.74704422339656,133560800,0.0004402124304625499
2020-05-29,77.03050994873047,77.8082267406315,76.67435802451047,77.34789618259597,153532400,-0.0009741363581132756
2020-06-01,77.97782135009766,78.09896135300481,76.8536385740957,76.98447184749915,80791200,0.012297872648093566
2020-06-02,78.33882141113281,78.36305089208805,77.2703656270627,77.71131704152964,87642800,0.004629522276781373
2020-06-03,78.77007293701172,79.03173947926652,78.08684155798949,78.65862620653965,104491200,0.005504952948112818
2020-06-04,78.09168243408203,78.89120338502829,77.71856920653472,78.59320375117642,87560400,-0.008612287352738113
2020-06-05,80.3157958984375,80.37636588026136,78.31214356147102,78.34121596973901,137250400,0.028480798402990892
2020-06-08,80.79067993164062,80.82460267780965,79.30308470158906,80.01296326734492,95654400,0.005912710294294188
2020-06-09,83.3418960571289,83.7343884798814,80.43938634656227,80.47088393003234,147712400,0.031578099449675934
2020-06-10,85.486083984375,85.95368266276594,83.85069379935202,84.2892200574616,166651600,0.025727611545774076
2020-06-11,81.3818359375,85.05480096655532,81.2800824962617,84.63081104253492,201662400,-0.048010715377080126
2020-06-12,82.08446502685547,84.26498513269779,80.97482582626513,83.51876594974783,200146000,0.008633733575328595
2020-06-15,83.099609375,83.75134312369018,80.57747385342842,80.73980469603605,138808800,0.01236707028318218
2020-06-16,85.30192565917969,85.57328542706455,83.51874869015089,85.1517132659384,165428800,0.02650212559052334
2020-06-17,85.1832275390625,86.10631378252053,85.06208753447432,86.04574378022643,114406400,-0.0013915057508951945
2020-06-18,85.21715545654297,85.63387739334637,84.60903023062069,85.1396240743936,96820400,0.0003982934018895712
2020-06-19,84.73015594482422,86.38735014117718,83.62293464807695,85.92217671437545,264476000,-0.005714806004843642
2020-06-22,86.94700622558594,87.08995051171077,85.07660467814306,85.12263846107449,135445200,0.026163651607171712
2020-06-23,88.8028793334961,90.22021867227018,87.77076426941889,88.18991128978877,212155600,0.021344876476770747
2020-06-24,87.23534393310547,89.35045118216385,86.86223062980297,88.43220783059057,192623200,-0.017651853320023614
2020-06-25,88.3934097290039,88.43217540547836,86.63203728063971,87.39037465274075,137522400,0.013275190349297805
2020-06-26,85.67745208740234,88.50970503609403,85.52965748660716,88.28922941444655,205256800,-0.030725793358669318
2020-06-29,87.65206146240234,87.74655421504602,85.10812136493809,85.5854132789762,130646000,0.02304701326768721
2020-06-30,88.38372802734375,88.66962400453063,87.22078715611465,87.24016629998945,140223200,0.008347397114615962
2020-07-01,88.21656036376953,89.00397030229519,88.16810880383152,88.46126551068063,110737200,-0.0018913850694609602
2020-07-02,88.21656036376953,89.75746488824406,88.10269587070599,89.12269252080957,114041600,0.0
2020-07-06,90.57636260986328,91.04396114826625,89.61208572768216,89.64358330482388,118655600,0.026750104927724117
2020-07-07,90.29532623291016,91.73204473813118,90.183879512503,90.95432807349727,112424400,-0.0031027562694654343
2020-07-08,92.39832305908203,92.42982064230873,91.18449788463136,91.27172253001288,117092000,0.023290206856857232
2020-07-09,92.79564666748047,93.34319433054527,91.74899550161554,93.28989244541889,125642800,0.004300117093514633
2020-07-10,92.95797729492188,93.01612951561695,91.78050018746696,92.39104305128085,90257200,0.0017493345137524763
2020-07-13,92.52915954589844,96.86839541410872,92.31595195399946,94.26146013937891,191649200,-0.004613027967066863
2020-07-14,94.06036376953125,94.25175963929699,90.97856198164641,91.91133403395911,170989200,0.016548342502487268
2020-07-15,94.70724487304688,96.18272909779543,93.51038115292206,95.93318100843004,153198000,0.00687729748845789
2020-07-16,93.54188537597656,94.39713348994569,92.94345347342261,93.58065106367306,110577600,-0.01230486113953011
2020-07-17,93.3528823852539,94.14756028670367,92.88043354830123,93.99250497104849,92186800,-0.0020205172256576587
2020-07-20,95.3202133178711,95.45831468469305,93.09608481622666,93.44012565034129,90318000,0.02107413164275207
2020-07-21,94.00462341308594,96.18514302833793,93.75507535287011,96.11003683309417,103433200,-0.013801793544019558
2020-07-22,94.26872253417969,94.94952872983103,93.61941392094188,93.70663117027293,89001600,0.0028094269356648827
2020-07-23,89.97795104980469,94.07974983333283,89.168736705882,94.00221845583387,197004400,-0.04551638517026968
2020-07-24,89.75504302978516,90.09908386887433,86.39219558540321,88.17780532258647,185438800,-0.00247736270295984
2020-07-27,91.88226318359375,91.97433076494785,90.59333922603253,90.81623268150157,121214000,0.02370028559958115
2020-07-28,90.37285614013672,91.63028980605597,90.3680058085899,91.45342276195278,103625600,-0.01642762151429622
2020-07-29,92.10518646240234,92.2893216699513,90.81867996372323,90.8550204931604,90329200,0.01916870171259588
2020-07-30,93.21965026855469,93.32382888856975,90.87195660039106,91.27898520449537,158130000,0.012099902828026643
2020-07-31,102.97868347167969,103.12889587437893,97.71151174507618,99.70790378289954,374336800,0.10468858416664717
2020-08-03,105.57350158691406,108.19012242087766,104.56077304212948,104.85877268635082,308151200,0.02519762369993761
2020-08-04,106.2785415649414,107.36880152265259,105.04048696818748,105.76248400195036,173071600,0.0066781907148065756
2020-08-05,106.66377258300781,106.98358396526419,105.53474686841106,105.99992773294753,121776800,0.0036247300009382144
2020-08-06,110.38516998291016,110.8794231758555,106.406937145771,106.99567567916016,202428800,0.03488904723491082
2020-08-07,107.87547302246094,110.36331995262405,107.07936230109387,109.90701123297559,198045600,-0.022735816422058908
2020-08-10,109.44344329833984,110.46042737696229,106.79540187658976,109.31965534861051,212403600,0.014535002553846876
2020-08-11,106.18860626220703,109.20557448641424,105.92889749318043,108.70800797992307,187902400,-0.029739899787876833
2020-08-12,109.71773529052734,109.97501457851946,107.08425578636121,107.27842631827305,165598000,0.03323453572416213
2020-08-13,111.65946197509766,112.66188375277733,110.60849386446708,111.09635710424106,210082000,0.01769747324285098
2020-08-14,111.55994415283203,111.64974819993897,109.75170070282874,111.48470252378944,165565200,-0.0008912618823814222
2020-08-17,111.2686767578125,112.70556367842538,110.64247058340116,112.68129051352851,119561600,-0.0026108599930859677
2020-08-18,112.19586181640625,112.62061629597079,110.68616274132592,111.02111317320909,105633600,0.008332848790966185
2020-08-19,112.33662414550781,113.74923783578949,112.24196843606359,112.60361413274605,145538000,0.001254612485903417
2020-08-20,114.829345703125,114.94342292138063,112.36091202603218,112.37790398361146,126907200,0.022189749572574025
2020-08-21,120.74676513671875,121.22976923366335,115.77592204362502,115.78805492165831,338054800,0.05153229252818692
2020-08-24,122.19093322753906,125.03315266970756,120.32686973134855,124.94819288976294,345937600,0.011960304602654181
2020-08-25,121.18850708007812,121.53316822878249,119.4676456893335,121.06472653687041,211495600,-0.008203768651101617
2020-08-26,122.8365478515625,123.29285663343889,121.43849667426107,122.50402701142234,163022400,0.013598985672753638
2020-08-27,121.36811828613281,123.77101327398971,120.22491675397727,123.43849242247208,155552400,-0.011954337622742006
2020-08-28,121.17151641845703,122.75887903183632,120.9482136928383,122.34140581995463,187630000,-0.00161988066101737
2020-08-31,125.28071594238281,127.1836224608346,122.32928572568825,123.8632579117057,225702700,0.03391225632379613
2020-09-01,130.2709503173828,130.87289803905446,126.72729105741708,128.89232070779244,151948100,0.0398324222324451
2020-09-02,127.57195281982422,133.96026120747115,123.30014277535787,133.5816235663219,200119000,-0.02071833736518347
2020-09-03,117.35842895507812,125.08653127360425,116.9895020715435,123.21276461682936,257599600,-0.08006088829863045
2020-09-04,117.43609619140625,120.09627025828247,107.65946373638324,116.5720249717954,332607200,0.0006617951264313859
2020-09-08,109.53325653076172,115.52350643380636,109.39733569135389,110.63033399373361,231366600,-0.06729480898074036
2020-09-09,113.90215301513672,115.66913123084257,111.90216871799983,113.8439033465614,176940500,0.039886484002673805
2020-09-10,110.18373107910156,116.98951312845449,109.22257449751976,116.85359229498353,182274400,-0.03264575635845102
2020-09-11,108.73712158203125,111.87302575822105,106.7953872680664,111.23224987919093,180860300,-0.013129066177944071
2020-09-14,111.9992446899414,112.55263871695288,109.51382694155708,111.37789025284532,140150100,0.030000087002939546
2020-09-15,112.17401123046875,115.36816560750079,110.30023700342959,114.88273194668369,184642000,0.0015604260636861156
2020-09-16,108.86334991455078,112.62060910915572,108.7759754111815,111.87304453196484,154679000,-0.029513621556387037
2020-09-17,107.12548065185547,108.93129419191115,105.54296982143195,106.52354774325607,178011000,-0.015963768008787182
2020-09-18,103.72747039794922,107.64977561825025,102.99931984136902,107.183763410032,287104900,-0.031719906722746605
2020-09-21,106.87307739257812,106.97987339137704,100.09642017457678,101.49447149912258,195713800,0.030325688870660894
2020-09-22,108.55267333984375,109.5720869949024,105.97988085188311,109.3973305799532,183055400,0.015715800351626008
2020-09-23,103.99930572509766,108.84393137946276,103.65949625131259,108.36820848614498,150718700,-0.041946158253431065
2020-09-24,105.06727600097656,107.03813572764626,101.9410816453774,102.1061273331871,167743300,0.010269013513435121
2020-09-25,109.00897216796875,109.16431448128618,104.53327361353669,105.2711347875361,149981400,0.03751592614769561
2020-09-28,111.61089324951172,111.96040603666982,109.49440244155606,111.65943957272272,137672400,0.023868870880956017
2020-09-29,110.76624298095703,111.95070223231198,110.26139526105185,111.21284844222973,99382200,-0.007567812101157867
2020-09-30,112.43614196777344,113.84390402616219,110.30994757365427,110.4749932403561,142675200,0.015075883607458707
2020-10-01,113.38761138916016,114.29051842202628,112.45557951767428,114.21284724761975,116120400,0.008462309402784696
2020-10-02,109.72742462158203,112.00896881944756,108.9507351859753,109.60121453266758,144712000,-0.03228030578240082
2020-10-05,113.10604095458984,113.25167253166546,110.24198536966455,110.59149819179417,106243800,0.030790992722737
2020-10-06,109.86335754394531,112.73712413305032,108.97986466252809,112.32935419932602,161498200,-0.02866940954945474
2020-10-07,111.72740173339844,112.18371051307483,110.80507342782535,111.28080369994235,96849000,0.01696693266185223
2020-10-08,111.62063598632812,113.00897678679443,111.25170160129653,112.86334518255202,83477200,-0.0009555914253253084
2020-10-09,113.56233215332031,113.59145698279072,111.5720515253858,111.92156429328776,100506900,0.01739549456813716
2020-10-12,120.77589416503906,121.53316947743221,115.80505089927543,116.56232621166858,240226800,0.06352072799966568
2020-10-13,117.57201385498047,121.73703494031142,116.16425940876682,121.62052821230519,262330500,-0.026527481598939917
2020-10-14,117.65939331054688,119.44578532679022,116.13513216796562,117.47492618014813,150712000,0.0007431994460365132
2020-10-15,117.19338989257812,117.66911279151616,114.70797199610067,115.26136605608602,112559200,-0.003960613809547597
2020-10-16,115.55260467529297,118.00890478128451,115.34872346310462,117.74676650337912,115393800,-0.014000663508318412
2020-10-19,112.60118865966797,116.9118342796432,112.29051143113706,116.46523622657561,120639300,-0.02554175238125167
2020-10-20,114.08661651611328,115.513792607474,112.2613812832418,112.81477533834804,124423700,0.013191937617416771
2020-10-21,113.46527862548828,115.25167113205254,113.05750867757199,113.27110069621133,89946000,-0.005446194388079251
2020-10-22,112.37789154052734,114.60117857735534,111.25168190141596,114.02836301066806,101988000,-0.009583434669473201
2020-10-23,111.6885757446289,113.15458745033783,110.95071451824744,112.99924512599237,82572600,-0.006133909316583419
2020-10-26,111.69829559326172,113.15459667058127,109.59150773865373,110.68859262413119,111850700,8.702634596247094e-05
2020-10-27,113.203125,113.86331505621116,111.20314074462335,112.12546171107986,92276800,0.01347226829868542
2020-10-28,107.96044921875,112.06722147724142,107.86336396260268,111.69829454102945,143937800,-0.046312111801242284
2020-10-29,111.96040344238281,113.52350020230705,108.93129515957777,109.09634821039327,146129200,0.03705018136343696
2020-10-30,105.68860626220703,108.72741799712837,104.58181822292556,107.82451118538518,190272600,-0.05601799374904348
2020-11-02,105.60123443603516,107.4555945603439,104.19347979423505,105.9313331743507,122866900,-0.0008266910621861356
2020-11-03,107.22260284423828,108.24200921576619,105.56242040449504,106.46532742335162,107624400,0.015353688021376488
2020-11-04,111.60120391845703,112.22255845771816,109.07695017681739,110.81480370001444,138235500,0.0408365489931215
2020-11-05,115.56232452392578,116.13514003797306,113.46525517113334,114.513786143965,126387100,0.03549352933829453
2020-11-06,115.43103790283203,115.92702909027747,112.94132478624495,115.07119461202119,114457900,-0.001136067672873553
2020-11-09,113.12613677978516,118.64045065602376,112.86355358468761,117.19136449216022,154515300,-0.019967776127830517
2020-11-10,112.78572845458984,114.36124218625869,110.99624681601809,112.37726248118744,138023400,-0.003009104128234852
2020-11-11,116.20909118652344,116.34524653114283,113.24284127027532,113.97224808212631,112295000,0.03035280064987944
2020-11-12,115.936767578125,117.22052312713384,115.31434109496367,116.33551348572685,103162300,-0.0023433933233445448
2020-11-13,115.98538970947266,116.38412816982795,114.63355658842221,116.16044760960408,81581900,0.0004193849144094042
2020-11-16,116.99683380126953,117.66788289766848,114.90586651270257,115.65472076865481,91183000,0.008720443965661628
2020-11-17,116.11183166503906,117.35668469756249,115.69363815380922,116.26744200405916,74271000,-0.007564325524686666
2020-11-18,114.78915405273438,116.53000547162844,114.7599789740788,115.35323030643576,76322100,-0.0113914111364668
2020-11-19,115.3824234008789,115.7908894056509,113.60266912591757,114.36125096903965,74113000,0.00516833975335329
2020-11-20,114.11809539794922,115.50883100676269,114.06947274108221,115.38240319501891,73604300,-0.010957717524591848
2020-11-23,110.72392272949219,114.39041080457727,110.6266699980908,113.96248988252185,127959300,-0.02974263333629057
2020-11-24,112.00767517089844,112.66900411514756,109.49851469831438,110.782277431187,113874200,0.011594174138343849
2020-11-25,112.84408569335938,113.54431736019659,112.00769869351593,112.37726952874067,76499200,0.007467439362389694
2020-11-27,113.3886947631836,114.26398425207363,113.02885888768483,113.36924718338975,46691300,0.004826208360659168
2020-11-30,115.7811508178711,117.64843004399634,113.60265096748358,113.75826127961471,169410200,0.02109959956487928
2020-12-01,119.35037994384766,120.0797865936806,116.71479147284033,117.68733367261757,127728200,0.030827376483682833
2020-12-02,119.70051574707031,119.98255392256038,117.57064559900594,118.66961579736986,89004200,0.0029336798373611472
2020-12-03,119.56434631347656,120.38127824003541,118.85438720785504,120.1284151780445,78967600,-0.001137584351611931
2020-12-04,118.89331817626953,119.48656968264375,118.18335890113129,119.2337065602768,78260400,-0.005612276216922729
2020-12-07,120.35211181640625,121.14959622013072,118.89329833984375,118.95164850453536,86712000,0.012269769760937521
2020-12-08,120.96480560302734,121.54833690448348,119.7102251767506,120.9550855226028,82225500,0.005090843670078282
2020-12-09,118.43618774414062,122.49168693103906,117.67760601650876,121.11067878997038,115089200,-0.020903748377730125
2020-12-10,119.85610961914062,120.46881600995408,116.85095750767795,117.1913458248472,81312200,0.011988919113704366
2020-12-11,119.04890441894531,119.38929273400028,117.23997517904313,119.0683519998447,86939800,-0.0067347855921597866
2020-12-14,118.43618774414062,119.96307869896347,118.20277969407886,119.23367205010081,79184500,-0.0051467644981298966
2020-12-15,124.36872100830078,124.38817601169539,120.72168696233577,120.92591997852064,157243700,0.050090545610741
2020-12-16,124.3006362915039,124.84525763713049,123.08495834508075,123.91162528457596,98208600,-0.0005474424456960447
2020-12-17,125.16617584228516,126.02201771109635,124.52429444067675,125.36068131070151,94359800,0.006963275302561023
2020-12-18,123.18220520019531,125.5552106694522,122.65703149372492,125.41905534776451,192541500,-0.01585069311848064
2020-12-21,124.70909118652344,124.78689634893868,120.06034032088816,121.5872313887212,121251600,0.012395345446581718
2020-12-22,128.2588653564453,130.71939584455194,126.09008564573021,127.99627481697722,168904800,0.028464437806002385
2020-12-23,127.36412811279297,128.79375143883854,127.18906280686316,128.5311757396674,88223700,-0.0069760265005134325
2020-12-24,128.346435546875,129.79552922137646,127.50032831643357,127.71428885467729,54930100,0.007712591046139083
2020-12-28,132.9368133544922,133.56895993255333,129.84412103088945,130.3109520335808,124486200,0.035765526234195155
2020-12-29,131.16677856445312,134.97914269594398,130.6513323196226,134.25947087325437,121047300,-0.013314857979324746
2020-12-30,130.04837036132812,132.25604575507535,129.7371496715403,131.85729981121693,96452100,-0.008526611809524853
2020-12-31,129.04666137695312,131.04037638768824,128.10329400367584,130.3984948026051,99116600,-0.007702587749403023
2021-01-04,125.85670471191406,129.94137947234472,123.27946608977872,129.85385422543547,143301900,-0.0247194048338919
2021-01-05,127.41277313232422,128.12273976147537,124.9036119861187,125.35098801490136,97664900,0.012363810287040256
2021-01-06,123.12384796142578,127.45166544679954,122.90988747820573,124.21309795786028,155088000,-0.03366165781859398
2021-01-07,127.32522583007812,128.015737336711,124.34924900731144,124.8355201179548,109578200,0.03412318521728319
2021-01-08,128.42420959472656,128.98828589154797,126.65417554196101,128.79376556588605,105158200,0.008631312118111412
2021-01-11,125.43850708007812,126.59583484109754,124.97169091120101,125.64274750135974,100384500,-0.023248751338011298
2021-01-12,125.26347351074219,126.12903571826018,123.37673873844398,124.97170780083064,91951100,-0.0013953735053957583
2021-01-13,127.29606628417969,127.84068762018809,124.96197060419559,125.22454635131636,88636800,0.01622654007964419
2021-01-14,125.37042999267578,127.40303981441828,125.22453974548624,127.20853432464988,90221800,-0.015127225433699265
2021-01-15,123.6490249633789,126.64445696844105,123.51286963768597,125.2439937099894,111598500,-0.013730550572391254
2021-01-19,124.32008361816406,125.1759255883475,123.45452156734409,124.27145353534586,90757300,0.00542712451621763
2021-01-20,128.4047393798828,128.85211530015263,125.02029683978466,125.127277070296,104319500,0.032855960540248086
2021-01-21,133.11184692382812,135.83496806730975,129.92190967683482,130.1261500695179,120150900,0.036658362975368286
2021-01-22,135.25146484375,136.01004665089906,131.31266555904966,132.53806351525557,114459400,0.01607383542012042
2021-01-25,138.99569702148438,141.10611132243724,132.79087448406227,139.14158722134422,157611700,0.027683487066553658
2021-01-26,139.22914123535156,140.33783872046894,137.48828243304504,139.6570621664172,98390600,0.0016795067679764575
2021-01-27,138.15936279296875,140.33786298237393,136.5546738638665,139.49174105337266,140843800,-0.007683581417588958
2021-01-28,133.3258056640625,138.09127131319642,132.94651480242143,135.68909090953088,142621100,-0.03498537508564881
2021-01-29,128.33668518066406,132.98543606950525,126.63473619885515,132.10041903740844,177523800,-0.03742051629501786
2021-02-01,130.45681762695312,131.66277536673383,127.3349504556567,130.07752674070377,106239800,0.01652008109220282
2021-02-02,131.28347778320312,132.56722577893618,130.9139069960329,132.00314951845078,83305400,0.006336657380481725
2021-02-03,130.2623291015625,132.04208344252265,129.94138833452192,132.03234852121233,89880900,-0.007778196456121544
2021-02-04,133.6175994873047,133.62731956895118,130.8944778045398,132.55753183488522,84183100,0.025757795126833294
2021-02-05,133.20361328125,133.84645384942093,132.32702331519238,133.77828189570104,75693800,-0.0030982910009098585
2021-02-08,133.34974670410156,133.39844945852406,131.41149002924152,132.49262578464683,71297200,0.0010970680092814433
2021-02-09,132.47312927246094,134.29451105529114,132.31730127973145,133.06726715184539,76774200,-0.00657382149803265
2021-02-10,131.86927795410156,133.4276770274743,130.90501685547775,132.9309297060643,73046600,-0.004558292852865464
2021-02-11,131.6160125732422,132.84324151471785,130.29137814000228,132.36597838425936,64280000,-0.0019205791128054095
2021-02-12,131.84976196289062,132.00560480490336,130.2134567077312,130.85629728454018,60145100,0.0017759950714077988
2021-02-16,129.72647094726562,132.47313069680968,129.33686380627134,131.96666370650627,80576300,-0.016103866886180707
2021-02-17,127.4375991821289,128.78171806051128,126.10322977283343,127.8369410028071,97918500,-0.017643829732076455
2021-02-18,126.33695983886719,126.61941198787154,124.09676726976038,125.84021263400942,96856700,-0.008636692391613021
2021-02-19,126.49280548095703,127.31097309084008,125.45063790347744,126.85319396385569,87668800,0.0012335712549091937
2021-02-22,122.72343444824219,126.34669893995918,122.33383475744539,124.68116007602796,103916400,-0.029799094251904412
2021-02-23,122.58708190917969,123.4149766498793,115.31133387912055,120.54169271715817,158273000,-0.001111055436767483
2021-02-24,122.09033203125,122.29487019049711,119.05147088701199,121.69099774824254,111039900,-0.004052220431331466
2021-02-25,117.8437271118164,123.17148430278391,117.40543205845579,121.43777330096201,148199500,-0.03478248317275967
2021-02-26,118.10671997070312,121.60336094633784,118.04827517596726,119.40212859655537,164560400,0.0022317085969045802
2021-03-01,124.46688079833984,124.60323956834041,119.59690349547498,120.53193824590555,116307900,0.05385096486647312
2021-03-02,121.86631774902344,125.37270000855568,121.75917765120198,125.07076378614747,102260900,-0.020893614692006457
2021-03-03,118.88589477539062,122.44098002866822,118.6716145648539,121.56438254510716,112966300,-0.02445649485997292
2021-03-04,117.00607299804688,120.38583846392305,115.53534519039708,118.58394833274576,178155000,-0.015811983254155337
2021-03-05,118.26252746582031,118.76900926850234,114.51264641529035,117.83397451469976,153766600,0.010738369689532457
2021-03-08,113.33414459228516,117.85348421909974,113.18804374548343,117.7853048147253,154376600,-0.04167324155117125
2021-03-09,117.94113159179688,118.88590857647793,115.700946019303,115.93470289838993,129525800,0.04064959431321569
2021-03-10,116.86000061035156,118.99304601715157,116.34377667711071,118.52553226949556,111943300,-0.00916670008888154
2021-03-11,118.78848266601562,120.00597696289303,118.10668883216246,119.35340180320566,103026500,0.01650249910655255
2021-03-12,117.88269805908203,118.01905686222865,116.06133086091033,117.26908344492222,88105100,-0.0076251887944414065
2021-03-15,120.76570129394531,120.77544332973144,117.28853761790177,118.25279852383531,92403800,0.024456542667680825
2021-03-16,122.30461120605469,123.91170522216095,121.47671654048351,122.43122794234345,115227900,0.012742938563025108
2021-03-17,121.51570892333984,122.58710273633017,119.15863361756394,120.82417284921884,111932600,-0.0064503069421130155
2021-03-18,117.39567565917969,119.97676520351848,117.1911374972353,119.68456358302885,121229700,-0.0339053551237507
2021-03-19,116.86972045898438,118.27227638684158,116.56778422545804,116.78206442899135,185549500,-0.004480192283421558
2021-03-22,120.18131256103516,120.64883370339138,117.13270910784668,117.20088850037816,111912300,0.028335757876763124
2021-03-23,119.3534164428711,121.0092059173222,118.96381673388366,120.12287382459728,95467100,-0.006888725880270341
2021-03-24,116.96712493896484,119.70405755554833,116.94764829711929,119.62613612617307,88530500,-0.01999349138906681
2021-03-25,117.45411682128906,118.4962991670475,115.90546750304253,116.43142597838931,98844700,0.004163493653266626
2021-03-26,118.05799865722656,118.32098161470867,115.82754797615723,117.22036189731419,94071200,0.005141427582792346
2021-03-29,118.23332214355469,119.39237925463331,117.59048892877756,118.4865630734955,80819200,0.0014850623280271424
2021-03-30,116.7820816040039,117.26907943602144,115.76912522168777,116.9866198017316,85671900,-0.012274378434437794
2021-03-31,118.97357177734375,120.3079410804402,117.9995761138878,118.48657394561577,118323800,0.018765637187141193
2021-04-01,119.80147552490234,120.95079079059254,119.30473561887582,120.44431627752463,75089100,0.006958719782810263
2021-04-05,122.62602233886719,122.8792632235307,119.86961357359316,120.64881286594463,88651200,0.02357689503897409
2021-04-06,122.927978515625,123.82405264578033,122.38254338092113,123.21043811923847,80171300,0.002462415162773457
2021-04-07,124.57403564453125,124.59351228641088,121.88580577435263,122.55786509964642,83466700,0.013390418916691349
2021-04-08,126.9700927734375,126.99931145840667,125.1779440726787,125.59675513190102,88844600,0.01923400102203754
2021-04-09,129.5414276123047,129.58038090088027,126.10322399320837,126.4246443564377,106686700,0.020251500039898618
2021-04-12,127.82715606689453,129.395289186928,127.23301830434795,129.07386893551856,91420000,-0.013233384694050776
2021-04-13,130.93421936035156,131.15824904554103,128.49923039780398,128.99597765783932,91266500,0.024306754441372647
2021-04-14,128.59664916992188,131.48941754486856,128.2362755221187,131.43098018165665,87222800,-0.01785301200747469
2021-04-15,131.00242614746094,131.48942401418012,130.16478922222413,130.34011618248067,89347100,0.018707928962909293
2021-04-16,130.67127990722656,131.1680124141945,129.81415884861858,130.80763872455088,84922400,-0.0025277870797723034
2021-04-19,131.33355712890625,131.9471790846723,129.87256379574342,130.0381412567294,94264200,0.005068269187765484
2021-04-20,129.64852905273438,132.00559615119002,128.3823320528723,131.5088638445784,94812300,-0.012830141153627572
2021-04-21,130.02838134765625,130.27188018913125,127.8855945150741,128.91802722500978,68847100,0.0029298619714179797
2021-04-22,128.5089569091797,130.66147844484067,127.99274053029319,129.58034294411806,84566500,-0.01168532917759002
2021-04-23,130.82708740234375,131.60627194079382,128.72325347974677,128.72325347974677,78657500,0.018038668657176515
2021-04-26,131.21664428710938,131.54779911284922,130.0868062042445,131.32378436155327,66905100,0.0029776470033884284
2021-04-27,130.89527893066406,131.88875868630524,130.62256132903624,131.49915149684074,66015800,-0.002449120370294988
2021-04-28,130.10635375976562,131.5089100143574,129.619355885921,130.81736649421998,107760100,-0.006027147635449315
2021-04-29,130.0089111328125,133.5055661641117,129.0056969879915,132.92116293750138,151101000,-0.000748945951809965
2021-04-30,128.04147338867188,130.08685531571498,127.66161568350715,128.35314426527148,109839500,-0.015133099162185637
2021-05-03,129.0933837890625,130.58361088598772,128.40185516343865,128.6063859381181,75135100,0.008215388128169465
2021-05-04,124.52532958984375,128.07068022860358,123.40523322106765,127.77847859118502,137564700,-0.035385656996046455
2021-05-05,124.76883697509766,127.05771762012843,124.64221279666873,125.84022317213565,84000900,0.0019554847680867127
2021-05-06,126.36618041992188,126.37591502452003,123.82404416158315,124.56428281581603,78128300,0.012802423133454699
2021-05-07,127.03939819335938,128.06381882504127,126.3271629457147,127.66381362314827,78973300,0.005327515409584649
2021-05-10,123.7612075805664,126.38570115821472,123.7221806852606,126.25887677480436,88071200,-0.02580451938069972
2021-05-11,122.84410095214844,123.19532812082859,119.78055295740043,120.49278076667929,126142800,-0.007410291531140256
2021-05-12,119.7805404663086,121.60500854306753,119.27320577012671,120.39520469554279,112172300,-0.024938604801489017
2021-05-13,121.92697143554688,123.07823863645709,121.23426088704589,121.54646856304096,105861300,0.017919696812872754
2021-05-14,124.34656524658203,124.77585354473081,122.78552704006465,123.17578845259833,81918000,0.019844615039209756
2021-05-17,123.19532012939453,123.83925269137897,122.12210663637244,123.7319305977149,74244600,-0.009258358804720923
2021-05-18,121.80990600585938,123.89779649597985,121.74161080080381,123.47826668103308,63342900,-0.011245671686879288
2021-05-19,121.65380096435547,121.87819629608094,119.86835967667767,120.16105765432343,92612000,-0.0012815463587698694
2021-05-20,124.20999145507812,124.61001150333645,122.05380598133526,122.1806452374261,76857100,0.021012006780385173
2021-05-21,122.37578582763672,124.88320615344152,122.16114162608143,124.70758884704348,79295400,-0.014766973300249897
2021-05-24,124.00511932373047,124.82466923282675,122.87336914136405,122.94166434682049,63092900,0.013314182091452631
2021-05-25,123.80998229980469,125.19541091008112,123.24410353248182,124.7075784829674,72009500,-0.0015736207100962574
2021-05-26,123.7612075805664,124.28805950176616,123.34167776055286,123.8685296817526,56575900,-0.00039394819652083246
2021-05-27,122.22941589355469,124.53195020806949,122.03428889481324,123.36117332838509,94625600,-0.012376993703899886
2021-05-28,121.57572174072266,122.73674738054733,121.51718513488855,122.51234465215454,71311100,-0.005348091930679866
2021-06-01,121.25379180908203,122.29773710604329,120.92207435192587,122.03431485733806,67637100,-0.0026479787825334222
2021-06-02,122.01477813720703,122.19039542274523,121.02937706510446,121.25377238108098,59278900,0.006275979635533391
2021-06-03,120.53178405761719,121.80988298653327,120.13176404387289,121.64402429754462,76229200,-0.012154216909055049
2021-06-04,122.82457733154297,123.08800699874061,120.83425044759345,121.04889463757115,75169300,0.019022312594574764
2021-06-07,122.83431243896484,123.24408357226714,121.79036744110383,123.09773461219709,71057600,7.926025583304686e-05
2021-06-08,123.65386962890625,125.33199613747028,123.13677635872094,123.51727923465421,74403800,0.0066720541977929315
2021-06-09,124.03438568115234,124.63929137968418,123.43923856713752,124.11243947005046,56877900,0.0030772676454691172
2021-06-10,123.03923797607422,125.06859202446998,122.87337924113547,123.92707571998503,71186400,-0.008023159865009455
2021-06-11,124.24903106689453,124.33684344114933,123.02946851727127,123.44899833208643,53522400,0.009832579514638784
2021-06-14,127.30281066894531,127.36134728829198,123.9758479654745,124.70758548178374,96906500,0.024577894699288727
2021-06-15,126.48326873779297,127.41989931286103,126.23935623136502,126.77596672295411,62746300,-0.0064377363456930015
2021-06-16,126.98084259033203,127.7028289556805,125.33200658203938,127.19548678307785,91815000,0.003933910449219757
2021-06-17,128.58090209960938,129.32240559947226,126.49301177385304,126.63936820067508,96721700,0.012600794550084116
2021-06-18,127.28329467773438,128.30771518043744,127.06865050509046,127.52720715689915,108953300,-0.010091758579122145
2021-06-21,129.07847595214844,129.18579802932504,126.06372153950791,127.12717628510836,79663300,0.014103824692464517
2021-06-22,130.71755981445312,130.81513075216756,128.4150256244004,128.9126165646152,74783600,0.012698351527735241
2021-06-23,130.44439697265625,131.04931007255976,129.98584029942936,130.51269961588608,60214200,-0.002089718031644816
2021-06-24,130.16148376464844,131.36152922245495,129.69316099657445,131.1761533209972,68711000,-0.002168841395825627
2021-06-25,129.86874389648438,130.62974954026467,129.57604598259172,130.21022727723152,70783700,-0.002249051406738589
2021-06-28,131.4981231689453,131.95667992046137,130.10295063063353,130.16148725640332,62111300,0.012546354292605422
2021-06-29,133.01039123535156,133.16649883756983,131.0786080414317,131.51764764633526,64556100,0.011500301524937528
2021-06-30,133.62501525878906,134.06405473109936,132.5615455661884,132.85424351014055,63261400,0.004620872232079742
2021-07-01,133.92745971679688,133.98599632611845,132.45421890843855,133.27377610064684,52485800,0.002263382027849259
2021-07-02,136.55198669433594,136.59100614570704,134.39579354693674,134.54213509862615,78852600,0.01959663076630358
2021-07-06,138.56182861328125,139.6643030810213,136.65931393358588,136.65931393358588,108181800,0.014718511005220591
2021-07-07,141.04971313476562,141.36191336128311,139.1862182535438,140.04478004189397,104911600,0.017955049715949745
2021-07-08,139.75210571289062,140.55213093920304,137.24467816832617,138.13252320539087,105575500,-0.009199645947774449
2021-07-09,141.5765838623047,142.10342835570765,139.17647811244083,139.27404907544525,99890800,0.013055103106369703
2021-07-12,140.9814453125,142.75713571421414,140.49362024221452,142.64981360326175,76299700,-0.00420365101042075
2021-07-13,142.09365844726562,143.86934850619764,140.1326074026889,140.5228614286861,100827100,0.007889074567935417
2021-07-14,145.51820373535156,145.92798987044893,144.08399692422722,144.49378305932458,127050800,0.02410062015087644
2021-07-15,144.86451721191406,146.34750947636803,143.50836421958925,145.60602078776031,106820300,-0.004492128865377754
2021-07-16,142.8253631591797,146.11329798029973,142.32778715705027,144.8449652430404,93251400,-0.014076283771763176
2021-07-19,138.98133850097656,140.56190161268026,138.2203326975493,140.24968646910114,121434600,-0.026914159874524057
2021-07-20,142.59124755859375,143.518127007473,139.47893643261804,139.96676145319105,96350000,0.025974055916808014
2021-07-21,141.85951232910156,142.57174758950413,141.10827250404336,141.98635160042446,74993500,-0.00513169806717273
2021-07-22,143.22540283203125,144.59130668501456,142.25950410848452,142.38634335455993,77338200,0.009628473131649828
2021-07-23,144.94256591796875,145.0986734955369,143.34250046599004,143.95716474814094,71447400,0.01198923551258102
2021-07-26,145.36212158203125,146.181664137203,144.10352454843763,144.6596522812441,72434100,0.0028946338945037287
2021-07-27,143.19613647460938,145.57672455410125,142.00584243486344,145.48890475095865,104818600,-0.014900615675174755
2021-07-28,141.44973754882812,143.391286472983,139.06914908747908,141.28387882976534,118931200,-0.012195852267919971
2021-07-29,142.09365844726562,142.98150347673163,141.05947187985987,141.16679397009463,56699500,0.004552294755691744
2021-07-30,142.30831909179688,142.7668758133756,140.60093147786202,140.86436116386733,70440600,0.001510698273779143
2021-08-02,141.97659301757812,143.37176538004852,141.71316334757606,142.79613544954273,62880000,-0.0023310378222145545
2021-08-03,143.7717742919922,144.43520909857267,141.64484970305608,142.2595139229218,64786600,0.012644205895205651
2021-08-04,143.37176513671875,144.19130756729243,142.71808142038705,143.68398028393023,56368300,-0.0027822509476793655
2021-08-05,143.47911071777344,144.2401166546182,142.61078266741262,143.40105691819448,46397700,0.0007487219045696492
2021-08-06,142.79510498046875,143.74290453377364,142.29678337483543,143.0003050001657,54126800,-0.004767284477042444
2021-08-09,142.74624633789062,143.34228507821692,142.18930041536296,142.8537292225246,48908700,-0.0003421590858090351
2021-08-10,142.26751708984375,144.32922406312062,141.97438049984515,143.08828761420278,69023100,-0.003353708138241984
2021-08-11,142.5215301513672,143.36184690994065,142.19908146277635,142.7071837820295,48493500,0.001785460706135833
2021-08-12,145.48216247558594,145.6385039280885,142.50196876649986,142.84396383015653,72282600,0.02077322858570474
2021-08-13,145.6873321533203,146.0195464885417,144.8763278106057,145.56030288592572,59375000,0.0014102737699461798
2021-08-16,147.66111755371094,147.72952253031957,143.1175540441941,145.1401675406519,103296000,0.01354809214512498
2021-08-17,146.75242614746094,148.20831321235303,145.67759718518755,146.7915040599331,92229700,-0.00615389766313712
2021-08-18,143.01007080078125,147.2702784625577,142.8048707810112,146.37133747643588,86326000,-0.025501148055428136
2021-08-19,143.34226989746094,144.61251796964282,141.19262734198236,141.71049530140775,86960300,0.00232290701500637
2021-08-20,144.7981719970703,145.10107421090675,143.42044104748524,144.0653382889344,60549600,0.010156823250049296
2021-08-23,146.2834014892578,146.75241093803115,144.50505101044897,144.91543614181833,60131800,0.01025723924344546
2021-08-24,146.1954803466797,147.40710449199298,145.73623655262395,146.02937310982574,48606400,-0.0006010329380027324
2021-08-25,144.9643096923828,146.8794554129226,144.41712946066949,146.3811188443998,58991300,-0.008421400246966249
2021-08-26,144.1630401611328,145.7068782917423,144.13372800564036,144.95451308804914,48597200,-0.0055273572712505326
2021-08-27,145.19882202148438,145.34538283026907,143.46932993010927,144.10444664756716,55802400,0.007184794793407834
2021-08-30,149.6153564453125,149.97689795560206,145.20858752404757,145.58966053577964,90956700,0.03041715051362215
2021-08-31,148.35487365722656,149.3026732146875,147.8272249811444,149.16587817080352,86453100,-0.008424822277829924
2021-09-01,149.019287109375,151.43275399237308,148.85317992388826,149.3319699829077,80313700,0.00447854145785298
2021-09-02,150.1332244873047,151.17874128646721,148.91183471793337,150.34819027947748,71115500,0.007475122177386995
2021-09-03,150.76832580566406,151.09077442910467,149.58601418638187,150.24067718201943,57808700,0.004230251635027438
2021-09-07,153.1036376953125,153.66058362239795,150.8562777588282,151.4230043452141,82278300,0.015489406526000504
2021-09-08,151.55978393554688,153.4456022050819,150.45564303417842,153.38697789342345,74420200,-0.010083717036416862
2021-09-09,150.54359436035156,152.5368955037672,150.42633082753412,151.9310910707807,57305700,-0.006704876114282832
2021-09-10,145.56033325195312,151.9213251437336,145.2965089144569,151.45231569560596,140893200,-0.0331017811124541
2021-09-13,146.12704467773438,147.9542386226374,145.3453524055779,147.18232700871462,102404300,0.0038933094828816905
2021-09-14,144.7297821044922,147.61227358439965,143.5474852815467,146.9087519585389,109296300,-0.009561971066503694
2021-09-15,145.6189727783203,146.01959220126037,143.01985176888803,145.15972903193406,83281300,0.006143798884366003
2021-09-16,145.38442993164062,145.56031777444971,143.85037245648,145.04244981377065,68034100,-0.0016106613184034835
2021-09-17,142.71694946289062,145.41378761722353,142.4238129361749,145.41378761722353,129868800,-0.01834777266041654
2021-09-20,139.66836547851562,141.52487196661303,138.0365905336095,140.50868223734292,123478900,-0.021361050637981105
2021-09-21,140.1470947265625,141.2903282973729,139.51197821792402,140.63565047460386,75834000,0.0034276140227367247
2021-09-22,142.5117645263672,143.07847626004042,140.41096517330857,141.14379903633161,76404300,0.01687277074432636
2021-09-23,143.46932983398438,143.71360778815728,142.30656438659437,143.29344195401745,64838200,0.0067192018202821835
2021-09-24,143.5572967529297,144.09471134794907,142.22842380413005,142.3261409703322,53477900,0.0006131409343523853
2021-09-27,142.04270935058594,142.61921652920344,140.52819828937186,142.1404264749726,74150700,-0.010550403473746361
2021-09-28,138.66195678710938,141.43695107445913,138.4469909709511,139.9712831876772,108972300,-0.02380095802828064
2021-09-29,139.5608673095703,141.14378350850296,138.77917495976774,139.2091064976362,74602000,0.0064827479958404766
2021-09-30,138.2613067626953,141.075393254431,138.04634099404652,140.37187163149707,89056700,-0.009311783252194505
2021-10-01,139.38499450683594,139.64881887167329,135.9260252404235,138.65216064526572,94639600,0.008127275594677075
2021-10-04,135.95533752441406,138.9550779570537,135.10525501528176,138.5153657120816,98322000,-0.024605639900883824
2021-10-05,137.88021850585938,138.9843593851802,136.1702732054442,136.29730248452776,80861100,0.014158186184486166
2021-10-06,138.7498779296875,138.8964387383312,135.20295726507902,136.27778622694314,83221100,0.0063073545520322405
2021-10-07,140.01034545898438,140.91906720020722,139.4533994772065,139.78561391612965,61732700,0.009084458653978889
2021-10-08,139.6292724609375,140.87997439192273,139.2970580219821,140.73341358342566,58773200,-0.0027217488593263006
2021-10-11,139.5413360595703,141.49555969160025,138.56422424355534,139.0137022391212,64452200,-0.000629784856837845
2021-10-12,138.27108764648438,139.97126757292082,137.8118439004276,139.9517211619384,73035900,-0.009103026020502392
2021-10-13,137.68484497070312,138.16362027198588,136.01397701826,138.00729369519374,78762700,-0.004239806641863519
2021-10-14,140.4695281982422,140.58679170364334,138.27102756856237,138.8573003669583,69907100,0.020225052569377455
2021-10-15,141.52487182617188,141.58349614959462,140.22531132197605,140.4793699361988,67940300,0.007512971969552806
2021-10-18,143.1957550048828,143.479110901774,139.88334618906478,140.16670208595596,85589200,0.011806286465061877
2021-10-19,145.35513305664062,145.75575243725564,143.1957245202807,143.64518755891186,76378900,0.015079902694630665
2021-10-20,145.84368896484375,146.32247907181252,144.7297822080243,145.29650879090318,58418800,0.003361119060121265
2021-10-21,146.05865478515625,146.21499623763387,144.4855043297612,145.40399172614036,61421000,0.0014739466742665908
2021-10-22,145.28675842285156,146.74264548774926,145.23789985010384,146.26387023963363,58883400,-0.005284838227766153
2021-10-25,145.2378692626953,145.95115656405432,144.24121124480388,145.27694716693773,50720600,-0.0003365011422029607
2021-10-26,145.90232849121094,147.38752756365847,145.5994113354405,145.91209424092938,60893400,0.004574972298125646
2021-10-27,145.44308471679688,146.30293288736218,145.09132390307514,145.94140632392705,56094900,-0.003147611002258466
2021-10-28,149.0779571533203,149.66421529809745,146.29318250961379,146.39089965518153,100077900,0.024991717162773153
2021-10-29,146.37130737304688,146.50810238824585,143.05889994615762,143.85035788477583,124953200,-0.01815593553840933
2021-11-01,145.55056762695312,146.2736207539483,144.4171144592604,145.57987978563986,74588300,-0.005607244758714769
2021-11-02,146.58631896972656,148.10084526807523,145.24766564186768,145.25744630214584,69122000,0.007116092775591776
2021-11-03,148.0226593017578,148.49166875101167,146.39088452432864,146.94783044977856,54511500,0.009798597455250135
2021-11-04,147.50479125976562,148.94113176601576,147.192108353955,148.11059575284676,60394600,-0.003498572748490303
2021-11-05,148.03317260742188,148.9334254421716,146.83935549516048,148.6300811635526,65463900,0.003582130066037914
2021-11-08,147.21124267578125,148.3169952703634,146.93725326087116,148.16042562432813,55020900,-0.005552336122798263
2021-11-09,147.57327270507812,148.17996131979666,146.8393694074151,146.97636409239348,56787900,0.0024592553035789333
2021-11-10,144.7453155517578,146.9078907486886,144.67682566721112,146.8002509889988,65187100,-0.019163071344036164
2021-11-11,144.69635009765625,146.22286636426517,144.5104255646951,145.76296742917557,41000000,-0.00033828696918380974
2021-11-12,146.77088928222656,147.1720784304826,144.31474986015922,145.24435777936998,63804000,0.014337190835637559
2021-11-15,146.78065490722656,148.6203105600799,146.22288125155492,147.1427090779816,59222800,6.65365253815775e-05
2021-11-16,147.75921630859375,148.23870523347338,146.1348398835429,146.72196856987298,59256200,0.006666828145614145
2021-11-17,150.19577026367188,151.6733569463972,147.7494257967945,147.7592057993934,88807000,0.01649003030707341
2021-11-18,154.4817657470703,155.2645990140686,149.7652210699027,150.411059635024,137827700,0.028536059809635583
2021-11-19,157.104248046875,157.5641620110988,153.1705218782956,154.2664794451428,117305600,0.01697599899329494
2021-11-22,157.56417846679688,162.14372871908944,157.54460352782965,158.21000213967926,117467900,0.0029275492269607017
2021-11-23,157.94581604003906,158.3274452479913,155.6462458566702,157.66203166951047,96041900,0.002422108736616302
2021-11-24,158.46441650390625,158.66012108108276,156.2137765381209,157.29995411244806,69463600,0.003283407416982298
2021-11-26,153.44451904296875,157.00639624695634,153.00417999336176,156.1452930856568,76959800,-0.03167838920363397
2021-11-29,156.8009490966797,157.73055729698444,155.38205691950756,155.94961080411514,88748200,0.021873899925816565
2021-11-30,161.75230407714844,161.9675835913138,156.48776584559891,156.55627065978888,174048100,0.03157732787328893
2021-12-01,161.23365783691406,166.64497001692308,160.99880341826756,163.88548659020162,152052500,-0.003206422580459889
2021-12-02,160.24533081054688,160.6758897940943,154.41325439149716,155.33308223247562,136739200,-0.0061297810868179425
2021-12-03,158.36656188964844,161.41961013164072,156.29206642790317,160.49978216462458,118023100,-0.011724328636568138
2021-12-06,161.77191162109375,164.27696654760885,160.75422372513128,160.7640037300002,107497000,0.021502959278854483
2021-12-07,167.506103515625,167.89752761795768,164.72705957992557,165.4511829707639,120405400,0.0354461527781289
2021-12-08,171.32240295410156,172.18352101189242,167.03640253357247,168.43571937748263,116998900,0.022783047055479955
2021-12-09,170.8135223388672,172.95652208783176,170.187258867456,171.15601647393692,108923700,-0.002970309816228256
2021-12-10,175.59861755371094,175.77476213435622,170.94078267392138,171.4496265464153,115402700,0.028013562095809297
2021-12-13,171.96824645996094,178.22110269969062,171.76274694249355,177.2327699190323,153237000,-0.02067425782916299
2021-12-14,170.58847045898438,173.92528743178815,168.51397541726456,171.48872330598167,139380400,-0.008023434729258705
2021-12-15,175.45181274414062,175.64751729804553,168.6118288401074,171.3517373886768,131063300,0.028509208577056633
2021-12-16,168.56289672851562,177.25231617436867,167.08531019517628,175.43223547777242,150185800,-0.03926386343851018
2021-12-17,167.46694946289062,169.74694420568176,166.0480727156741,166.2829122189755,195432700,-0.006501711152900436
2021-12-20,166.1068115234375,166.91899978685493,163.86596626176092,164.66835958996737,107499100,-0.00812182907621739
2021-12-21,169.27728271484375,169.48276731961977,165.49033075391415,167.8779657038139,91185900,0.01908694268662736
2021-12-22,171.87039184570312,172.08567137280502,168.45528928513505,169.32618739702795,92135300,0.015318707207910398
2021-12-23,172.49659729003906,173.05437085788006,171.50827974455873,172.0758333125854,68356600,0.0036434748161748853
2021-12-27,176.45968627929688,176.5477510793258,173.26965909520445,173.28921909656728,74919600,0.0229748821224236
2021-12-28,175.4420623779297,177.43828815623348,174.6983789116561,176.29340054719341,79144300,-0.005766891706678656
2021-12-29,175.5301055908203,176.7532777728696,174.316713410959,175.48117571727812,62348900,0.0005018363994204744
2021-12-30,174.3754119873047,176.6945564474762,174.26777224500728,175.6181590245021,59773000,-0.006578322274854331
2021-12-31,173.7589569091797,175.38331824017646,173.45559766181222,174.2677857929612,64062300,-0.003535217901993404
2022-01-03,178.10362243652344,178.9549602981537,173.89592271961695,174.0133424530975,104487900,0.025003980253027303
2022-01-04,175.84323120117188,179.01369889567948,175.2756775127618,178.71035458130368,99310400,-0.012691438862548532
2022-01-05,171.1658172607422,176.3031403228598,170.8918278919333,175.75516158524204,94537600,-0.026599908955713736
2022-01-06,168.30848693847656,171.53766438344002,167.95621276391145,168.99346035254746,96904000,-0.016693346650592966
2022-01-07,168.474853515625,170.40257420223315,167.35932100577125,169.17940193566972,86709100,0.0009884621992308773
2022-01-10,168.4944305419922,168.79777487885306,164.56070430318124,165.4511773077938,106765600,0.00011620147433677452
2022-01-11,171.32240295410156,171.4202477771128,167.15383722500894,168.62164395189677,76138300,0.01678377381977958
2022-01-12,171.7627410888672,173.37732250749067,171.0679876032979,172.3400748149154,74805200,0.00257023090484898
2022-01-13,168.4944305419922,172.82934594142114,168.10300645305696,172.00737775161056,84505800,-0.019028053034994552
2022-01-14,169.35556030273438,170.05031384521072,167.41804452412237,167.66267899736397,80440800,0.005110731304128091
2022-01-18,166.1556854248047,168.83686885983136,165.77405636274548,167.82897633871863,90956700,-0.018894418773199417
2022-01-19,162.66233825683594,167.40825267441707,162.37856885772902,166.35143003303915,94815000,-0.021024541886950354
2022-01-20,160.97926330566406,166.0383024176851,160.65634400941124,163.39625309442948,91420500,-0.010347047566194312
2022-01-21,158.92431640625,162.76018251834915,158.81667665863466,160.8911718694381,122848900,-0.012765289498885113
2022-01-24,158.15127563476562,158.81668910799385,151.37979580013618,156.58562410189697,162294600,-0.004864206994657061
2022-01-25,156.3507843017578,159.26682305990172,153.65002507588994,155.56795099632697,115798400,-0.011384614672131144
2022-01-26,156.26268005371094,160.86180403234616,154.4328194222898,159.99090611922438,108275300,-0.0005635037165968582
2022-01-27,155.8027801513672,160.3236197319786,154.88295228679408,158.9634528706825,121954600,-0.002943120533870691
2022-01-28,166.67434692382812,166.69392186078738,159.30595841103175,162.15350702087153,179935700,0.0697777456981119
2022-01-31,171.02883911132812,171.24411862639118,165.87194061535732,166.5079991576081,115541600,0.026125749210165194
2022-02-01,170.8624725341797,171.0875320298687,168.61183278338754,170.27534392743365,86213900,-0.0009727399075669663
2022-02-02,172.0660858154297,172.105235689561,169.6099612749151,170.9994831805343,84914300,0.007044339598967442
2022-02-03,169.1891632080078,172.45749049022623,168.42590499267487,170.7352545735362,89418100,-0.016719870123086733
2022-02-04,168.90505981445312,170.580497991328,167.22962163757825,168.20940619823992,82465400,-0.0016792056191293758
2022-02-07,168.1898193359375,170.43351937589156,167.49416572772904,169.36555780513737,77251200,-0.004234571061999759
2022-02-08,171.29571533203125,171.80520742660315,167.96443926792173,168.25837758980256,74829200,0.018466611168004965
2022-02-09,172.71636962890625,173.0788850240933,171.36426255447887,172.4910234332755,71285000,0.00829357753707538
2022-02-10,168.64048767089844,171.9325638827204,168.08201833200982,170.61965636290995,90865900,-0.023598700961380503
2022-02-11,165.23085021972656,169.58109560057568,164.64297356543503,168.84625725787345,98670700,-0.020218379929176744
2022-02-14,165.4660186767578,166.15186486791518,163.19291135712115,163.98653444619794,86185500,0.0014232720870135385
2022-02-15,169.29696655273438,169.45373566949445,166.80832036305304,167.5137664381475,62527400,0.023152475091942737
2022-02-16,169.0618438720703,169.8358671652493,166.61238225395954,168.37599760906474,61177400,-0.0013888180364461933
2022-02-17,165.4660186767578,168.43476465088062,165.06430342539218,167.57254946752525,69589300,-0.021269288876521908
2022-02-18,163.91795349121094,167.0924457737123,162.83039207397334,166.3870146722984,82772700,-0.009355789170047424
2022-02-22,160.99822998046875,163.32031494834902,158.87208401329053,161.6448765238355,91162800,-0.017812103241630184
2022-02-23,156.83412170410156,162.7911986729469,156.52058346872764,162.19352949330056,90009200,-0.025864310911196675
2022-02-24,159.4501190185547,159.55789590082478,148.92722915533128,149.49550590272597,141147500,0.01668002655307821
2022-02-25,161.5175018310547,161.78203291625664,157.617948249187,160.5279097890242,91974200,0.012965702535847168
2022-02-28,161.7820281982422,162.07596656799925,159.1464052349538,159.76367431641097,95056600,0.0016377566776892838
2022-03-01,159.9008331298828,163.23210951924372,158.69570233786408,161.37050993245586,83474400,-0.011627960715477115
2022-03-02,163.1929473876953,163.9767781865015,159.65592380274117,161.0668162505265,79724800,0.020588474702557757
2022-03-03,162.8695831298828,165.49541352335572,162.203336805619,165.06430592514928,76678400,-0.001981484267480571
2022-03-04,159.87142944335938,162.2033212553789,158.82306783943153,161.16475211398938,83737200,-0.018408309451694915
2022-03-07,156.07965087890625,161.6840185904636,155.82489737817548,160.05757297165496,96418800,-0.02371767474435771
2022-03-08,154.2572784423828,159.58730866544224,152.65043241487155,155.60938587479396,131148300,-0.011675913075544497
2022-03-09,159.65589904785156,160.10660654613918,156.1874681101056,158.2156144765831,91454900,0.03499750974463889
2022-03-10,155.31541442871094,157.14760632107578,152.82675388635474,156.9614449084205,105342000,-0.027186496991506104
2022-03-11,151.60205078125,156.06007322521145,151.37670453340775,155.71714267170483,96970100,-0.023908532589116294
2022-03-14,147.57516479492188,151.00441119995835,147.06568752183824,148.38838787929845,108732100,-0.026562213146698155
2022-03-15,151.9547576904297,152.42506496258488,147.33998157862231,147.8494586979721,92964300,0.029677032050710705
2022-03-16,156.36380004882812,156.76551526978483,151.33751588171134,153.87515407206308,102300200,0.02901549398920933
2022-03-17,157.3730010986328,157.74532403885397,154.4434546489776,155.40363939181822,75615400,0.0064541860039826204
2022-03-18,160.6650390625,161.15493125437885,156.53034776701656,157.26518605483486,123511700,0.020918695969989853
2022-03-21,162.03675842285156,162.98715054298916,159.71465909153343,160.20455132045697,95811400,0.00853775885753194
2022-03-22,165.40721130371094,165.9950729796282,161.57625067180703,162.16411234772428,81532000,0.020800544973035295
2022-03-23,166.76913452148438,169.15000379737148,164.2608735199057,164.5940116285297,98062700,0.00823375962292694
2022-03-24,170.5510711669922,170.6196482982035,166.76910292949728,167.60191066747961,90131400,0.022677677475267943
2022-03-25,171.18795776367188,171.73663471959298,169.25778100424003,170.36494232979024,80546200,0.00373428669970699
2022-03-28,172.05015563964844,172.17751745210523,168.52292563460833,168.68948719730128,90371900,0.005036556818832194
2022-03-29,175.3422393798828,175.39121664425457,172.7751938429614,173.11812439551318,100589400,0.01913444209332482
2022-03-30,174.17630004882812,175.979099995584,173.12792342578476,174.94053078604693,92633200,-0.006649506332177313
2022-03-31,171.0801544189453,174.4310152677539,170.87439311711938,174.24485383998842,103049300,-0.017775929497956033
2022-04-01,170.78623962402344,171.34472398421482,168.46415506398156,170.5119011506989,78751300,-0.0017179946786938238
2022-04-04,174.83274841308594,174.8817406281064,170.9136104166494,171.0409871856376,76468400,0.023693412291122984
2022-04-05,171.5210723876953,174.6955795536943,170.8940109049415,173.9117489626708,73401800,-0.01894196628177447
2022-04-06,168.3563690185547,170.1199840728932,166.69073839236125,168.87565359700926,89058800,-0.018450813798477905
2022-04-07,168.6601104736328,169.85544881098227,166.41641045043957,167.69992580849703,77594700,0.0018041577924778895
2022-04-08,166.65155029296875,168.30738857225097,165.77954264267717,168.30738857225097,76575500,-0.011908922477422812
2022-04-11,162.39926147460938,165.61295305467232,162.1543153788709,165.29942982629515,72246700,-0.025516047170782263
2022-04-12,164.2706756591797,166.4359910689201,163.27129126604743,164.62339868320723,79265200,0.011523538762292285
2022-04-13,166.95530700683594,167.58236861722457,163.39869870978032,164.00616044006455,70618900,0.016342730294883534
2022-04-14,161.9485321044922,167.80765268372826,161.70358604199197,167.17078395103502,75329400,-0.029988713698922753
2022-04-18,161.7330780029297,163.23214749427817,160.26340085844458,160.6063165552937,69023900,-0.0013303862576752312
2022-04-19,164.0159149169922,164.4274375522312,160.59647667199232,161.6840380358106,67723800,0.014114842444420406
2022-04-20,163.84933471679688,165.4659878847408,162.74218855364813,165.3484035950485,67929800,-0.0010156343686502645
2022-04-21,163.0557861328125,168.0624871052171,162.55610126230115,165.49545568953678,87227800,-0.004843160244476841
2022-04-22,158.51934814453125,164.4764404677371,158.2352171809879,163.09495550660975,84882400,-0.027821386139503357
2022-04-25,159.58731079101562,159.87144172970685,155.2566649146805,157.862880430984,96046400,0.006737112276733903
2022-04-26,153.63021850585938,159.0582182667308,153.55183394880203,158.9700412464134,95623200,-0.0373281074518339
2022-04-27,153.40487670898438,156.55976925790796,152.23893068313222,152.75821530720194,88063200,-0.0014667804229309134
2022-04-28,160.33192443847656,161.19413952588084,155.71713316880462,156.0306713643422,130216800,0.04515532933567101
2022-04-29,154.46298217773438,162.8401405674163,154.0710744549568,158.56828060772708,131747600,-0.03660495114305351
2022-05-02,154.76675415039062,155.0312851805643,150.17156281104934,153.54202362072925,123055300,0.0019666328357348384
2022-05-03,156.25601196289062,157.46115753940876,153.15990462040372,154.9528969165434,88966500,0.009622595115310384
2022-05-04,162.663818359375,163.11451083359574,156.040465917951,156.4421811299961,108256500,0.04100838307588561
2022-05-05,153.60079956054688,160.7630208987196,151.8175848345959,160.53767468016548,130525300,-0.0557162550974003
2022-05-06,154.32693481445312,156.44638259515347,151.28513392702433,153.0807759379822,116124600,0.004727418450839682
2022-05-09,149.20492553710938,152.90414437032265,148.6456356183626,152.02103374851995,131577900,-0.033189341079714496
2022-05-10,151.6089324951172,153.79707304983472,150.05859659800515,152.59997843272657,115366700,0.016112115262642
2022-05-11,143.7493133544922,152.53126499841446,143.0722664113859,150.61788122808568,142689800,-0.05184139886268335
2022-05-12,139.88330078125,143.45495579096956,136.19390367446763,140.08936442340104,182602000,-0.02689412897373933
2022-05-13,144.34786987304688,145.3192870677171,140.42297369266063,141.87518108716213,113990900,0.031916383634516876
2022-05-16,142.80734252929688,144.7501769403197,141.4728772141811,142.8171643521235,86643800,-0.010672324746495265
2022-05-17,146.43788146972656,146.95792901438662,143.9259353445969,146.0650115425021,78336300,0.025422634971902003
2022-05-18,138.1759796142578,144.59317839270622,137.27324030149254,144.09275951105042,109742900,-0.056419157205417125
2022-05-19,134.7711181640625,139.0001910759216,134.03520018713232,137.25361360845713,136095600,-0.02464148587692716
2022-05-20,135.00660705566406,138.05821430560903,130.12011571020568,136.47844306099526,137426100,0.0017473246108627993
2022-05-23,140.42295837402344,140.57013597581613,135.06546908443286,135.20283983686906,117726300,0.04011915739891303
2022-05-24,137.724609375,139.3043807072169,134.75150167714628,138.1661572066265,104132700,-0.019215867763134997
2022-05-25,137.88160705566406,139.12775081330722,135.7425308510417,135.83083742178036,92482700,0.0011399391973339057
2022-05-26,141.08038330078125,141.62986633656274,134.56505664226245,134.81036263839988,90601500,0.02319944127011664
2022-05-27,146.8303985595703,146.86964094239937,142.5326314835253,142.66019542923442,90978500,0.040757014719261964
2022-05-31,146.04539489746094,147.8312299883083,144.08294665114528,146.27108722583742,103718400,-0.005346329301087471
2022-06-01,145.9178466796875,148.8909545900905,144.90717205322113,147.08549081541827,74286600,-0.000873346385642515
2022-06-02,148.3709259033203,148.42979696294097,144.1025944132952,145.05438313661304,72348100,0.016811372148450854
2022-06-03,142.6503448486328,145.19171132509297,141.74762059734428,144.14179449565412,88570300,-0.03855594362479797
2022-06-06,143.3960723876953,145.78045445382116,142.17934925780943,144.2693611343495,71598400,0.0052276602615561885
2022-06-07,145.9178466796875,146.20239508903217,141.39440285018887,141.63970888221743,67808200,0.0175860764524578
2022-06-08,145.1819305419922,147.0560572730291,144.69131847131706,145.79028471849585,53950200,-0.005043359358987587
2022-06-09,139.96177673339844,145.17207325562853,139.85384150532468,144.3184132523197,69473000,-0.03595594705970573
2022-06-10,134.5552978515625,138.11713200650152,134.48660496140988,137.64614851793758,91437900,-0.038628252713126754
2022-06-13,129.40379333496094,132.6614484092865,128.97205248808118,130.37519526815413,122207100,-0.0382854082957369
2022-06-14,130.2672882080078,131.37607607962988,129.0113227305463,130.63035125622758,84784300,0.0066728714112092025
2022-06-15,132.88714599609375,134.761287244166,129.67855461334355,131.76855134556948,91533000,0.020111401903927018
2022-06-16,127.61802673339844,129.90428108943473,126.61717378126413,129.6001039599366,108123900,-0.0396510830539637
2022-06-17,129.08981323242188,130.5812777450833,127.3726714161481,127.62779921111623,134520300,0.011532747658746345
2022-06-21,133.3188934326172,134.48655232988557,130.81678433537272,130.91489774710016,81000500,0.03276075853158922
2022-06-22,132.80870056152344,135.17343948860204,131.395735327504,132.2592024365102,73409200,-0.0038268609793975505
2022-06-23,135.67384338378906,135.98782727058793,133.08341268546732,134.2510716127321,72433800,0.02157345723700055
2022-06-24,139.0001983642578,139.24550436943025,137.14568556404583,137.27323450557805,89116800,0.024517290123928115
2022-06-27,139.0001983642578,140.79584011879487,138.32315139441545,140.02066475796738,70207900,0.0
2022-06-28,134.8594207763672,140.72713574825013,134.74167869464102,139.46136345282662,67083400,-0.02978972430700777
2022-06-29,136.6158447265625,138.0288100068747,134.1039131048046,134.8790886274478,66242400,0.013024110144354895
2022-06-30,134.15296936035156,135.77198324759192,131.25836106107414,134.67301697127326,98964500,-0.018027743203143043
2022-07-01,136.32142639160156,136.4293616172376,133.11283508569903,133.4856899787513,71051600,0.0161640628723263
2022-07-05,138.9020538330078,138.95111802279916,134.3589823539813,135.18322181452564,73353800,0.018930460967985008
2022-07-06,140.23654174804688,141.41400763305737,138.43109305954474,138.69602774966668,74064300,0.009607402325695125
2022-07-07,143.60215759277344,143.79839942455877,140.58979232323185,140.5995991745189,66253700,0.023999563899495868
2022-07-08,144.27919006347656,144.7796239540416,142.2774994180926,142.5326123028861,64547800,0.004714639961211908
2022-07-11,142.14991760253906,143.88668829327412,141.08038702449986,142.93489980535588,63141600,-0.01475800120586146
2022-07-12,143.121337890625,145.66270453987497,142.32654882035914,143.0232094985196,77588800,0.006833773135219712
2022-07-13,142.75831604003906,143.70028289937923,139.45158026337106,140.30525550924634,71185600,-0.002536462109258397
2022-07-14,145.68235778808594,146.1533412106034,140.5603662797928,141.37478416032295,78140700,0.020482461751837766
2022-07-15,147.3503875732422,148.02743444283934,145.41737534090672,146.96771086072485,76259900,0.011449772027870564
2022-07-18,144.30860900878906,148.7241166459646,143.94554597746492,147.9096989962109,81420900,-0.020643166363856214
2022-07-19,148.16485595703125,148.3905333334654,144.1516525247905,145.14268358851726,82982400,0.026722223814154678
2022-07-20,150.1665802001953,150.833820598282,147.54671276840793,148.28263109100988,64823400,0.013510115001526213
2022-07-21,152.4331512451172,152.64902171844827,149.0871738807754,151.59910487340264,65086600,0.015093711542875754
2022-07-22,151.1968231201172,153.34570636779952,150.5295978961148,152.47241748797757,66675400,-0.008110624984797088
2022-07-25,150.07818603515625,152.12894030432363,149.42076784719634,151.11828092871338,53623900,-0.007398548870780508
2022-07-26,148.75357055664062,150.21558479499407,147.96858832963514,149.4011670445513,55138700,-0.008826169302215137
2022-07-27,153.84613037109375,154.37599980512033,149.30307266450654,149.7151850174758,78620700,0.034234874466519294
2022-07-28,154.3956298828125,154.68017830567564,151.51082841353704,154.03256675700305,81378700,0.0035717473711773806
2022-07-29,159.45872497558594,160.55770616166393,156.50524578988953,158.21258113398608,101786900,0.032792994831630784
2022-08-01,158.47747802734375,160.51842568191043,157.8691239569894,157.9868660422736,67829400,-0.006153610900829776
2022-08-02,157.00563049316406,159.36057683120032,156.63277559316523,157.09395202290318,59907000,-0.009287424008134093
2022-08-03,163.01077270507812,163.46212742924678,157.73178199101062,157.82008857109244,82507500,0.038247941765219284
2022-08-04,162.69674682617188,164.05084071884252,161.34265293350123,162.89298862903826,55474100,-0.0019264118174225908
2022-08-05,162.47079467773438,162.96208826310027,160.16170882927858,160.368058732092,56697000,-0.0013887932785706658
2022-08-08,161.99911499023438,164.88792318870864,161.34078349494277,163.47299550022427,60276900,-0.002903166002453439
2022-08-09,162.0482635498047,162.9326009401167,160.40734488370262,161.16394115258205,63135500,0.00030338782760197525
2022-08-10,166.2930145263672,166.39126422179922,163.99374975557845,164.7601663481459,70170500,0.02619436261504826
2022-08-11,165.5560760498047,168.01254335724568,165.26129697429445,167.0987297224726,57149200,-0.004431566044198809
2022-08-12,169.10321044921875,169.17198373539173,166.45021384103478,166.8629135304174,68039400,0.021425576662900347
2022-08-15,170.17425537109375,170.37076978453467,168.36629877849532,168.53333677957454,54091700,0.006333675860025423
2022-08-16,170.01699829101562,170.68516513298147,168.67085912936273,169.77135158308857,56377100,-0.000924094421539845
2022-08-17,171.51055908203125,173.08268924248625,169.56504107416526,169.76155547008622,79542000,0.008784773322836337
2022-08-18,171.1175537109375,171.85449410589086,170.10549010131544,170.7245248308653,62290100,-0.0022914354264671477
2022-08-19,168.53335571289062,170.71470043124475,168.3270058100883,170.01705694310306,70346300,-0.01510188722316741
2022-08-22,164.65211486816406,166.90223255698254,164.22959465128477,166.73519456201245,69026800,-0.02302951144780241
2022-08-23,164.31805419921875,165.77229405857466,163.74815182078322,164.1706721156108,54147100,-0.002028887811206026
2022-08-24,164.61280822753906,165.1827105189657,163.35509799580043,164.40647334198977,53841500,0.0017938018421455038
2022-08-25,167.0692596435547,167.1773448089003,165.4185207470986,165.84102594330326,51218200,0.014922601968008209
2022-08-26,160.77090454101562,168.07153485537452,160.71195171096292,167.59989722186273,78961000,-0.03769906633917408
2022-08-29,158.5699005126953,160.06342201093398,157.03706713692557,158.34389469961232,73314000,-0.01369031314841418
2022-08-30,156.1428985595703,159.72933499269527,154.9736176696823,159.30682979347176,77906200,-0.015305565213056926
2022-08-31,154.48233032226562,157.78382326299328,154.403721562595,157.51852057324083,87991100,-0.010634926420756585
2022-09-01,155.20945739746094,155.66143904544523,151.97673759886456,153.91243529158203,74229900,0.004706862420306823
2022-09-02,153.09689331054688,157.56766760419046,152.2715237467297,156.9682888748041,76957800,-0.013611052588787809
2022-09-06,151.83920288085938,154.35462378129557,151.01383320910836,153.74542449877808,73714800,-0.00821499641495893
2022-09-07,153.2442626953125,153.94189101263512,150.9351774352468,152.1241142058328,87449600,0.009253603732071847
2022-09-08,151.77041625976562,153.63732582875608,150.0213973567108,151.94727474830393,84923800,-0.009617628807919831
2022-09-09,154.62973022460938,155.07190642293236,152.05535676886382,152.76282069447305,68028800,0.018839731980110352
2022-09-12,160.58419799804688,161.39974706706778,156.52612358553827,156.81106723949068,104956000,0.03850791024978362
2022-09-13,151.16119384765625,157.7445243311509,150.69937671737435,157.1156691952697,122656600,-0.05867952306555868
2022-09-14,152.6055908203125,154.3644300184662,150.9351958505273,152.0946413613245,87965400,0.009555342451925464
2022-09-15,149.71678161621094,152.5368165999088,148.74403004784534,151.9570788549336,90481100,-0.018929904131120834
2022-09-16,148.07586669921875,148.71455728301882,145.78643705402317,148.57699569456918,162278800,-0.010960126842684659
2022-09-19,151.79006958007812,151.8686783568659,146.5037605306467,146.71009545075992,81474200,0.02508310748843301
2022-09-20,154.16790771484375,155.3273682721185,150.41443284470995,150.7288529156578,107689800,0.015665307627460878
2022-09-21,151.0432586669922,155.97584907691603,150.92535303740462,154.60021842835445,101696800,-0.020267830667009212
2022-09-22,150.080322265625,151.780193333908,148.28218651419172,149.72659039660394,86652500,-0.0063752358752414695
2022-09-23,147.81056213378906,148.8324610577634,145.97312915554878,148.55733788432917,96029900,-0.015123635780970202
2022-09-26,148.14462280273438,151.0923833374164,147.03429487021683,147.0539508051786,93339400,0.0022600595256714318
2022-09-27,149.11741638183594,152.02588086273627,147.33893608818533,150.08036255735442,84442700,0.006566512916212464
2022-09-28,147.23085021972656,148.01692291304855,142.31791462782627,145.06916155790836,146691400,-0.012651548074562702
2022-09-29,139.9989776611328,144.16515152497595,138.2303182381293,143.55595244325275,128138200,-0.04911927458002818
2022-09-30,135.7935333251953,140.60821907927374,135.59701890511008,138.8199033723931,124925300,-0.030039107472032867
2022-10-03,139.9695281982422,140.57874239032802,135.29241903979042,135.8033685254817,114311700,0.030752531219924162
2022-10-04,143.5559539794922,143.67385961125873,141.74798266491518,142.50457878595228,87830100,0.025622903980718315
2022-10-05,143.85076904296875,144.81371535397435,140.51979882721227,141.56135391828514,79471000,0.002053659603130642
2022-10-06,142.8976287841797,144.97088807825529,142.69129389793306,143.27101666436323,68402200,-0.006625896163991674
2022-10-07,137.65061950683594,140.60821619318722,137.02176437961742,140.05795483791823,85925600,-0.03671865881881342
2022-10-10,137.97483825683594,139.41924206903255,136.15706165160717,137.97483825683594,74899000,0.0023553744339226412
2022-10-11,136.5599365234375,138.88867789955424,135.8131758038938,137.4639147607023,77033700,-0.010254780880878056
2022-10-12,135.93109130859375,137.91592138284778,135.75423283314072,136.70734348798558,70433700,-0.004604902659249732
2022-10-13,140.50009155273438,141.0896346353026,132.03018316415034,132.63939717381422,113224000,0.033612620925465686
2022-10-14,135.97039794921875,142.00348171103434,135.78370401470698,141.79713183786654,88598000,-0.03223979111654518
2022-10-17,139.9302215576172,140.41167960335844,137.82748592791265,138.61355854500806,85250900,0.02912268896850123
2022-10-18,141.24688720703125,144.1455159806622,138.1615644966325,142.95659405664904,99136600,0.009409444469949069
2022-10-19,141.35496520996094,142.42598143245377,139.03605931008337,139.22275323737964,61758300,0.0007651708654738965
2022-10-20,140.89312744140625,143.34959455977452,140.1660077768585,140.5295751056751,64522000,-0.0032672199937844315
2022-10-21,144.70558166503906,145.27548388473534,140.16601984417193,140.3821901686459,86548600,0.027059192260589837
2022-10-24,146.84764099121094,147.61405773965313,143.45771845108737,144.62699951406933,75981900,0.014802879761267596
2022-10-25,149.687255859375,149.83465286178046,146.75915166053673,147.47643576104326,74732300,0.019337150048831964
2022-10-26,146.74935913085938,149.3433879403945,145.46215770101213,148.3313246354716,88194300,-0.019626899508904505
2022-10-27,142.27862548828125,146.4546209688135,141.62029388228584,145.49168973842666,109180200,-0.030465098239996324
2022-10-28,153.02810668945312,154.75745443354808,145.24601935139384,145.6193922207591,164762400,0.07555232674114665
2022-10-31,150.66990661621094,151.55424402730603,149.27463469355658,150.49304812984573,97943200,-0.01541024145340697
2022-11-01,148.02671813964844,152.74313850206963,146.53319676946654,152.37958612806426,80379300,-0.01754290910457168
2022-11-02,142.5045928955078,149.5202635488904,142.47511648464766,146.35633217647393,93604600,-0.037304922473056834
2022-11-03,136.4617156982422,140.31345573900342,136.33397456392473,139.5863358104831,97918500,-0.04240478902807432
2022-11-04,136.19598388671875,140.41826915811382,132.25911500159168,139.84742136761483,140814800,-0.0019472993591187482
2022-11-07,136.7274169921875,136.95378268582516,133.52871190234,134.94598671425354,83374600,0.0039019733938026047
2022-11-08,137.29824829101562,139.19777957129702,135.31997786188919,138.1938892139262,89908500,0.004174958551734775
2022-11-09,132.7413330078125,136.363259132224,132.46575346788492,136.31404528196006,74917800,-0.03318990110889353
2022-11-10,144.5519561767578,144.5519561767578,137.2982811810409,139.0108242882595,118854000,0.08897472174887833
2022-11-11,147.33731079101562,147.6424157179768,142.09143135008082,143.51855829432515,93979700,0.019268882192447823
2022-11-14,145.93968200683594,147.9081158240503,145.10309162733654,146.6187940766482,73374100,-0.0094859121337032
2022-11-15,147.6719512939453,151.165925575541,146.21531395208936,149.8175527331586,89868300,0.011869761968017922
2022-11-16,146.44166564941406,147.5046219917799,144.96533989912186,146.7763108997982,64218300,-0.008331207339993263
2022-11-17,148.34120178222656,149.08920136807347,143.84332244877638,144.1189020339811,80389400,0.012971281939390344
2022-11-18,148.90216064453125,150.2899100074895,147.60300221173006,149.90606603666672,74829600,0.0037815445443687423
2022-11-21,145.67393493652344,147.9966873729924,145.3885186493538,147.79001023834212,58724100,-0.02168018042205877
2022-11-22,147.8096923828125,148.04590985414606,144.6109873377189,145.79205967642807,51804100,0.014661218887371374
2022-11-23,148.68569946289062,149.43369912767082,146.9829928956722,147.0912573882817,58301400,0.005926587532631755
2022-11-25,145.7723846435547,146.5302359602774,144.79800437919693,145.96922504559745,35195900,-0.019593779562257385
2022-11-28,141.94375610351562,144.3255590917021,141.11701754919451,142.84923380843264,69246000,-0.02626442964077791
2022-11-29,138.94190979003906,142.5244590100729,138.13485967272496,142.01266197350824,83763800,-0.021148139205837246
2022-11-30,145.69366455078125,146.3727767919922,138.3317244213744,139.16829999405587,111380900,0.04859408346225447
2022-12-01,145.96923828125,146.77630352615344,144.29607218523327,145.87082558028513,71250400,0.00189145994315143
2022-12-02,145.4770965576172,145.66410017016838,143.35118446433725,143.65630431626485,65447400,-0.003371544096740231
2022-12-05,144.31576538085938,148.5380503426706,143.46933803189978,145.43777233013495,68826400,-0.007982914178506828
2022-12-06,140.6544647216797,144.97517704731527,139.68008441838234,144.74881132681773,64727200,-0.025370067154598552
2022-12-07,138.7155303955078,141.10717022124382,137.79036411926236,139.94580150371553,69721100,-0.013785089083439672
2022-12-08,140.39854431152344,141.25482328488022,138.8730200272998,140.1131279990439,62128300,0.012132844182745739
2022-12-09,139.9163055419922,143.2724894333561,138.6761823933455,140.09345741010685,76097000,-0.0034347846831035422
2022-12-12,142.2095489501953,142.2193857157506,138.83367613735973,140.44779174822483,70462700,0.016390108353131705
2022-12-13,143.174072265625,147.60304951034107,141.96348935709867,147.14046624112265,93886200,0.006782408934912443
2022-12-14,140.94972229003906,144.3452679150581,138.9320744491566,143.05594605605327,82291200,-0.015535983159431166
2022-12-15,134.34561157226562,139.5619643292127,133.88302841156911,138.88285224146853,98931900,-0.0468543719737442
2022-12-16,132.3870086669922,135.47744910553232,131.61932069307161,134.53260929976452,160156900,-0.01457883798623294
2022-12-19,130.28082275390625,133.06615916355452,129.24740673369394,132.97758322204413,79592600,-0.01590930963916448
2022-12-20,130.21194458007812,131.14694795968774,127.83997741416957,129.3163032823837,77432800,-0.0005286900433398856
2022-12-21,133.3122100830078,134.6507460089221,130.65482677922608,130.881192518899,85928000,0.02380937872426192
2022-12-22,130.1430206298828,132.43624823454394,128.24348886904642,132.22957105725172,77852100,-0.023772687071586973
2022-12-23,129.77886962890625,130.3300288114699,127.5939064280565,128.85370313619094,63814900,-0.002798083210410307
2022-12-27,127.97774505615234,129.33596942535033,126.68842309082302,129.30644411453827,69007800,-0.013878411623587827
2022-12-28,124.05072021484375,128.9619612841453,123.883405115354,127.62342547026658,85438400,-0.030685216711589525
2022-12-29,127.56436920166016,128.42063320760047,125.71404389802797,125.9699349180437,75703700,0.028324293327206096
2022-12-30,127.87931823730469,127.8990067839709,125.41878304163788,126.38331908581098,77034200,0.002468942053455825
2023-01-03,123.09600830078125,128.83398716375524,122.21021158237852,128.22377748695044,112117500,-0.037404875178072894
2023-01-04,124.36566162109375,126.62936374107429,123.10586505340991,124.88729543343348,89113600,0.010314333810160115
2023-01-05,123.04680633544922,125.75340309203497,122.79091532129203,125.12350481122068,80962700,-0.010604657816742913
2023-01-06,127.57420349121094,128.23362708296847,122.91886125861728,124.02118700839063,87754700,0.03679410535385341
2023-01-09,128.09580993652344,131.30436630158056,127.83991897613902,128.4107665197256,70790800,0.004088651396898069
2023-01-10,128.6666717529297,129.1883055110105,126.09786503081405,128.20408860626057,63896200,0.004456522166409238
2023-01-11,131.3831329345703,131.4028064616691,128.40095662151043,129.1784814447806,69458900,0.021112391768840277
2023-01-12,131.30438232421875,132.14095769176564,129.36547379890666,131.76696547602162,71379600,-0.0005993966545978502
2023-01-13,132.63307189941406,132.7905502170586,129.58200833933589,129.94616380817476,57809700,0.010119156357740522
2023-01-17,133.79446411132812,135.12314807764807,132.01303370787318,132.7019826183309,63646600,0.008756430016148897
2023-01-18,133.0760040283203,136.42233624485746,132.898837136548,134.6605941996835,69672800,-0.005369878998954691
2023-01-19,133.13504028320312,134.0995687562006,131.65871475561192,131.96381962844052,58280400,0.00044362810045184276
2023-01-20,135.69398498535156,135.84162653742413,132.1015991542997,133.14486670992753,80223600,0.019220670206018475
2023-01-23,138.8828582763672,141.0579844042408,135.72351517113088,135.94004410758743,81760300,0.023500476394439085
2023-01-24,140.2804412841797,140.90050277108796,138.08564168128757,138.0954784443646,66435100,0.010063034597339593
2023-01-25,139.62100219726562,140.1819979894366,136.61913781717996,138.6663106564194,65799300,-0.004700862649684501
2023-01-26,141.68788146972656,141.9732977828438,139.6603818984353,140.9103416541343,54105100,0.014803498327140785
2023-01-27,143.62681579589844,144.90630122192567,140.82180564980067,140.9005448317984,70555800,0.013684545961583527
2023-01-30,140.74302673339844,143.2527830109075,140.59540019505755,142.67209860282117,64015300,-0.020078347114497186
2023-01-31,142.01266479492188,142.06187864867766,140.03439402480078,140.4477633640219,65874500,0.009020966018646437
2023-02-01,143.1346893310547,144.29607334830789,139.08957136310852,141.69774073810188,77663600,0.007900876571488302
2023-02-02,148.43963623046875,148.79393998354684,145.83145179927072,146.54992610628193,118339000,0.03706262209536293
2023-02-03,152.06150817871094,154.89605760293438,145.4967833818238,145.69362375451536,154357300,0.024399628294823117
2023-02-06,149.33526611328125,150.6836538403975,148.4002628109197,150.1620199448286,69858300,-0.017928548112423393
2023-02-07,152.20913696289062,152.77998456473935,148.26243261630023,148.26243261630023,83322600,0.019244421792701916
2023-02-08,149.5222625732422,152.14028370808583,148.7840997356859,151.45133472995892,64120100,-0.017652517077890728
2023-02-09,148.4888153076172,151.89421276586904,148.04592065726195,151.35289040745275,56007100,-0.0069116615000309745
2023-02-10,148.85354614257812,149.1788354914484,147.08911426452642,147.32569243849323,57450700,0.0024562849006866116
2023-02-13,151.65301513671875,152.05714887131725,148.76484796074135,148.7944183549585,62199000,0.018806868003394372
2023-02-14,151.01226806640625,151.5741355635304,148.7056873791277,149.9476888936107,61707600,-0.004225086258488497
2023-02-15,153.1118621826172,153.279432747917,150.696851620169,150.923562968411,65573800,0.013903467202331266
2023-02-16,151.51499938964844,154.09758049199988,151.16013965459408,151.31784339392544,68167900,-0.010429386529596019
2023-02-17,150.37155151367188,150.81512239489066,148.69583093968438,150.17441057100683,59144100,-0.007546763558609615
2023-02-21,146.3596649169922,149.1394018439348,146.29067235544917,148.05510409777494,58867200,-0.02667982445013828
2023-02-22,146.7835235595703,147.80866542554767,145.0585140913541,146.74408634882758,51011300,0.002896007194458372
2023-02-23,147.26654052734375,148.19311959888688,145.13739706863274,147.946689634791,48394200,0.0032906756566408735
2023-02-24,144.61495971679688,145.0881010134071,143.6390916917033,145.00924162382364,55469600,-0.018005317440417112
2023-02-27,145.80767822265625,147.03982803359767,145.344388690471,145.6006854773172,44998500,0.008247545815419866
2023-02-28,145.30496215820312,146.95111245136155,144.73324285815977,144.9501024216552,50547000,-0.003447802410552425
2023-03-01,143.23492431640625,145.12750429739225,142.9392054041828,144.73322244168676,55479000,-0.01424616070264062
2023-03-02,143.82640075683594,144.61497972086136,141.84509404159934,142.31825044455022,52238100,0.0041294149681199155
2023-03-03,148.87322998046875,148.952089353373,145.2260704687506,145.9259229618336,70732300,0.03508972759573803
2023-03-06,151.63328552246094,154.0680147422593,151.26857399298945,151.59384830577196,87558000,0.018539636322489228
2023-03-07,149.43511962890625,151.83041139396585,148.9718301446463,151.50512207262017,56182000,-0.014496592130024633
2023-03-08,150.6869659423828,151.27840377958802,149.6618240709013,150.6278251668401,47204800,0.008377189489226389
2023-03-09,148.43954467773438,152.33313497413033,148.08468493947933,151.3671337581158,53833600,-0.014914503391804779
2023-03-10,146.37936401367188,148.7845223003039,145.50207415084836,148.06495118697146,68572400,-0.013878920664538552
2023-03-13,148.3212432861328,150.95311305935627,145.59079552733544,145.69922529511118,84457100,0.013266072615806479
2023-03-14,150.4109649658203,151.2093955139033,147.95653254628945,149.11967456920323,73695900,0.014089159673885243
2023-03-15,150.8052520751953,151.0615337650689,147.77908558210245,149.03095372752588,77167900,0.0026213987089611646
2023-03-16,153.6244659423828,154.22575573590098,149.47457818041434,149.98715678494457,76161100,0.018694401079491385
2023-03-17,152.7865753173828,154.50173325502132,152.07685582876627,153.85115455030763,98944600,-0.005454148334121833
2023-03-20,155.15228271484375,155.5662982460434,151.94869352566715,152.85556893212473,73641400,0.015483738623937704
2023-03-21,157.0054473876953,157.1237289497417,154.3045697408097,155.07344501678244,73938300,0.011944166340481788
2023-03-22,155.57615661621094,159.82460651427928,155.5564380089166,157.0251659140942,75701800,-0.009103447015790578
2023-03-23,156.66043090820312,159.24302685232914,155.4282812343858,156.56186795883147,67622100,0.006969411737474562
2023-03-24,157.9615936279297,158.0503047976887,155.59587218901564,156.5914437450547,59196500,0.008305624542096268
2023-03-27,156.0197296142578,158.47417734472043,155.61558088418133,157.6560281012329,52390300,-0.012293266793989344
2023-03-28,155.398681640625,156.2266974968931,153.75253179068108,155.71411911746748,45992200,-0.003980573323439818
2023-03-29,158.47415161132812,158.7501519087846,157.0744315196879,157.09413508315754,51305700,0.019790836950698498
2023-03-30,160.04147338867188,160.14990317241256,158.96704237580855,159.22332411879057,49501700,0.00989007835919975
2023-03-31,162.54515075683594,162.64372872999678,159.59785887450244,160.1202890423036,68749800,0.01564392850897911
2023-04-03,163.79702758789062,163.91530912930577,161.87487733545584,161.92416632467473,56976200,0.007701717493421079
2023-04-04,163.26478576660156,164.4574983782598,162.75220722625122,164.22093523724538,46278300,-0.0032493985338254427
2023-04-05,161.42144775390625,162.69303455117807,159.489445623491,162.38746386000238,51511700,-0.01129048131255006
2023-04-06,162.30862426757812,162.60434321282244,159.686606015777,160.1104583059446,45390100,0.005496026246923691
2023-04-10,159.71617126464844,159.71617126464844,157.7940207437735,159.11488161033475,47716900,-0.01597236754749287
2023-04-11,158.50372314453125,160.04144339602837,158.21785602238293,160.03159161422226,47644200,-0.007591267124154699
2023-04-12,157.81375122070312,159.74575366976245,157.49831365463328,158.9177526201656,50133100,-0.00435303291392708
2023-04-13,163.19577026367188,163.43234843413578,159.11489082873655,159.3218986080038,68445600,0.034103612653132886
2023-04-14,162.8507843017578,163.94493394539444,161.48063430124813,162.23962776220338,49386500,-0.0021139393585793975
2023-04-17,162.87046813964844,163.02818690758198,161.68760746192598,162.73246797792896,41516200,0.00012087039049291093
2023-04-18,164.09274291992188,165.01932174992547,163.28444562876558,163.72803148121778,49923000,0.007504581979990599
2023-04-19,165.2362060546875,165.7586363174907,163.17604035173306,163.43233711220313,47720200,0.006968395520840609
2023-04-20,164.27020263671875,165.47278202514906,163.19577163848064,163.71820194187683,52456400,-0.005846197035346057
2023-04-21,162.66346740722656,164.0730393438838,162.14103717495192,162.69303779464673,58337300,-0.009781050998308283
2023-04-24,162.96905517578125,163.23520373133107,161.54961626736943,162.643765839196,41949600,0.0018786502797807358
2023-04-25,161.43133544921875,163.93505711689548,161.3918982344198,162.83105575677226,48714100,-0.009435654670169713
2023-04-26,161.42144775390625,162.91974586384254,160.47516529354857,160.73144699304368,45498800,-6.125016115976489e-05
2023-04-27,166.00506591796875,166.1529178634098,162.83104713478986,162.83104713478986,64902300,0.02839534787874287
2023-04-28,167.25689697265625,167.42448254310634,165.48261369922477,166.08390326571939,55275900,0.007540920801212714
2023-05-01,167.168212890625,168.01593249804148,166.2317821133474,166.86264216717663,52472900,-0.0005302267567820484
2023-05-02,166.1332244873047,167.91739013162538,165.14750459229282,167.66109333275145,48425700,-0.006191299083860402
2023-05-03,165.05877685546875,168.47922575134587,164.77292473257992,167.07950544573387,65136000,-0.006467385648787238
2023-05-04,163.42247009277344,164.65461977543495,161.96360907995128,162.535328337613,81235400,-0.009913479270042824
2023-05-05,171.09141540527344,171.81098674245246,168.32152976866723,168.53838935645695,113453200,0.04692711662078297
2023-05-08,171.0223846435547,171.36739258858663,169.65223472844943,170.0169462399646,55962800,-0.0004034729711904772
2023-05-09,169.31707763671875,171.06179068201072,169.14950709207488,170.57879765359286,45326900,-0.00997125031550783
2023-05-10,171.08151245117188,171.54480192353225,169.44521410372417,170.5492304195713,53724500,0.010420891023401824
2023-05-11,171.26878356933594,172.0967844383617,169.71134476851833,171.36736154745756,49514700,0.0010946309480255323
2023-05-12,170.3409423828125,171.8116866019269,168.79121464447562,171.3773676163626,45533100,-0.005417456510093177
2023-05-15,169.84744262695312,170.97271706576475,169.2551865805483,170.9233598849482,37266700,-0.0028971294214770182
2023-05-16,169.84744262695312,170.9036140002822,169.58092589990125,169.76847414998602,42110300,0.0
2023-05-17,170.45941162109375,170.69630196545663,168.21872838992437,169.4920742376562,57951600,0.003603050977250888
2023-05-18,172.78890991210938,172.97645812210007,170.35081330561755,170.76538642479474,65496700,0.013665999834574949
2023-05-19,172.8975067138672,174.11161490131875,172.68034719263906,174.11161490131875,55809500,0.0006284940498382241
2023-05-22,171.94989013671875,172.45331220735133,171.2095777379714,171.73273062815065,43570900,-0.005480799550896198
2023-05-23,169.343994140625,171.140492823502,169.06761204505847,170.89372201948225,50747300,-0.01515497331240967
2023-05-24,169.62039184570312,170.19290197111815,168.31744971265542,168.88007936551583,45143500,0.0016321671546768446
2023-05-25,170.75550842285156,171.65374258398057,169.47229739906246,170.18299842572435,56058300,0.0066920997221902034
2023-05-26,173.16400146484375,173.49962120538788,170.87397623432938,171.08127033696854,54835000,0.014104921499972445
2023-05-30,175.00987243652344,176.6780456265802,174.28930584342234,174.6742677286896,55964400,0.010659669192585763
2023-05-31,174.9605255126953,177.03340659281355,174.47684924421523,175.03949398887755,99625300,-0.00028196651503775705
2023-06-01,177.76382446289062,177.79343575638538,174.64463768008144,175.40469602373648,68901800,0.01602246530742102
2023-06-02,178.6127166748047,179.43199760539318,176.94454352013497,178.69168514468382,61996900,0.004775393500218383
2023-06-05,177.26040649414062,182.56103856696868,175.74028990045602,180.27101332814428,121946500,-0.0075711864521168515
2023-06-06,176.89520263671875,177.79343698174293,175.13818052764557,177.64538051324874,64848400,-0.002060267516276637
2023-06-07,175.52316284179688,178.86937468745242,175.02962118278163,176.13514967923302,61944600,-0.007756229532914882
2023-06-08,178.2376251220703,178.50412674833163,175.1677956906412,175.60209965770608,50214900,0.015464980440900833
2023-06-09,178.62257385253906,179.8761586114367,178.29683460490384,179.15559212759166,48900000,0.002159750110029224
2023-06-12,181.416015625,181.51472997018058,178.63244881890137,178.92857679274874,54274900,0.015638794762676822
2023-06-13,180.94219970703125,181.77134589189876,180.08344223425368,180.4387927508673,54929100,-0.002611764547558848
2023-06-14,181.573974609375,182.0082936822176,179.66891102186548,181.0014644735094,57462900,0.0034915840714144775
2023-06-15,183.60731506347656,184.11073706491703,181.406124051015,181.58380683437406,65433200,0.011198413530771445
2023-06-16,182.53143310546875,184.57470266619666,181.88983501651188,184.31805138125782,101256200,-0.005859690054483169
2023-06-20,182.62022399902344,183.69615593706706,182.0279832243918,182.0279832243918,49799100,0.0004864416612748723
2023-06-21,181.58384704589844,183.01511479137184,180.23153270863293,182.51169267844918,49515700,-0.005675039327136866
2023-06-22,184.58453369140625,184.63389085713814,181.29754526800113,181.36664831236425,51245300,0.016525074748247492
2023-06-23,184.2686767578125,185.13731475683954,182.6202496908907,183.15328303090953,53117000,-0.0017111776771168152
2023-06-26,182.8769073486328,185.6209974197008,182.83741558637178,184.4167547195407,48088700,-0.007552935385805815
2023-06-27,185.630859375,185.9565986299679,183.27173119056016,183.48889069387212,50730800,0.015059047455986851
2023-06-28,186.8054962158203,187.44709427325768,185.17681495512898,185.50253915791174,51216800,0.0063278101753942995
2023-06-29,187.14109802246094,187.61490879718235,186.49949997485513,186.63769101872532,46347300,0.0017965306880098897
2023-06-30,191.4645233154297,191.96793030893548,188.7895213028153,189.15475231695294,85213200,0.023102489718478836
2023-07-03,189.97402954101562,191.37568580561538,189.28305928715224,191.27697146600818,31458200,-0.007784699476458767
2023-07-05,188.858642578125,190.48732393792235,188.15780683402295,189.09554798353173,46920300,-0.005871260222175878
2023-07-06,189.33242797851562,189.53972207962792,186.756140199604,187.3878728511301,45094300,0.002508677357429656
2023-07-07,188.217041015625,190.1813422528557,187.7827370048323,188.93762268666168,46815000,-0.005891156495479999
2023-07-10,186.17376708984375,187.5359467558433,184.62403920180722,186.8153651594175,59922200,-0.010855945427447389
2023-07-11,185.6505889892578,186.85483156149365,184.18971023636405,186.71664053164818,46638100,-0.0028101601464263215
2023-07-12,187.31878662109375,189.22385000348103,186.03557542450565,187.22993768452707,60750200,0.008985684564310592
2023-07-13,188.07882690429688,188.72044002337208,187.32864909209994,188.03935020331573,41342300,0.004057469605227126
2023-07-14,188.22689819335938,188.71055932283986,187.18059240914323,187.77283329330808,41616200,0.0007872831381379175
2023-07-17,191.48428344726562,191.81002272437502,189.33243414864154,189.42126802557274,50520200,0.017305631050457126
2023-07-18,191.22760009765625,191.8198559679377,189.93452367795723,190.85251877072426,48288200,-0.0013404930419789185
2023-07-19,192.5799102783203,195.66947000209956,190.16154474141445,190.60574416603285,80507300,0.0070717311725581045
2023-07-20,190.6353759765625,193.93223012421538,190.01350876450033,192.57005054034346,59581200,-0.010097285324037863
2023-07-21,189.46075439453125,192.45161532627134,188.75991868585442,191.59285775033445,71951700,-0.006161613897809115
2023-07-24,190.26026916503906,192.392372294224,189.76672761078473,190.91174763146105,45377800,0.004219949261063949
2023-07-25,191.11903381347656,191.92844922240585,190.4280786239598,190.83278632842445,37283200,0.004513630997192486
2023-07-26,191.98770141601562,193.11297577300414,190.82295035426253,191.1684204714641,47471900,0.004545165309839616
2023-07-27,190.72421264648438,194.65279947329122,190.06286872536143,193.48804855415668,47460200,-0.006581092227326613
2023-07-28,193.30050659179688,194.09017617119656,191.63233355900982,192.15548645475204,48291400,0.013507954284167178
2023-07-31,193.91249084472656,193.95198260711592,192.7378594315981,193.52752900074864,38824100,0.0031659733526827605
2023-08-01,193.08334350585938,194.1888718595327,192.75760424557473,193.7052107356477,35175100,-0.0042758841127522595
2023-08-02,190.09246826171875,192.65887532596588,189.37190180440743,192.52068429221174,50389300,-0.015490073819080408
2023-08-03,188.70068359375,189.8851803589987,188.22688789998924,189.09552588996192,61235200,-0.007321619213511155
2023-08-04,179.63926696777344,184.9596445164711,179.57016391801557,183.12366926443607,115956800,-0.04802005193306402
2023-08-07,176.53985595703125,180.76457131743229,175.0592309925441,179.77748800777417,97576100,-0.0172535273777209
2023-08-08,177.4775390625,177.9414693105031,175.2862134413724,177.36895932229305,67823000,0.005311452761675328
2023-08-09,175.8883514404297,178.59294967088076,174.72358547458126,178.53372709089916,60378500,-0.008954302783692913
2023-08-10,175.6712188720703,178.41530928434332,175.30600286506225,177.1617092563292,54686900,-0.0012344908948271893
2023-08-11,175.7305145263672,176.55090180538758,174.50488805624465,175.26597277471524,52036700,0.0003375376722356549
2023-08-14,177.3811492919922,177.60848075837384,175.2560457553654,175.90840396188517,43675600,0.00939298886180251
2023-08-15,175.39442443847656,177.40090780634856,174.99906405268155,176.80786722765603,43622600,-0.011200315599743993
2023-08-16,174.524658203125,176.47182426987777,174.4554618287455,175.0781688700227,46964900,-0.0049589161008744
2023-08-17,171.98440551757812,175.4537406821077,171.47042491030345,175.08803154260252,66062900,-0.01455526520837147
2023-08-18,172.46875,173.0716844916875,169.96805819399307,170.30411608587545,61172200,0.0028162116266545745
2023-08-21,173.80308532714844,174.08973444525807,171.7274205434044,173.0420157807921,46311900,0.007736678831083532
2023-08-22,175.177001953125,175.62178623446252,174.20835828322907,175.00897300604348,42038900,0.007905018621449988
2023-08-23,179.02194213867188,179.44696895877536,176.2642675025049,176.45206899868776,52722800,0.021948886798369482
2023-08-24,174.33682250976562,179.00214733275968,173.9710983264249,178.57712060131817,54945800,-0.026170644631243634
2023-08-25,176.541015625,177.07475372946672,173.78334110152613,175.3252679389123,51449600,0.012643302106248422
2023-08-28,178.1027069091797,178.49806733287568,176.48170504077262,178.003859262239,43820700,0.008846053585060076
2023-08-29,181.98716735839844,182.75813070921157,177.4206898063463,177.61837000977968,53003900,0.021810226900142338
2023-08-30,185.4762725830078,185.67396786591692,182.5999932338842,182.79767343476072,60813900,0.01917225964475877
2023-08-31,185.69374084472656,186.92926105598286,185.30825914209595,185.66408956621913,60794500,0.001172485616031782
2023-09-01,187.26535034179688,187.7200133732383,186.09901131803056,187.29500162288934,45766500,0.008463448955904562
2023-09-05,187.5025177001953,187.77927298177536,185.43673181910435,186.09896874874457,45280000,0.0012664775302295705
2023-09-06,180.7912139892578,186.66240873519862,179.36789222272253,186.21760937163043,81755800,-0.035793139170901433
2023-09-07,175.50314331054688,176.14562276256126,171.5297067502884,173.15070839406067,112488800,-0.029249599922621994
2023-09-08,176.115966796875,178.15211655476327,175.7304851357375,176.2840107997074,65551300,0.0034918091765669956
2023-09-11,177.28233337402344,178.21144703159865,175.2857283917044,177.9841155245434,58953100,0.006622719100157992
2023-09-12,174.25775146484375,178.04338672084478,172.79489994360574,177.4108010563609,90370200,-0.01706081960687278
2023-09-13,172.19200134277344,175.24620393193433,171.96465474647994,174.46534664942806,84267900,-0.011854566610123407
2023-09-14,173.70423889160156,174.06006926639952,171.56925664281374,171.98438956640607,60895800,0.008782275233666592
2023-09-15,172.98268127441406,174.45542656560403,171.80647888602266,174.4356540223445,109259500,-0.004153943633107171
2023-09-18,175.90841674804688,177.30208708635865,174.1292647291417,174.43567131089117,67257600,0.016913458920153612
2023-09-19,176.9956512451172,177.5491617634896,175.0781218907339,175.46360350760258,51826900,0.006180684910759959
2023-09-20,173.45712280273438,177.6183455616589,173.36815390370754,177.183440124748,58436200,-0.019992177307692094
2023-09-21,171.91519165039062,174.25774788080986,171.84601037143327,172.52801984046553,63149100,-0.008889408099414409
2023-09-22,172.76524353027344,175.0287248458324,172.03382526857388,172.6466384244914,56725400,0.004944600135231125
2023-09-25,174.04031372070312,174.92000347180993,172.13266274999066,172.1820865728236,46172700,0.007380362880721858
2023-09-26,169.96803283691406,173.17049122867175,169.67150500159482,172.79490338049743,64588900,-0.023398491974245594
2023-09-27,168.45574951171875,171.0355161486817,167.09174554279588,170.6203831944849,66921800,-0.008897457362740502
2023-09-28,168.7127685546875,170.03724268196555,165.6783234920371,167.37840061261642,56294400,0.0015257362465439517
2023-09-29,169.2267303466797,171.06518493104676,168.36679806748614,170.02734498983367,51861100,0.0030463716314725886
2023-10-02,171.7373046875,172.28093658205415,168.9499639274405,169.23661305458424,52164500,0.014835566081535356
2023-10-03,170.40293884277344,171.61870157072957,168.84125459232132,170.26456118455488,49594600,-0.007769807772135651
2023-10-04,171.64833068847656,172.19196251916273,168.9894891655102,169.10809426237566,53020300,0.007308511544229956
2023-10-05,172.8838653564453,173.41760341955526,170.67968657288918,171.77682905786853,48527900,0.007198058163531584
2023-10-06,175.43399047851562,175.92819856079907,171.17390414032383,171.78673241813826,57266700,0.014750509637279086
2023-10-09,176.91659545898438,176.97589800927489,173.76354582426052,174.7618406122257,42390800,0.008451070265373284
2023-10-10,176.32354736328125,177.6381425852869,175.88864186643335,176.03691333055846,43698000,-0.003352133778996569
2023-10-11,177.7172088623047,177.76663268122664,175.5426965680271,176.13573714899445,47551100,0.007904001024616747
2023-10-12,178.61668395996094,180.227791982292,176.96601576479657,177.98409824545533,56743100,0.005061271800375744
2023-10-13,176.7782440185547,179.82255265296823,176.0764618780152,179.31846581874476,51427100,-0.010292655202457812
2023-10-16,176.64971923828125,177.00554962273654,174.46531311220224,174.7025383958498,52517000,-0.0007270395799380269
2023-10-17,175.097900390625,176.35319301979084,172.7751316803463,174.60369235668924,57549400,-0.008784722978036674
2023-10-18,173.80308532714844,175.52293478970745,173.08154578913502,173.54610256783715,54764400,-0.007394806337414517
2023-10-19,173.42750549316406,175.77992569036093,173.16062890788183,174.0007735918687,59302900,-0.0021609503264997665
2023-10-20,170.8773651123047,173.3879351486228,170.6401398397108,173.27920878393786,64244000,-0.014704359459058791
2023-10-23,170.99600219726562,171.99429712738208,167.96155723103598,168.93021596381925,55980100,0.0006942820360260615
2023-10-24,171.43089294433594,171.65822442721412,169.4639394511676,171.045411263789,43816600,0.0025432802023559464
2023-10-25,169.1179962158203,171.05528327402416,168.6731969171006,169.88895954662036,57157000,-0.01349171487584
2023-10-26,164.9567413330078,169.3947344867521,163.75087263790635,168.39642470029793,70625300,-0.02460563024589124
2023-10-27,166.27137756347656,167.00281099505466,164.89747962237493,164.97655472973753,58499100,0.007969581720912
2023-10-30,168.31736755371094,169.18717852998205,166.91381853056686,167.06208999172168,51131000,0.012305124431012171
2023-10-31,168.79183959960938,168.92032345051314,165.95507483465602,167.3882903979478,44846000,0.0028189131804656764
2023-11-01,171.95477294921875,172.21175573979943,168.1493644262673,169.01917553597846,56934900,0.018738662704975262
2023-11-02,175.51304626464844,175.72060519042475,173.42748778366638,173.48679033388817,77334800,0.020693076757343
2023-11-03,174.60369873046875,174.77174274032964,171.34193765305042,172.22162738228718,79829200,-0.005181082281533245
2023-11-06,177.15382385253906,177.35150406781844,174.16881791314302,174.33684685023218,63841300,0.014605218220530736
2023-11-07,179.71385192871094,180.32666518466948,176.896859550255,177.10441851925728,70530000,0.014450876760655262
2023-11-08,180.7714385986328,181.32494925868284,179.48649451949703,180.23770048559436,49340300,0.005884836692173323
2023-11-09,180.29701232910156,181.9871956757889,179.70395654448856,180.84064428465763,53763500,-0.0026244536925139617
2023-11-10,184.48348999023438,184.65175539538808,181.6430032262288,182.07848170612579,66133400,0.02321989481162956
2023-11-13,182.8999481201172,184.11729742228064,182.31601793716675,183.9094650326421,43627500,-0.008583650874129822
2023-11-14,185.5128173828125,186.17592689168708,184.38453902262373,185.7701387274506,60108400,0.014285784602734442
2023-11-15,186.07691955566406,187.55160515956638,185.84928859059917,185.91857611582427,53790500,0.0030407719574843117
2023-11-16,187.7594757080078,188.9966236513369,186.7103615664657,187.6209157424311,54412900,0.009042261428024334
2023-11-17,187.73968505859375,188.42259316852056,186.63120528706287,188.29392494435922,50922700,-0.00010540426436234096
2023-11-20,189.48158264160156,189.93685974559065,187.92773262314063,187.93762437034974,46505100,0.009278259854671456
2023-11-21,188.67990112304688,189.55085808280586,187.78916067013205,189.44198846283598,38134500,-0.004230920532635851
2023-11-22,189.34300231933594,190.9463411053134,188.8679417719912,189.52115946327928,39617700,0.00351442412436187
2023-11-24,188.0167694091797,188.93720009481962,187.30417109040621,188.90750975669584,24048300,-0.007004393581546253
2023-11-27,187.83865356445312,188.70961061258598,186.95780476873864,187.96732179253766,40552600,-0.000947340204207725
2023-11-28,188.44236755371094,189.11538388382388,187.45264920500045,187.82874701011957,38415400,0.003214002963722651
2023-11-29,187.42295837402344,190.11499348364924,187.02707707633283,188.93722623545,43014200,-0.005409660220899837
2023-11-30,187.99700927734375,188.36321535895866,186.2551103094808,187.88813964798328,48794400,0.003062863313547437
2023-12-01,189.2737274169922,189.59042941044567,187.2843840288066,188.37308016671426,45704800,0.006791161968778825
2023-12-04,187.48233032226562,188.09596593756666,185.52269231677565,188.02667840765253,43389500,-0.009464584013712085
2023-12-05,191.43130493164062,192.40122460244103,188.22461231756913,188.25431775925796,66628400,0.021063182874818454
2023-12-06,190.34262084960938,192.7575206909756,190.1347733725338,192.45071045016567,41089700,-0.005687074443858631
2023-12-07,192.2725830078125,192.99507315570867,191.59956669458757,191.63916388460834,47477700,0.010139411496955297
2023-12-08,193.69776916503906,193.97488907234165,191.67873543823174,192.2032849129047,53406400,0.007412321272912026
2023-12-11,191.19378662109375,191.50061200003438,189.45188773429211,191.12451418849048,60943700,-0.012927265784934305
2023-12-12,192.7080535888672,192.71794533501543,189.748790485074,191.09480795445688,52696900,0.007920063693149126
2023-12-13,195.92465209960938,195.96423418895137,192.8466274130704,193.08415015292962,70404200,0.01669156244816139
2023-12-14,196.07310485839844,197.567574144968,194.14315707722483,195.98403383047588,66831600,0.0007577033170567127
2023-12-15,195.53866577148438,196.36011872958818,194.9745190512041,195.4990685795855,128538400,-0.00272571338787142
2023-12-18,193.87594604492188,194.60834313263763,192.3913683739152,194.07388671400844,55751900,-0.008503278469260023
2023-12-19,194.9151153564453,194.92500710230044,193.87590816937887,194.14313632648785,40714100,0.005359970294007699
2023-12-20,192.8268280029297,195.6475162401682,192.8268280029297,194.87553713507947,52242800,-0.010713829708366762
2023-12-21,192.67837524414062,195.0537085192927,191.5105147545003,194.08378869377222,46482500,-0.0007698760609535782
2023-12-22,191.60946655273438,193.40085423729087,190.98593919883143,193.17320815773428,37149600,-0.005547631850496226
2023-12-26,191.0651397705078,191.8964996004414,190.84740051477698,191.6193796571302,28919300,-0.0028408136195962053
2023-12-27,191.16407775878906,191.51048519395766,189.12526053943682,190.51087517820892,48087700,0.0005178233371094798
2023-12-28,191.5896759033203,192.65857351066379,191.18388776405135,192.14391575114956,34049900,0.002226350000067878
2023-12-29,190.55044555664062,192.40121377472641,189.75866796911842,191.90635467026271,42672100,-0.005424250246156781
2024-01-02,183.73129272460938,186.50250680575422,181.99928581163158,185.2257618242656,82488700,-0.03578660134911238
2024-01-03,182.35560607910156,183.96885182302105,181.5440297827802,182.32591573673892,58414500,-0.00748749233245638
2024-01-04,180.03965759277344,181.2075179249861,179.0202489631632,180.27718031693732,71983600,-0.01270017706679949
2024-01-05,179.31716918945312,180.88092604513352,178.31755906038765,180.11885376441708,62379700,-0.0040129403320378065
2024-01-08,183.6521453857422,183.69174257913158,179.63389106527006,180.21782130157615,59144500,0.024174908715567822
2024-01-09,183.23643493652344,183.24632668227045,180.8512103460259,182.0289774717032,42841800,-0.002263575240820548
2024-01-10,184.27565002441406,184.48348240733844,182.02898528742006,182.45457200324566,46792900,0.005671443500036677
2024-01-11,183.68182373046875,185.12681915669637,181.73207738578324,184.62205313633504,49128400,-0.003222489210411905
2024-01-12,184.0084228515625,184.8199990991005,183.28593272766105,184.14698280822722,40477800,0.0017780698953262508
2024-01-16,181.7419891357422,182.3655014396163,179.06973745492456,180.28710192352952,65603000,-0.012317010714496535
2024-01-17,180.8017578125,181.0491874231052,178.4462381888341,179.40626628613458,47317400,-0.005173440258431028
2024-01-18,186.6905517578125,187.19530261085842,183.91933773499053,184.17665903424702,78005800,0.032570446308489265
2024-01-19,189.59043884277344,189.97642838325277,186.8786203129096,187.38337121910467,68903000,0.015533121829983454
2024-01-22,191.89646911621094,193.3216657993532,190.28322355100102,190.32282073770045,60133900,0.012163220294826527
2024-01-23,193.1732177734375,193.73736447446063,191.83710707958323,193.01487431695855,42355600,0.006653320215357139
2024-01-24,192.5001983642578,194.36087349468033,192.3418398208385,193.41073733606618,53631300,-0.0034840202846806445
2024-01-25,192.173583984375,194.251998276528,191.12448509283354,193.2127911304515,54822100,-0.0016966963289293258
2024-01-26,190.4415740966797,192.75751105858055,189.966513589549,192.27255880614135,44594000,-0.009012736567561408
2024-01-29,189.7587127685547,190.2238816447227,187.63082415775594,190.0358327243265,47145600,-0.0035856736186098415
2024-01-30,186.1066436767578,189.82799457367844,185.54251203451676,188.97683613469175,55859400,-0.01924585721790406
2024-01-31,182.50404357910156,185.17629499887522,182.45456974695213,185.11689921687164,55467800,-0.01935771892116589
2024-02-01,184.9387664794922,185.02783750412453,181.93002942176474,182.0982797244824,64885400,0.013340651815943794
2024-02-02,183.93914794921875,185.40392677166545,177.4070012757119,178.01073002917815,102551700,-0.005405132462502293
2024-02-05,185.7503204345703,187.30418539055444,183.9292424150712,186.21548923655902,69668800,0.009846585164413169
2024-02-06,187.35366821289062,187.36355995873058,184.8496822422945,184.93875326056028,43490800,0.008631736271405677
2024-02-07,187.46253967285156,189.08567701882757,186.6707620426896,188.67988890685803,53439000,0.000581101298946729
2024-02-08,186.38375854492188,187.59120098390878,185.42373058041275,187.44274927884152,40962000,-0.00575464906115275
2024-02-09,187.14682006835938,188.27653811843788,186.30447993507684,186.9486117161699,45155200,0.004094034423356652
2024-02-12,185.4621124267578,186.96840797825126,185.10535861511914,186.72066269575697,41781900,-0.009002063946297323
2024-02-13,183.3711395263672,184.53060074172208,181.85493962465304,184.094566630165,56529500,-0.011274393853442088
2024-02-14,182.4891815185547,183.85674041023526,180.79461213824646,183.64864282656313,54630500,-0.00480968820988148
2024-02-15,182.20181274414062,182.82613576875198,179.71445525689393,181.8946109768474,65434500,-0.0015747167696340547
2024-02-16,180.66578674316406,183.18288755084293,180.03155935687485,181.76577652013776,49752500,-0.00843035520801072
2024-02-20,179.92254638671875,180.78469520216953,178.3766181157698,180.15046783149373,53665600,-0.00411389654811567
2024-02-21,180.6757049560547,181.24055639365764,179.03067248659073,180.2991272502037,41371400,0.0041860155075681416
2024-02-22,182.70718383789062,183.29187418944446,180.81442139510878,181.825211247954,52292200,0.011243785556724673
2024-02-23,180.8739013671875,183.3711632214272,180.58650833781007,183.34143499372246,45119700,-0.010033992272190706
2024-02-26,179.52615356445312,181.11171437415507,179.0207434868858,180.59641504961763,40867400,-0.007451311618464795
2024-02-27,180.98291015625,182.26126931281985,177.94059046680667,179.46671005654383,54318900,0.008114453314312708
2024-02-28,179.78379821777344,181.46846314665845,178.50543918901624,180.86396404098633,48953900,-0.0066255534151888895
2024-02-29,179.11984252929688,180.9234354771045,177.9108443188521,179.63515696026653,136682600,-0.003693078548003048
2024-03-01,178.03968811035156,178.90183692569335,175.78025215753124,177.93067957222544,73563100,-0.0060303448445062635
2024-03-04,173.5208282470703,175.30458245485661,172.2226300679557,174.56134649455421,81510100,-0.02538119399805061
2024-03-05,168.58572387695312,170.48840604509627,168.0902332564625,169.21995126633416,95132400,-0.028440991320593856
2024-03-06,167.59475708007812,169.69564777442116,167.1587228770791,169.5172632726602,68587700,-0.005878118111580344
2024-03-07,167.47581481933594,169.1902079797121,166.97041987504164,167.62445594378354,71765100,-0.0007097015611613466
2024-03-08,169.19021606445312,172.13343143853632,167.41636636953461,167.4758228221548,76267000,0.010236709383779408
2024-03-11,171.1920166015625,172.80732093128213,170.49833272784605,171.38030546468005,60139500,0.011831656603280116
2024-03-12,171.66766357421875,172.46045153320196,169.4676841705973,171.58838326620315,59825400,0.0027784413204459124
2024-03-13,169.58660888671875,171.6280276345068,169.21993557914925,171.21181736641944,52488700,-0.01212257826646701
2024-03-14,171.4397430419922,172.73792596009017,170.49831395125625,171.35055836544484,72913500,0.010927361349098552
2024-03-15,171.06317138671875,171.06317138671875,168.75418335618096,169.62625165850892,121752700,-0.002196524846524106
2024-03-18,172.15325927734375,176.107279800922,171.95506605696912,173.98658058844927,75604200,0.0063724288623217
2024-03-19,174.49197387695312,175.01719271038215,171.46947815172825,172.76766112194616,55215200,0.013585073029849681
2024-03-20,177.05862426757812,177.05862426757812,173.51090945491785,174.1352325028599,53423100,0.014709274779795445
2024-03-21,169.82444763183594,175.8892630091755,169.29922879245808,175.45322885093574,106181300,-0.040857521996836565
2024-03-22,170.72622680664062,171.48928650593083,168.52624750200687,170.21091238831212,71160100,0.005310066880121145
2024-03-25,169.30914306640625,170.3893089389317,167.92176032191367,169.03166954174233,54288300,-0.00830032834872707
2024-03-26,168.179443359375,169.8740129173693,168.05061095138228,168.46682128354186,57388400,-0.0066724081557022474
2024-03-27,171.7469482421875,172.0343412561863,168.575811446925,168.87310882923745,60273300,0.02121249072747422
2024-03-28,169.93345642089844,170.67669234048742,168.97220342186947,170.20102558587905,65672700,-0.010559091965533951
2024-04-01,168.49652099609375,169.70551918920845,167.95147834818596,169.64606274055888,46240500,-0.008455871227885936
2024-04-02,167.31727600097656,167.81276664190898,166.71277681419204,167.5551169522469,49329500,-0.006998631117995147
2024-04-03,168.11996459960938,169.14067408704202,167.05962251511946,167.2677201117247,47691700,0.0047974041761720265
2024-04-04,167.29745483398438,170.3694875068381,167.29745483398438,168.7541832986243,53704400,-0.004892397923018099
2024-04-05,168.0506134033203,168.85330584999502,167.4262903353845,168.06051777285862,42104800,0.004501912895706228
2024-04-08,166.9307861328125,167.67402205960258,166.72268854116854,167.50555706407098,37425500,-0.006663630961109557
2024-04-09,168.1397705078125,168.54607640984824,166.83168324813985,167.17851757917794,42373800,0.007242429051032673
2024-04-10,166.26681518554688,167.56499806522814,165.60285963338822,167.27762018668898,49709300,-0.011139276071383764
2024-04-11,173.4613494873047,173.87757491447604,166.64340884278624,166.8217782077108,91070300,0.04327101769363306
2024-04-12,174.95773315429688,176.75140669942581,172.63884078505302,172.68837774790788,101670900,0.008626611469442658
2024-04-15,171.13253784179688,175.03700600653332,170.94424900321735,173.7784557074799,73531800,-0.02186353951629294
2024-04-16,167.8524169921875,172.1929047923956,166.75242714722782,170.20103782824683,73711200,-0.019167137301742576
2024-04-17,166.48483276367188,169.1109267558204,166.48483276367188,168.08031301583728,50901200,-0.008147539684098093
2024-04-18,165.5334930419922,167.11906901091456,165.0479219314042,166.51456987389489,43122900,-0.005714272621038852
2024-04-19,163.51190185546875,164.89926951971245,162.6002009445124,164.7109957890585,68149400,-0.01221258096698652
2024-04-22,164.34432983398438,165.75152141981465,163.28398774037723,164.0272236912775,48116400,0.005090932030448858
2024-04-23,165.39476013183594,165.54341638804536,163.43262154349364,163.85875133255257,49537800,0.006391643075928988
2024-04-24,167.49566650390625,167.77314006308927,164.71101142134987,165.03802194946388,48251800,0.012702375639927599
2024-04-25,168.35780334472656,169.07131105182287,166.63349053238153,168.0010494911784,50558300,0.005147218783718266
2024-04-26,167.77313232421875,169.79472746518425,167.65420428921547,168.34790327634968,44838400,-0.003472788364378032
2024-04-29,171.9352264404297,174.4424074952563,171.5388400360099,171.80639405446584,68169400,0.02480787035773857
2024-04-30,168.79383850097656,173.41181476528868,168.46681287321124,171.76678225756265,65934800,-0.01827076396436722
2024-05-01,167.77313232421875,171.1523820898212,167.58484346320657,168.05060587060277,50383100,-0.006047058268373373
2024-05-02,171.46946716308594,171.85594920671264,169.34876810707777,170.95415273119292,94214900,0.022031744819093424
2024-05-03,181.7261505126953,185.313497878847,181.01264278710423,184.9666483851495,163224100,0.059816383168988185
2024-05-06,180.0712127685547,182.53874644704828,178.79283846563771,180.70544017490002,78569700,-0.00910676718497383
2024-05-07,180.75498962402344,183.23244296383282,179.6847430878599,181.79552305097843,77305800,0.0037972580122931365
2024-05-08,181.0919189453125,181.4189445721307,179.81354466582562,181.20092748758523,45057100,0.0018640111788332803
2024-05-09,182.90541076660156,182.99459544718977,180.4675903156434,180.91352883975787,48983000,0.010014206221077737
2024-05-10,181.6451416015625,183.669478466616,180.73220418072017,183.48093424482693,50759500,-0.006890278203126821
2024-05-13,184.85035705566406,185.6640710757596,183.2030934113359,184.01680743143146,72044800,0.017645478573449447
2024-05-14,185.9915313720703,186.8548647149755,184.8602810891409,186.07091921634225,52393600,0.00617350344669676
2024-05-15,188.2639617919922,189.1868170758504,185.93199122253947,186.46785537715886,70400000,0.012217924134276581
2024-05-16,188.38304138183594,189.6333810173086,188.2044300863017,189.00821119957226,52845200,0.0006325139910490218
2024-05-17,188.41281127929688,189.34559954047234,187.72810435814964,188.0555735439889,41282900,0.00015802854249824527
2024-05-20,189.57383728027344,190.44708847543168,187.55941793463836,187.8769693298537,44361300,0.006162139363524943
2024-05-21,190.87379455566406,191.2508679069906,189.45476137627725,189.62345487533878,42309400,0.006857260970398071
2024-05-22,189.4348907470703,191.34016861791716,188.80973611420333,190.79438668312676,34648500,-0.007538508950080791
2024-05-23,185.44578552246094,189.53416154393335,185.19770415918353,189.51431079519944,51005900,-0.02105792237574411
2024-05-24,188.52198791503906,189.11738925170476,186.5968740870629,187.37090188140232,36327000,0.016588149382373185
2024-05-28,188.5319061279297,191.51880009814326,187.64873713728954,190.04022981736387,52280100,5.2610377178297085e-05
2024-05-29,188.82958984375,190.7745542503335,188.05557725890648,188.15481585355153,53068000,0.0015789566972197466
2024-05-30,189.82191467285156,190.70508365256933,189.16699143181853,189.29598343446253,49889100,0.005255134165798259
2024-05-31,190.7745361328125,191.09208749217237,188.45249859880175,189.9707550742459,75158300,0.005018500954448557
2024-06-03,192.5408935546875,193.49353258818425,191.04248767189634,191.41956102246726,50080500,0.009258874154175922
2024-06-04,192.8584442138672,193.82100104656786,191.548567440495,193.1462119125533,47471400,0.0016492634542049078
2024-06-05,194.36676025390625,195.38885414673365,193.3744349100596,193.90036613096368,54156800,0.007820845212079153
2024-06-06,192.9874267578125,194.9919281725913,192.67980832687616,194.1881470745491,41181800,-0.007096550327287954
2024-06-07,195.37893676757812,195.42855606321456,192.65004206608782,193.1561225415401,53103900,0.012392050870582594
2024-06-10,191.6378631591797,195.7857909182053,190.6753063763642,195.3888517006261,97010200,-0.019147783636722315
2024-06-11,205.5601806640625,205.57011360777915,192.14395345618084,192.16378906024917,172373300,0.07264909593214641
2024-06-12,211.4347686767578,218.51003809526938,205.3121079690946,205.77850209290926,198134300,0.028578433788671642
2024-06-13,212.5957794189453,215.08651049080893,209.97604121171418,213.09194207290335,97862700,0.005491106072353036
2024-06-14,210.85923767089844,213.51866257545944,209.678367977573,212.2088008716011,70122700,-0.008168279505797793
2024-06-17,215.00714111328125,217.26964179829142,211.08745883873982,211.7324642876032,93728300,0.019671433360945345
2024-06-18,212.64540100097656,216.95210469802018,211.36530791117931,215.92007781385274,79943300,-0.010984472888090457
2024-06-20,208.07077026367188,212.59578653831548,207.24715355520107,212.28815296354617,86172500,-0.02151295403413722
2024-06-21,205.8975830078125,210.26380829361358,205.52049454653314,208.77532033595196,241805100,-0.010444462012157985
2024-06-24,206.54258728027344,211.0675882243761,205.00448003735443,206.12581247138846,80727000,0.003132646158534369
2024-06-25,207.4654541015625,209.75772308170346,207.0089778092255,207.54482679949032,55549700,0.004468167235828879
2024-06-26,211.6133575439453,213.21100178687283,209.02338806048346,209.87678837301024,66213200,0.01999322470502607
2024-06-27,212.4568634033203,214.0842763709762,210.7202940415425,213.04233172557286,49772700,0.003986070960571686
2024-06-28,209.00357055664062,214.41175609103416,208.686034302842,214.1140554431902,82542700,-0.016254089377776837
2024-07-01,215.08653259277344,215.84069445328046,210.29359904602236,210.46229254870087,60402900,0.029104584289789903
2024-07-02,218.5795135498047,218.6886699462021,213.44919320249295,214.4911227279333,58046200,0.016239886872157383
2024-07-03,219.8496856689453,219.8496856689453,217.34902153194005,218.31157833867707,37369800,0.005811030038966658
2024-07-05,224.60292053222656,224.71207692855523,219.94891212590596,219.94891212590596,60412400,0.02162038507727848
2024-07-08,226.07156372070312,226.1013322692385,221.53662969916704,225.34715532852172,59085900,0.0065388427941917016
2024-07-09,226.92495727539062,227.63943274976205,224.63268810415036,226.180713251394,48076100,0.0037748823454055724
2024-07-10,231.1919403076172,231.29117889263895,227.49057123987387,227.54019053238477,62627700,0.018803498228924465
2024-07-11,225.823486328125,230.60648662367137,224.03729767642758,229.61416127735984,64710600,-0.023220766140675475
2024-07-12,228.7706756591797,230.8545649156238,226.92494993371525,227.16311346469493,53046500,0.01305085391681704
2024-07-15,232.60105895996094,235.409341553401,231.30111515749465,234.66509753137677,62631300,0.01674333167808495
2024-07-16,233.01783752441406,234.4567062015191,230.54694204130521,233.19644881294397,43234300,0.0017918171409738726
2024-07-17,227.12344360351562,229.6836449661141,224.9006292447048,227.6890612108438,57345900,-0.025295891436984408
2024-07-18,222.45948791503906,228.67145424701283,220.56415801938329,228.51267855827928,66034600,-0.020534893335882654
2024-07-19,222.58851623535156,225.05941202320642,221.56642224710646,223.09461189863717,49151500,0.0005800081692257653
2024-07-22,222.24119567871094,226.03187070395737,221.3778623137636,225.26777593230437,48201800,-0.001560370510190201
2024-07-23,223.2831268310547,225.19832267550643,220.97100689389265,222.64803919770813,39960300,0.004688289896757292
2024-07-24,216.86279296875,223.0747598557794,215.46362561910502,222.28089648286087,61777600,-0.028754227663439047
2024-07-25,215.8208465576172,219.15506035064124,212.97286249707204,217.24978234747041,51391200,-0.00480463428912381
2024-07-26,216.28724670410156,217.80550332568987,214.35220009781358,217.02155779536062,41601300,0.0021610523446808916
2024-07-29,216.56507873535156,217.61694112977094,214.09418328948692,215.29490356378676,36311800,0.0012845511489176786
2024-07-30,217.12078857421875,218.63904514115285,214.46134877521007,217.50779485320817,41643800,0.0025660177629389658
2024-07-31,220.3756103515625,222.10226187087767,218.93674165630796,219.7405227481965,50036300,0.014990834358687533
2024-08-01,216.6841583251953,222.7571844619209,215.35444602521784,222.64802807062824,62501000,-0.01675072854241111
2024-08-02,218.17263793945312,223.86859053089324,216.03914463167754,217.46808032420208,105568600,0.006869351344199082
2024-08-05,207.66392517089844,211.8614570593827,194.49576385779395,197.56204548052773,119548600,-0.0481669602008985
2024-08-06,205.6396026611328,208.37843064571763,199.52688928096438,203.72442177434476,69660500,-0.00974807014795509
2024-08-07,208.20970153808594,212.00037630720823,204.80601788828693,205.31209833985366,63516400,0.012498073540767818
2024-08-08,211.67291259765625,212.5560815310077,207.22729938249148,211.47445056104476,47161100,0.016633283819086575
2024-08-09,214.5804443359375,215.11629337558463,210.3432107490655,210.47221789303094,42201600,0.013735965091612012
2024-08-12,216.11038208007812,218.07745621052726,214.19298467780987,214.65991863613397,38028100,0.007129902954928324
2024-08-13,219.82598876953125,220.44193777769505,217.58072790378117,217.58072790378117,44155300,0.017193096665186314
2024-08-14,220.27304077148438,221.5744891931242,218.2662191901357,219.13055181670978,41960600,0.0020336631007802364
2024-08-15,223.25347900390625,223.8793724762866,221.30626328939533,223.13426697458056,46414000,0.013530653692268357
2024-08-16,224.5747833251953,225.34969177239586,222.19043681447837,222.45867901826594,44340200,0.005918404170830227
2024-08-19,224.4158477783203,224.515201244893,221.5844407323156,224.24695901251525,40687800,-0.0007077176899458193
2024-08-20,225.0317840576172,225.68748051768907,223.97870407222223,224.29662301984854,30299000,0.002744620245827223
2024-08-21,224.9224853515625,226.4921759358446,223.58130467937312,225.04171252806572,34765500,-0.00048570341524156735
2024-08-22,223.06471252441406,226.84984597984075,222.43881906323927,226.30343225653021,43695300,-0.008259613636425356
2024-08-23,225.35963439941406,226.73063334528243,222.866020162344,224.187342377279,38677300,0.010288143960685003
2024-08-26,225.6973876953125,225.7967411465175,222.4288653159012,225.2801304868265,30602200,0.0014987302264601876
2024-08-27,226.54188537597656,227.35654136968387,223.4223774795666,224.52513427640764,35934600,0.0037417255436031915
2024-08-28,225.01193237304688,228.35993491185639,224.20720569696516,226.43259292076607,38052200,-0.006753510505973392
2024-08-29,228.29037475585938,231.39995310375193,227.3863249726349,228.59836441740794,51906300,0.014570082342909574
2024-08-30,227.5055389404297,228.89639643358683,225.99545426270925,228.68777538921813,52990800,-0.003437883950512699
2024-09-03,221.31619262695312,227.50553099413642,219.7266282681139,227.05847075546578,50190600,-0.027205255495327485
2024-09-04,219.40872192382812,220.33264539565292,216.06070449558098,220.2134333758585,43840200,-0.008618757988215542
2024-09-05,220.92872619628906,224.00848612752256,220.07433805346514,220.18362078658942,36615400,0.006927729486472467
2024-09-06,219.37892150878906,223.7700744804958,218.33577084564575,222.4884846157397,48423000,-0.007014953257472922
2024-09-09,219.4683380126953,219.82598924771256,215.2957503769675,219.37892899374344,67180000,0.00040758931300821644
2024-09-10,218.67356872558594,220.03462329185413,215.3156216628219,217.49133220778626,51591000,-0.0036213391612934798
2024-09-11,221.20692443847656,221.63411098197892,216.4680492147489,220.01475867053273,44587100,0.011585102523614665
2024-09-12,221.31619262695312,222.09110108310472,218.38544755210194,221.04795042006705,37455600,0.000493963689219612
2024-09-13,221.04795837402344,222.57790161811045,220.46181236980377,222.12091208096655,36766600,-0.0012119956056799719
2024-09-16,214.90829467773438,215.80241517960704,212.52394807405793,215.126845002842,59357400,-0.02777525629031352
2024-09-17,215.37521362304688,215.48449636527135,213.10016491936787,214.34200737227792,45519300,0.0021726427358825795
2024-09-18,219.24977111816406,221.25659276615585,216.12031904206836,216.13026348358338,59894900,0.017989802215117034
2024-09-19,227.37637329101562,228.32018565098164,223.16405353373213,223.52170475455895,66781300,0.03706549900328859
2024-09-20,226.71075439453125,231.56884144729943,226.1345376792504,228.46920754640476,318679900,-0.002927388131186648
2024-09-23,224.99203491210938,227.95258288382507,224.336338501163,225.8563523524968,54146000,-0.007581111390202899
2024-09-24,225.8861541748047,227.8532433973514,224.2568575968381,227.15779954496355,43556100,0.003974004071053416
2024-09-25,224.89268493652344,225.80667911779153,222.5580303354434,223.46208007568333,42308700,-0.004398097094133746
2024-09-26,226.0352020263672,227.00880227293717,223.9389713421174,225.81663654010723,36636700,0.005080276800315753
2024-09-27,226.3034210205078,228.02214184296878,225.8166284941723,226.9690618971705,34026000,0.0011866248784970779
2024-09-30,231.4794158935547,231.4794158935547,228.15127230522148,228.53872651515564,54541900,0.022871925000982785
2024-10-01,224.73374938964844,228.15128705136544,222.2798675150603,228.02214574584622,63285000,-0.029141539336734024
2024-10-02,225.30001831054688,225.8861642954019,221.56456176324298,224.41582711263038,32880600,0.0025197324497827633
2024-10-03,224.197265625,225.3298253274289,221.8626109260752,223.67072564154154,34044200,-0.004894596519858574
2024-10-04,225.3199005126953,226.5120662505933,222.66732681912907,226.41271278943105,37245100,0.00500735316537293
2024-10-07,220.2432403564453,224.21713611955545,219.885589131397,223.0348997045567,39505400,-0.022530900043442714
2024-10-08,224.29660034179688,224.50522136577493,221.79304193960246,222.83619253711748,31855700,0.01840401539130787
2024-10-09,228.04197692871094,228.25061310366664,223.36272366501296,223.760107134481,33591100,0.016698320800255573
2024-10-10,227.54527282714844,228.00227752622936,225.68748134269669,226.29350107451606,28183500,-0.0021781257479528415
2024-10-11,226.06500244140625,227.91286461183438,225.85636623992795,227.80358186995707,31759200,-0.006505388432598402
2024-10-14,229.79052734375,230.21771386522883,227.1081507143634,227.20748901369805,39882100,0.016479883494170622
2024-10-15,232.3238983154297,235.9401430278398,230.85354589755886,232.08545910083197,64751400,0.01102469714902532
2024-10-16,230.26739501953125,230.60517253033711,228.34005309673006,230.0885769817669,34082200,-0.008851880115692157
2024-10-17,230.6349639892578,232.3238817771462,229.01561181125544,231.90660939150177,32993800,0.0015962701523390965
2024-10-18,233.4663848876953,234.63867690560429,232.4828401919167,234.63867690560429,46431500,0.012276633384040503
2024-10-21,234.9367218017578,235.30431748145634,232.9199708414818,232.9199708414818,36254500,0.006297852749850064
2024-10-22,234.32077026367188,234.67842149785605,231.0820505913223,232.36362533760988,38846600,-0.002621776337739523
2024-10-23,229.2540283203125,233.6054487889833,226.2736066643371,232.552368896012,52287000,-0.021623102116205772
2024-10-24,229.06529235839844,229.31366084202813,226.91938502162782,228.4791312160334,31109500,-0.0008232612674110573
2024-10-25,229.89981079101562,231.69799621804017,228.07182235817814,228.2407111108546,38802300,0.0036431465632580373
2024-10-28,231.87681579589844,233.19813797949908,231.032372026897,231.7973512193415,36087100,0.008599419886778259
2024-10-29,232.14505004882812,232.80074647701065,230.80386934668286,231.57877779482254,35417200,0.00115679634468413
2024-10-30,228.59835815429688,231.94636045913163,228.05194445904854,231.09197226998216,47070900,-0.01527791307109605
2024-10-31,224.43569946289062,228.330115454563,223.89921505082026,227.84330777090054,64370100,-0.018209486389209273
2024-11-01,221.4552764892578,223.87935529424118,218.83250593091054,219.5279346472888,65276700,-0.013279629670170268
2024-11-04,220.5611572265625,221.33606573362852,218.27617915451208,219.5478246614517,44944500,-0.004037471027422912
2024-11-05,221.9917449951172,222.4884819564664,219.6968226591573,220.35251908634842,28111300,0.006486127414924603
2024-11-06,221.2665252685547,224.5946691536601,219.74651129717958,221.15724252476647,54561100,-0.0032668770029193883
2024-11-07,225.9954376220703,226.39283627600352,223.1044401056504,223.16404611393824,42137700,0.02137201887079887
2024-11-08,225.7269287109375,227.4176895436531,225.17991383614745,225.9357792784742,38328800,-0.0011881165122538118
2024-11-11,223.01174926757812,224.47376393957063,220.29658566640109,223.77757009002366,42005600,-0.012028602253461695
2024-11-12,223.01174926757812,224.36436096493557,222.14648085284745,223.33001798502116,40398300,0.0
2024-11-13,223.89691162109375,225.4185978724207,221.54973296285615,222.79294167641658,48566200,0.003969128785468401
2024-11-14,226.98008728027344,227.62654977508777,223.77758025105393,223.79747584076947,44923900,0.013770514460679228
2024-11-15,223.77757263183594,225.68713943052106,223.0515429787679,225.16996034674554,47923700,-0.014109231725173532
2024-11-18,226.7811737060547,228.49183017609323,223.94665165924164,224.0262188410909,44633700,0.013422261395069857
2024-11-19,227.0397491455078,228.90953992555222,225.4285554930197,225.74680903538962,36211800,0.001140197994513814
2024-11-20,227.75584411621094,228.68078414631773,224.6627401240164,226.82094870348703,35169600,0.003154051100735522
2024-11-21,227.2784423828125,228.9095315645878,224.48371169719937,227.63648708983084,42108300,-0.0020961118923247257
2024-11-22,228.62110900878906,229.46649702017746,226.82094518602503,226.82094518602503,38168300,0.005907584599313065
2024-11-25,231.6048126220703,231.98275293866183,228.49182822914253,230.20248468460477,90152800,0.013050866677260853
2024-11-26,233.7829132080078,234.29015208323423,232.06231657216094,232.06231657216094,45986200,0.009404383964558116
2024-11-27,233.65362548828125,234.4095061449918,232.53971526898803,233.19613315216662,33498400,-0.0005530246755524049
2024-11-29,236.04058837890625,236.51797629056327,232.698842645531,233.5342752849028,28481400,0.010215817904116964
2024-12-02,238.2882843017578,239.4817615684827,235.8714939748314,235.98089694287458,48137100,0.009522497542852282
2024-12-03,241.33168029785156,241.441083276618,237.60205398884364,238.50711361537608,38861000,0.012771907796523152
2024-12-04,241.68971252441406,242.78374225546824,239.9392801306149,241.55047375645148,44383900,0.0014835691116914518
2024-12-05,241.71954345703125,243.21139387343032,240.81449907142343,242.66439419479377,40033900,0.00012342657163855186
2024-12-06,241.52064514160156,243.3009285590703,240.76477968960373,241.5902721155965,36870600,-0.0008228474726746926
2024-12-09,245.40940856933594,245.89675186527563,240.43657354260168,240.516140724136,44649200,0.01610116363118541
2024-12-10,246.4238739013672,246.861485816723,244.0070681600661,245.54865007065558,36914800,0.004133767070892969
2024-12-11,245.1508331298828,249.43741460876686,244.92207178593077,246.61284788068906,45205800,-0.005166061028623825
2024-12-12,246.61285400390625,247.388615093895,244.3452271532981,245.54865996903848,32777500,0.0059637605769378155
2024-12-13,246.7819061279297,247.9355922748061,244.90217516923994,246.47359279661413,33155300,0.00068549599616885
2024-12-16,249.67608642578125,250.01425073054844,246.3045049916291,246.6426692963963,51694800,0.011727684347941025
2024-12-17,252.1028289794922,252.45093348613432,248.42293425963442,248.72130738305802,51356400,0.009719563408938203
2024-12-18,246.70233154296875,252.89847930582897,246.39401822090946,250.79000225751088,56774100,-0.021421804183572868
2024-12-19,248.43287658691406,250.6308762664829,245.7475488049507,246.15532490458142,60882300,0.007014708913052559
2024-12-20,253.10736083984375,253.6145845456153,244.35516822034685,246.69239156062656,147495300,0.018815884262783245
2024-12-23,253.8831329345703,254.2610580907384,252.07301363460223,253.38584941381717,40858800,0.0030649922315670874
2024-12-24,256.7972106933594,256.80713572411884,253.90300191480816,254.10192745486222,23234700,0.011478028197879686
2024-12-26,257.6127014160156,258.6868506395932,256.2302692406472,256.7872242633273,27237100,0.0031756214191516197
2024-12-27,254.20138549804688,257.294504767908,251.68513210698922,256.4292059497028,42355300,-0.013242033095487216
2024-12-30,250.82980346679688,252.122743648892,249.38768429964367,250.8596392638085,35557500,-0.013263429011782124
2024-12-31,249.0594482421875,251.90391026277229,248.07482152033188,251.06847768562102,39480700,-0.0070579939071862
2025-01-02,242.52516174316406,247.74663833648884,240.50619200781614,247.57754859678104,55740700,-0.02623585069806078
2025-01-03,242.03781127929688,242.853348279154,240.57579666249651,242.03781127929688,40244100,-0.0020094841309014067
2025-01-06,243.66891479492188,245.98625772407811,241.87869116125097,242.98266113735735,45045600,0.006739044230336333
2025-01-07,240.89407348632812,244.215923537777,240.0387452815234,241.6598791297847,40856000,-0.011387752561417774
2025-01-08,241.38140869140625,242.38593107741448,238.74581220273618,240.6056476428208,37628900,0.002023026959630858
2025-01-10,235.56320190429688,238.85521627248303,231.73411285331812,238.70602211575698,61710900,-0.024103790008731196
2025-01-13,233.12648010253906,233.39501742033124,228.47191419887113,232.2612117379593,49630700,-0.010344237903285869
2025-01-14,232.0125732421875,234.83713969366363,231.2069764534674,233.47458784982285,39435300,-0.0047781224160448055
2025-01-15,236.57763671875,237.66172623332486,233.15632396556444,233.36518970349533,39832000,0.0196759314065158
2025-01-16,227.0198516845703,236.7168796666606,226.79110553013876,236.06047699847062,71759100,-0.040400205052104066
2025-01-17,228.7305145263672,231.0279618693864,227.2386640256131,230.85888730040747,68488300,0.007535300675703516
2025-01-21,221.43038940429688,223.20071739531107,218.1881065481907,222.783001089375,98070400,-0.03191583395502218
2025-01-22,222.6139373779297,222.9023551356524,218.59587812819439,218.59587812819439,64126500,0.005345011481110884
2025-01-23,222.44483947753906,225.7965251191765,221.09222786837518,223.5189735650416,60234800,-0.000759601588212977
2025-01-24,221.5696258544922,224.4041477572621,220.2070739772995,223.55875977197638,54697900,-0.003934519789726365
2025-01-27,228.61114501953125,230.88869651104676,222.76308687365625,222.80287804759197,94863400,0.03178016453240451
2025-01-28,236.96554565429688,238.88506799911696,229.55602398609923,229.5958151675683,75707600,0.03654415288481183
2025-01-29,238.05955505371094,238.55683854812662,232.73861559310797,232.84801856891494,45486100,0.004616744583662236
2025-01-30,236.29916381835938,239.48177510143526,235.9212386876704,237.37329797187644,55658300,-0.007394751430810587
2025-01-31,234.71778869628906,245.84699474947953,232.1716998572169,245.84699474947953,100959800,-0.006692258645848992
2025-02-03,226.77120971679688,230.5704628324937,224.47376244068877,228.7404632470789,73063300,-0.03385588720663435
2025-02-04,231.5352020263672,231.86341095944582,225.4186058340825,226.0153521080233,45067300,0.021007923869700296
2025-02-05,231.2069854736328,231.4058958330951,227.0298072213747,227.2883891710869,39620300,-0.0014175665292441852
2025-02-06,231.9529266357422,232.5297773409264,229.17807609142312,230.0334043541599,29925300,0.003226291630338496
2025-02-07,226.39328002929688,232.72866665415378,226.0252799376335,231.33627899238985,39707200,-0.02396885733274734
2025-02-10,226.662109375,229.58935370973873,226.21406518332185,228.57379092662126,33115600,0.0011874440163079925
2025-02-11,231.61053466796875,234.2092091135714,227.1400288616486,227.20971719471092,53718400,0.021831726999336443
2025-02-12,235.84210205078125,235.93172304376256,229.67896101319025,230.19670873650108,45243300,0.018270185287032614
2025-02-13,240.4818878173828,241.28837041996871,234.54775953627293,235.88194100703416,53614100,0.01967327176214928
2025-02-14,243.53855895996094,244.484433375407,239.94422402720738,240.2030902821229,40896200,0.012710608563166748
2025-02-18,243.40911865234375,244.11602908498713,240.7905267294893,243.0905000064508,48822500,-0.0005314982077990749
2025-02-19,243.80738830566406,244.94244069837237,242.10481731288857,243.59830810290342,32204200,0.0016362150092212868
2025-02-20,244.76321411132812,245.70908851524857,243.2298884862767,243.87707690453925,32316900,0.003920413619564744
2025-02-21,244.4844207763672,247.6107939080121,244.155851012499,244.88267886995578,53197400,-0.0011390328239199166
2025-02-24,246.0277099609375,247.7800669312537,243.3593319822528,243.86711335623195,51326400,0.006312423424239322
2025-02-25,245.9679718017578,248.91513366913293,243.84722519384715,246.92381259977986,48013300,-0.000242810694735085
2025-02-26,239.31695556640625,243.91690216055417,238.0922974197643,243.26972892021308,44433600,-0.0270401718834844
2025-02-27,236.27024841308594,241.40786042901627,236.0312844149354,238.37109275336516,41153600,-0.01273084535990976
2025-02-28,240.79054260253906,241.03945773883657,229.20105446423008,235.9217631442628,56833400,0.0191318806316656
2025-03-03,236.99708557128906,242.9710490242999,235.08541908943457,240.74076386584895,47184000,-0.015754177843735673
2025-03-04,234.90615844726562,239.02820722093006,233.66158290717058,236.6784479935277,53798100,-0.008822585809370564
2025-03-05,234.71701049804688,235.5234930679701,228.235250954078,234.39839184729655,47227600,-0.0008052064299591821
2025-03-06,234.30877685546875,236.82779659290307,232.14819548977783,233.42263965762712,45170400,-0.0017392588705518186
2025-03-07,238.0325469970703,240.32255383879036,233.7412377693079,234.08972499786833,46273600,0.0158925764180764
2025-03-10,226.4928436279297,235.13518456664028,223.24699590534985,234.5178647329352,72071200,-0.0484795189343693
2025-03-11,219.88165283203125,224.8599551431671,216.50636447278404,222.8387656202518,76137400,-0.029189402587743385
2025-03-12,216.03842163085938,220.78772670269151,213.97741219492326,219.18471261137486,62547500,-0.017478635218863614
2025-03-13,208.7700958251953,215.89902897504837,207.51556900756947,215.01289169752292,61368300,-0.03364367204127838
2025-03-14,212.5635528564453,213.02154815111564,208.67051688888432,210.3332680009786,60107600,0.01817050002422893
2025-03-17,213.07135009765625,214.28605714072168,209.0588394397278,212.3843419118567,48073400,0.002388919616684637
2025-03-18,211.7670135498047,214.21632963340127,210.57222410469132,213.23063555765447,42432400,-0.006121595171071803
2025-03-19,214.30596923828125,217.8106832228152,212.8224296395377,213.29039128502816,54385400,0.01198938232124358
2025-03-20,213.17091369628906,216.5462020975973,211.29906714235267,213.0613904363763,48862900,-0.005296425228035306
2025-03-21,217.32281494140625,217.89033350890864,210.36314278996363,210.64192650603025,94127800,0.019476865643276886
2025-03-24,219.7721405029297,220.5188858867363,217.63147647971348,220.04097309502072,44299500,0.011270448352069362
2025-03-25,222.77903747558594,223.12752472855482,219.1249652538438,219.81197343150768,34493600,0.013681884181385495
2025-03-26,220.56866455078125,224.04352508950674,219.51326687455483,222.5400680439697,34466100,-0.009921817374971442
2025-03-27,222.87860107421875,224.0136533961419,219.6028696378956,220.4292696466093,37094800,0.010472641379690062
2025-03-28,216.9544219970703,222.8387793372666,216.73537546649092,220.7080664246457,39818600,-0.026580295499861295
2025-03-31,221.1660614013672,224.6409066608951,215.29165561007284,216.0682695484103,65299300,0.019412553869742055
2025-04-01,222.22146606445312,222.70932997882656,217.95007407622174,218.85612876373423,36412700,0.004772000986040137
2025-04-02,222.91842651367188,224.21278818927524,220.06088576879955,220.3595869543347,35905900,0.003136332693514765
2025-04-03,202.30825805664062,206.58960121618028,200.37667426890133,204.64805110026137,103419000,-0.09245610055374764
2025-04-04,187.56253051757812,199.01262630823254,186.52703508606032,193.0486144227304,125910900,-0.07288742279088833
2025-04-07,180.6725616455078,193.30748067285785,173.86223225537526,176.43103817745248,160466300,-0.03673424992218577
2025-04-08,171.67178344726562,189.5140179775097,168.47572171547168,185.88981432593783,120859500,-0.04981818000622773
2025-04-09,197.98709106445312,199.7394480269994,171.14407803694525,171.20381523449285,184395900,0.1532884850891707
2025-04-10,189.59365844726562,193.9347385570105,182.205859833413,188.24952597387417,121880000,-0.042393837760135056
2025-04-11,197.2901153564453,198.67408279715283,185.2525839628914,185.2924188893916,87435900,0.040594484922186425
2025-04-14,201.6411590576172,212.01593914767514,200.28706023476008,210.52244846919626,101352900,0.02205403800038752
2025-04-15,201.2628173828125,202.62686743682656,198.93297540670014,200.98403365195668,51343900,-0.0018763117439558608
2025-04-16,193.42698669433594,199.82907698305957,191.53522246149657,197.49923485324123,59732400,-0.03893332504420033
2025-04-17,196.1251983642578,197.9671763411939,193.5763099497932,196.34424488667963,52164700,0.013949509921207248
2025-04-21,192.32179260253906,192.9590147372882,188.98632373298676,192.43131586910098,46742500,-0.01939274398924906
2025-04-22,198.8732452392578,200.715208155226,195.1196006832811,195.26894368988752,52976400,0.034065056008802275
2025-04-23,203.71214294433594,207.09738254349836,201.9199510184256,205.10606155750318,52929200,0.02433156707055595
2025-04-24,207.4657745361328,207.92378505310097,202.0593452871763,204.00088023313933,47311000,0.018426155346186412
2025-04-25,208.371826171875,208.8397878176709,205.30519003897632,205.47445049920006,38222300,0.004367234247518725
2025-04-28,209.2281036376953,210.5822025692478,206.55974070372147,209.08871177088434,38743100,0.004109372565147096
2025-04-29,210.29345703125,211.31898611202763,207.46576971677675,207.78438836336602,36827600,0.005091827412437189
2025-04-30,211.57785034179688,212.65316547487808,205.7731479657814,208.39173986928208,52286500,0.006107623740076784
2025-05-01,212.39431762695312,213.62892699621815,207.99348458901505,208.17271138967982,57365700,0.003858944988037516
2025-05-02,204.45889282226562,206.0917754590827,201.2827333487594,205.19567188008233,101010600,-0.03736175662959673
2025-05-05,198.02691650390625,203.21431440062256,197.34987465543003,202.21865389928206,69018500,-0.03145853051229541
2025-05-06,197.64854431152344,199.77925700053618,196.165020010421,197.3498583398735,51216500,-0.0019107109228524433
2025-05-07,195.39837646484375,198.574535944944,192.41139491378883,198.30570335142838,68536700,-0.011384692229926552
2025-05-08,196.6330108642578,199.18189948520052,193.8351919089676,196.86200854076802,50478900,0.006318549937574414
2025-05-09,197.66847229003906,199.6697443694255,196.6827629534363,198.1364339272832,36453900,0.005265959267114484
2025-05-12,210.15048217773438,210.62903686932515,206.12274573806786,210.32994399020487,63775800,0.06314618483710666
2025-05-13,212.2840118408203,212.7525871854542,208.36594186281494,209.7915962682986,51909300,0.0101523900443945
2025-05-14,211.68582153320312,213.29093762104833,209.94113079478424,211.78550901932945,49325800,-0.002817877344742037
2025-05-15,210.8084716796875,212.31390017581901,208.90426284202815,210.3099886465303,45029500,-0.004144584871868751
2025-05-16,210.6190643310547,211.92510277199543,209.1335944967917,211.71573318604425,54737900,-0.0008984807257680361
2025-05-19,208.14659118652344,208.84446444770495,203.64029993754312,207.27923550566183,46140500,-0.011739075721298287
2025-05-20,206.232421875,207.83753801206538,204.40797196423648,207.03996203611737,42496600,-0.009196255872420789
2025-05-21,201.4768829345703,206.41186226922272,200.10108001028593,204.5475404614086,59211800,-0.023059123765283074
2025-05-22,200.7490997314453,202.1348820380274,199.09413231135568,200.1010778345708,46742400,-0.003612241724830323
2025-05-23,194.67758178710938,197.10020219746903,192.8730755135501,193.0824298832746,78432900,-0.030244309700308447
2025-05-27,199.60260009765625,200.1309909415137,196.83102019804124,197.6983910952664,56288500,0.02529833309688767
2025-05-28,199.81195068359375,202.11494001836002,199.2935240345892,199.98143310081724,45339700,0.0010488369682313259
2025-05-29,199.3433837890625,203.19167383577107,197.90775006205254,202.9623758748587,51396800,-0.0023450393879255182
2025-05-30,200.24066162109375,201.3472946799051,196.18300200128658,198.7651407343476,70819900,0.004501166855784389
2025-06-02,201.08807373046875,201.51677709467234,199.51286535414474,199.67238359256916,35423300,0.004231968185255619
2025-06-03,202.6533203125,203.1518034040851,200.35033086337637,200.73914706631285,46381600,0.007783885702387527
2025-06-04,202.20468139648438,205.6143037964219,201.48686455307688,202.29440469878628,43604000,-0.002213824650510565
2025-06-05,200.02133178710938,204.12882762641604,199.54277706238673,202.88261988754903,55126100,-0.010797720380636866
2025-06-06,203.30133056640625,205.07592905349443,201.4370087789868,202.3841235560851,46607700,0.01639824487714092
2025-06-09,200.83883666992188,205.37503589356555,199.4131823149893,203.76991971327615,72862600,-0.012112532119803454
2025-06-10,202.05511474609375,203.73002568042446,199.96149509379936,199.9914028593682,54672600,0.006055990446562909
2025-06-11,198.17694091796875,203.8795888248368,197.8080682902945,202.88262262031438,60989900,-0.019193643442277586
2025-06-12,198.5956573486328,199.07419684911244,196.7612432530472,198.47602627663701,43904600,0.002112841326163073
2025-06-13,195.85398864746094,199.76209396079906,195.1062640673262,199.12403626091725,51447300,-0.013805280225029803
2025-06-16,197.8180389404297,198.08722408394675,195.96368113091867,196.7014416228738,43020700,0.010028135278388639
2025-06-17,195.0464630126953,197.7881200100286,194.61777485692886,196.60172782081946,38856200,-0.014010734018898074
2025-06-18,195.9835968017578,196.97059871241268,194.4781834746436,195.34553910938874,45394700,0.004804669485349855
2025-06-20,200.39019775390625,201.08807102199273,196.2627584683704,197.63857663438114,96813500,0.02248453964545738
2025-06-23,200.888671875,201.686247808318,198.3563846401482,201.01828233775666,55814300,0.0024875174867879934
2025-06-24,199.6923065185547,202.82277936444737,199.59260382672892,201.9753521214132,54064000,-0.0059553649555199595
2025-06-25,200.94850158691406,203.05210084338043,200.01135094007643,200.83883469818846,39525700,0.006290653306879612
2025-06-26,200.39019775390625,202.025221644493,198.85487656411598,200.81888589983927,50799100,-0.0027783428520183895
2025-06-27,200.46995544433594,202.60346239871808,199.39323017588663,201.2774955925489,73188600,0.00039801193533239854
2025-06-30,204.54754638671875,206.7608124915243,198.6554726965608,201.39712965217615,91912800,0.020340159867571872
2025-07-01,207.18951416015625,209.55231908550664,205.51460310500556,206.04299395149746,78788900,0.012916154801693835
2025-07-02,211.79550170898438,212.6927652029137,207.50854401160626,208.27621224418834,67941800,0.022230794678478327
2025-07-03,212.90213012695312,213.9987837940836,211.16740350258758,211.5063683517463,34955800,0.005224985464938214
2025-07-07,209.3130340576172,215.57398008038285,208.16652910348648,212.03474730839852,50229000,-0.01685796223455238
2025-07-08,209.3728485107422,210.78853856973336,207.81758380403343,209.46258702266434,42848900,0.00028576554438819457
2025-07-09,210.49942016601562,210.68884615759353,206.5913149088396,208.89430414855983,48749400,0.005380696032397214
2025-07-10,211.7655792236328,212.83232507172787,209.39279496736208,209.87133445003573,44443600,0.006015023968325428
2025-07-11,210.51937866210938,211.48643705736623,209.2233196075129,209.931172276849,39765800,-0.00588481171535149
2025-07-14,207.98707580566406,210.27013683517245,206.91035052542594,209.29309904361602,38840100,-0.012028834934525112
2025-07-15,208.4755859375,211.24715053377864,208.28615994072268,208.5852528191871,42296300,0.0023487523440752778
2025-07-16,209.52239990234375,211.75559423754484,208.00700716596054,209.6619745482938,47490500,0.0050212784395655685
2025-07-17,209.38284301757812,211.1574416148312,208.95413964633332,209.93117746335784,48068100,-0.0006660714311723659
2025-07-18,210.53929138183594,211.1474413046512,209.06378582955284,210.23023432823226,48974600,0.005523128579167924
2025-07-21,211.83535766601562,215.12534891613055,210.98794558852114,211.45652088357517,51377400,0.00615593543453663
2025-07-22,213.74952697753906,214.29786137817433,211.58611235366487,212.49335516085276,46404100,0.009036118108957769
2025-07-23,213.5002899169922,214.4972560435483,211.76557859278188,214.3477172095632,46989300,-0.0011660239162684105
2025-07-24,213.11148071289062,215.03563331063384,212.8821827557749,213.25105536667797,46022600,-0.0018211179209767225
2025-07-25,213.2311248779297,214.58699944946258,212.7525701732737,214.04862920984866,40268800,0.0005614158591495944
2025-07-28,213.40060424804688,214.19818019857897,212.41360229785764,213.3806606658472,37858000,0.0007948153451529105
2025-07-29,210.62904357910156,214.1582970701604,210.18041185237743,213.53020352524888,51411700,-0.012987595225943172
2025-07-30,208.415771484375,211.74563469104578,207.0898047125579,211.25711581327238,45512500,-0.010507915039244642
2025-07-31,206.9402618408203,209.2033639475293,206.5315020865265,207.85746883247032,80698400,-0.007079644851470834
2025-08-01,201.76602172851562,212.93203997684435,200.88868661623732,210.23025491744008,104434500,-0.02500354482147482
2025-08-04,202.7330780029297,207.24933356384108,201.06813110178,203.8895472057539,75109300,0.004792959023176335
2025-08-05,202.30438232421875,204.71703873665678,201.5466934780596,202.78292184745098,44155100,-0.0021145818084247203
2025-08-06,212.60302734375,214.72657006985978,204.96626313259566,205.00615029681612,108483100,0.05090668279753996
2025-08-07,219.3624725341797,220.1799921230299,215.92294217468134,218.21596748517925,90224800,0.03179373913382988
2025-08-08,228.65420532226562,230.29919347638386,218.58484056145957,220.16004899168945,113854000,0.042357895955235314
2025-08-11,226.74781799316406,229.12329528601256,224.3324234952035,227.4864157407103,61806100,-0.008337425180589553
2025-08-12,229.21310424804688,230.36092560837628,226.63802588155738,227.57622481823222,55626200,0.010872370357086103
2025-08-13,232.88612365722656,234.55294488479396,229.99163136972763,230.6304284784954,69878500,0.016024473911425474
2025-08-14,232.33717346191406,234.67271834509882,230.41085227691244,233.61473725595164,51916300,-0.002357161460252888
2025-08-15,231.1494140625,233.834298979768,228.9036945156081,233.5548328767578,56038700,-0.005112222817020617
2025-08-18,230.45074462890625,232.67649791960375,229.6722297518056,231.2592012143754,37476200,-0.0030225879499951036
2025-08-19,230.1213836669922,232.42698672077375,228.9136940815642,230.84001516813981,39402600,-0.0014292032878627792
2025-08-20,225.5800323486328,230.0315543310328,225.3404986724704,229.54248102593337,42263900,-0.019734590701623533
2025-08-21,224.47213745117188,226.08906587116957,223.3542730460458,225.8395414786139,30621200,-0.004911316333835347
2025-08-22,227.3267059326172,228.65417758009713,224.98118568943215,225.73973438952316,42477800,0.012716805363276906
2025-08-25,226.7278594970703,228.86378779922748,225.79962078901826,226.0491451945495,30983100,-0.002634298654397349
2025-08-26,228.87376403808594,229.0534295301293,224.26255788237486,226.43840339540802,54575100,0.009464670754514737
2025-08-27,230.05152893066406,230.46073738560713,227.82576024347395,228.17510050695543,31259500,0.005145914812595631
2025-08-28,232.11758422851562,232.9659733126178,228.90370861616245,230.3809040856524,38074700,0.008980837064874514
2025-08-29,231.69837951660156,232.9360260407387,230.92984008944924,232.0676707602769,39418400,-0.0018060015285242814
2025-09-02,229.28298950195312,230.4108447009183,226.53822101083426,228.81388239599917,44075600,-0.010424716908628007
2025-09-03,238.01634216308594,238.395624134605,233.9141603097862,236.75874463665696,66427800,0.03808984120498149
2025-09-04,239.3238525390625,239.4436193831587,236.28964239378743,237.9963808412042,47549400,0.005493363876168944
2025-09-05,239.2340087890625,240.86091270031892,238.03629475202086,239.54341659874092,54870400,-0.00037540658420298634
2025-09-08,237.42745971679688,239.69313028194867,235.89038089866295,238.84475646782593,48999500,-0.007551389041256629
2025-09-09,233.9041748046875,238.3257397896772,232.9160527142261,236.54912730927947,66313900,-0.014839416284502027
2025-09-10,226.35855102539062,231.97784546194652,225.52015268533836,231.7482872752143,83440800,-0.03225946602106422
2025-09-11,229.59239196777344,230.01159113632517,226.21881717306923,226.44839058875493,50208600,0.014286365271970913
2025-09-12,233.62472534179688,234.0638755168574,228.58432913969838,228.78394562468256,55824200,0.01756300955560164
2025-09-15,236.24969482421875,237.7368657054393,234.58287368836292,236.54912714503797,42699500,0.01123583763910907
2025-09-16,237.6969451904297,240.76111223381088,235.87043992435724,236.72878926810645,63421100,0.006125935389198034
2025-09-17,238.5353546142578,239.6432435766681,237.27774187166392,238.5153883976145,46508000,0.003527220020250743
2025-09-18,237.42745971679688,240.74113579799257,236.199788714976,239.5134800259323,44249600,-0.004644573125239804
2025-09-19,245.032958984375,245.83144010441063,239.7530294205925,240.77107799962133,163741300,0.03203293872010393
2025-09-22,255.5928192138672,256.15178189089505,247.64797087114997,247.82763635806887,105517400,0.04309567281585802
2025-09-23,253.9459686279297,256.8504363399061,253.0975947938589,255.39322235208516,60275200,-0.006443258425658294
2025-09-24,251.8300018310547,255.2534845023776,250.56241362070242,254.73446948849343,42303700,-0.008332350414175016
2025-09-25,256.3813171386719,256.6807646844572,251.2311452680336,252.72829161839874,55202100,0.018072966979806315
2025-09-26,254.97401428222656,257.10994249251326,253.2972024297037,253.61660096533106,46076300,-0.005489100657377954
2025-09-29,253.9459686279297,254.5148915782133,252.52867184357527,254.0757261912774,40127700,-0.004031962461707783
2025-09-30,254.14559936523438,255.4331385813304,252.6284867333586,254.37515755125318,37704300,0.0007861150085717306
2025-10-01,254.9640350341797,258.29769267334166,254.44502000530687,254.55481135314994,48713900,0.0032203416899190263
2025-10-02,256.6408386230469,257.68882891050583,253.66649683440303,256.09186667190835,42630200,0.00657662791005964
2025-10-03,257.5291442871094,258.7468246365968,253.46689477740222,254.18552630266564,49155600,0.003461279462880995
2025-10-06,256.2016906738281,258.5771679771474,254.56481112131073,257.49920544747016,44664100,-0.005154576259537191
2025-10-07,255.99208068847656,256.91031341337026,254.94405994391948,256.3214394907812,31955800,-0.0008181444267610916
2025-10-08,257.5690612792969,258.0281776413904,255.62275879770374,256.03198246417537,36496900,0.006160270999708617
2025-10-09,253.55670166015625,257.50917476461467,252.65841993311406,257.3195337882977,38322000,-0.015577801150541859
2025-10-10,244.80340576171875,255.8922708493858,243.53581752909898,254.45500785015722,61999100,-0.034522045132806656
2025-10-13,247.18885803222656,249.2149949644775,245.09284695690994,248.90558714178317,38142900,0.009744359001401026
2025-10-14,247.29864501953125,248.37659224814226,244.23447809703134,246.13087266264282,35478000,0.0004441421356069508
2025-10-15,248.8656463623047,251.3409393203658,246.99920876557604,249.01537013681215,33893600,0.006336473629484196
2025-10-16,246.979248046875,248.56621957555782,244.66366953460536,247.7777291727393,39777000,-0.007579986804138628
2025-10-17,251.81002807617188,252.89796599708643,246.79958926324147,247.5481624372989,49147000,0.019559457191237417
2025-10-20,261.7411193847656,263.87706298772724,255.14370850365398,255.4032084113237,90483000,0.0394388237214669
2025-10-21,262.2701110839844,264.7853366806196,261.33189684706855,261.38182000576944,46695900,0.002021049273656983
2025-10-22,257.9583435058594,262.349966966352,254.94406918261987,262.15033525743416,45015300,-0.016440179021178225
2025-10-23,259.0861511230469,260.12418111371363,257.51916110368444,259.4454820834593,32754900,0.004372053262009956
2025-10-24,262.32000732421875,263.6275126875418,258.68691759501684,260.69310343226954,38253700,0.012481779466614773
2025-10-27,268.2986145019531,268.60802232244004,264.1465248140549,264.37609822840903,44888200,0.02279127405766279
2025-10-28,268.4882507324219,269.3765722048576,267.63986169210665,268.4782600095115,41534800,0.0007068103233436318
2025-10-29,269.1869201660156,270.8936584399069,266.6018207191691,268.76770579477784,51086700,0.0026022346664624774
2025-10-30,270.8836669921875,273.6184749716116,267.969239224885,271.4725408872279,69886500,0.006303229091240592
2025-10-31,269.85565185546875,276.79244258078194,268.647962249571,276.4630533049319,86167100,-0.003795042898427692
2025-11-03,268.53814697265625,270.33474092754267,265.74348587775046,269.90556627002525,50194600,-0.004882257880291285
2025-11-04,269.5262756347656,270.9734988318123,267.11086611942017,267.8195068636227,49274800,0.003679658451690937
2025-11-05,269.6260986328125,271.18312844251227,266.4221834255846,268.0989800730272,43683100,0.0003703646251622672
2025-11-06,269.25677490234375,272.8798740142925,267.38037702601645,267.38037702601645,51204000,-0.0013697625428008564
2025-11-07,267.9592590332031,271.7719991063764,266.26248096015127,269.28671541495146,48227400,-0.0048188791892468386
2025-11-10,269.1781311035156,273.4741297822401,267.20997142836535,268.7085692371889,41312400,0.004548721603090611
2025-11-11,274.99267578125,275.65206242273547,269.5477586519058,269.55775905965567,46208300,0.02160110352909128
2025-11-12,273.21435546875,275.4722525277038,271.4460210796085,274.74292397164845,48398000,-0.0064667915516215535
2025-11-13,272.6948547363281,276.4413491841305,271.83564282199285,273.85374352181776,49602800,-0.0019014401037990014
2025-11-14,272.15533447265625,275.70200347225597,269.3479639093673,270.7965900477885,47431300,-0.00197847614027602
2025-11-17,267.2099609375,270.2371271729127,265.48159771217263,268.5687054184609,45018300,-0.01817114312581336
2025-11-18,267.19000244140625,270.4569347049811,265.0719890725528,269.7376065335732,45677300,-7.469218596389826e-05
2025-11-19,268.3089294433594,271.9555110777923,265.2517925781922,265.2817633125939,40424500,0.004187757744410714
2025-11-20,266.0010986328125,275.17250947675234,265.67142054546326,270.5768036466949,45823600,-0.00860139398019577
2025-11-21,271.2361755371094,273.0744516711978,265.4216397990326,265.70137680880595,59030800,0.01968065895668869
2025-11-24,275.6620788574219,276.7410558404627,270.64675212306133,270.64675212306133,65585800,0.016317525903571717
2025-11-25,276.7110900878906,280.1179060838009,274.9926967216935,275.012667049666,46914200,0.0038054245067611348
2025-11-26,277.29052734375,279.26868736786383,276.3714044558947,276.70108254872224,33431400,0.002094015298321983
2025-11-28,278.5893249511719,278.73917862681736,275.73198274965245,277.0008150112318,20135600,0.0046838874009274
2025-12-01,282.8353576660156,283.1550658399818,275.88187257202503,277.75011957449965,46587700,0.01524118957389331
2025-12-02,285.9224548339844,287.1313151163589,282.36578537497866,282.7354345985028,53669500,0.010914820528252767
2025-12-03,283.8843688964844,288.35019153510143,283.0351573834178,285.9324708384744,43538700,-0.007128107299873898
2025-12-04,280.4375915527344,284.46382276925783,278.32954829392816,283.83440686502166,43989100,-0.012141483369261685
2025-12-05,278.5193786621094,280.8771882481053,277.79005013345267,280.27774306596746,47265800,-0.006840070477014848
2025-12-08,277.6302185058594,279.4085531850005,275.8918244790692,277.86998437615557,38211800,-0.0031924534677664207
2025-12-09,276.9208679199219,279.7682096639769,276.6611317163261,277.8999627322321,32193300,-0.0025550193698475887
2025-12-10,278.5193786621094,279.48847306800184,276.1815698919154,277.490342786908,33038300,0.005772445948890148
2025-12-11,277.77008056640625,279.3286197507982,273.5540244422053,278.83908758708685,33248000,-0.0026902907054526803
2025-12-12,278.0198669433594,278.9589906850317,276.5612402656973,277.64021728323,39532900,0.0008992558753764257
2025-12-15,273.8537292480469,279.8880911943856,272.5849275039148,279.8880911943856,50409100,-0.014985035929685031
2025-12-16,274.353271484375,275.2424541197232,271.53593087885605,272.5649667835892,37648600,0.0018241206270945831
2025-12-17,271.58587646484375,275.90184538512057,271.38608172110213,274.75292651919426,50138700,-0.010086976563313366
2025-12-18,271.935546875,273.374203136776,266.7004552212896,273.35420232069225,51630700,0.0012875132341483297
2025-12-19,273.4141845703125,274.34330788170604,269.64768928264715,271.8955859651445,144632000,0.005437456457254575
2025-12-22,270.7166748046875,273.62395794129594,270.25711338978425,272.6048920133635,36571800,-0.0098660198257976
2025-12-23,272.1053771972656,272.2452609569047,269.30800689497966,270.5868091030317,29642000,0.005129726100470355
2025-12-24,273.55401611328125,275.17249671786806,271.9455359163183,272.085389177814,17910600,0.0053238158353827725
2025-12-26,273.1444091796875,275.1125687682936,272.6049054553,273.9037084592662,21521800,-0.0014973530252399003
2025-12-29,273.50408935546875,274.10350406329195,272.0954038139857,272.4350823114352,23715200,0.0013168132449112857
2025-12-30,272.82470703125,273.82377221524894,272.02546707967076,272.5549704076282,22139600,-0.002483993295382736
2025-12-31,271.6058349609375,273.42414083736213,271.49595243002375,272.80472532736104,27293600,-0.004467601499789753
